dateTime,depth_m,do_mgl,cond_uscm,temp_C,turb_NTU,pH,bgalgae_RFU,chla_RFU,flag_gen,flag_do,flag_cond,flag_temp,flag_turb,flag_pH,flag_bga,flag_chla
2026-05-26T18:29:39Z,6.11,7.74,67.74,10.65,3.29,7.58,0.27,1.66,,,,,,,,
2026-05-26T18:31:13Z,5.39,7.85,67.17,10.788,3.1,7.89,0.29,1.68,,,,,,,,
2026-05-26T18:32:46Z,4.88,8.11,66.86,11.018,3.02,7.97,0.28,1.49,,,,,,,,
2026-05-26T18:34:19Z,4.4,8.25,65.97,11.206,3.09,7.99,0.25,1.45,,,,,,,,
2026-05-26T18:35:52Z,3.88,8.31,66.96,11.45,2.75,8.07,0.23,1.35,,,,,,,,
2026-05-26T18:37:25Z,3.41,8.38,67.01,11.62,2.73,8.12,0.25,1.24,,,,,,,,
2026-05-26T18:38:58Z,2.93,8.43,66.86,12.247,2.75,8.2,0.23,0.84,,,,,,,,
2026-05-26T18:40:31Z,2.41,8.47,67.18,12.351,2.99,8.27,0.29,1.4,,,,,,,,
2026-05-26T18:42:04Z,1.91,8.55,66.88,12.477,3.04,8.28,0.36,1.49,,,,,,,,
2026-05-26T18:43:37Z,1.4,8.49,66.91,12.715,3.2,8.27,0.42,1.8,,,,,,,,
2026-05-26T18:45:10Z,0.93,8.47,67.46,12.881,3.48,8.24,0.46,7.22,,,,,,,,
2026-05-26T19:01:55Z,6.1,7.8,67.62,10.717,3.2,7.62,0.31,1.84,,,,,,,,
2026-05-26T19:03:28Z,5.4,7.92,67.3,10.786,3.21,7.77,0.33,1.62,,,,,,,,
2026-05-26T19:05:00Z,4.9,8.11,66.94,10.963,3.02,7.83,0.28,1.56,,,,,,,,
2026-05-26T19:06:32Z,4.41,8.28,66.44,11.187,3.01,7.93,0.28,1.44,,,,,,,,
2026-05-26T19:08:04Z,3.9,8.33,67.05,11.477,2.71,8.03,0.25,1.3,,,,,,,,
2026-05-26T19:09:36Z,3.43,8.44,66.98,11.874,2.78,8.11,0.27,1.26,,,,,,,,
2026-05-26T19:11:08Z,2.9,8.5,66.87,12.245,2.76,8.23,0.24,2.14,,,,,,,,
2026-05-26T19:12:40Z,2.42,8.55,66.87,12.374,2.96,8.27,0.27,1.69,,,,,,,,
2026-05-26T19:14:12Z,1.9,8.45,66.78,12.791,2.89,8.22,0.32,3.95,,,,,,,,
2026-05-26T19:15:44Z,1.41,8.41,66.78,13.123,2.56,8.18,0.19,0.82,,,,,,,,
2026-05-26T19:17:16Z,0.93,8.34,66.75,13.287,2.49,8.15,0.2,0.87,,,,,,,,
2026-05-26T23:02:03Z,6.12,7.77,67.44,10.76,3.26,7.48,0.34,1.94,,,,,,,,
2026-05-26T23:03:37Z,5.42,8,67.33,10.872,3.16,7.74,0.31,1.89,,,,,,,,
2026-05-26T23:05:09Z,4.91,8.16,67.34,10.992,2.84,7.81,0.28,1.58,,,,,,,,
2026-05-26T23:06:41Z,4.43,8.27,66.96,11.199,2.87,7.89,0.29,1.61,,,,,,,,
2026-05-26T23:08:14Z,3.9,8.33,67.08,11.476,2.79,7.94,0.28,1.61,,,,,,,,
2026-05-26T23:09:46Z,3.42,8.23,66.83,12.099,2.78,8.01,0.27,1.45,,,,,,,,
2026-05-26T23:11:18Z,2.92,8.5,66.73,12.287,2.71,8.23,0.22,1.09,,,,,,,,
2026-05-26T23:12:50Z,2.44,8.62,66.36,13.195,2.7,8.55,0.26,0.95,,,,,,,,
2026-05-26T23:14:22Z,1.95,8.43,66.85,13.672,2.5,8.26,0.23,1.08,,,,,,,,
2026-05-26T23:15:55Z,1.42,8.4,66.83,13.701,2.56,8.25,0.21,1.01,,,,,,,,
2026-05-26T23:17:27Z,0.92,8.38,66.78,13.716,2.49,8.25,0.21,0.74,,,,,,,,
2026-05-27T03:02:05Z,6.07,8.2,68.06,11.141,2.83,7.87,0.27,1.22,,,,,,,,
2026-05-27T03:03:38Z,5.44,8.21,68.12,11.113,2.79,7.78,0.28,1.67,,,,,,,,
2026-05-27T03:05:11Z,4.92,8.29,68.04,11.224,2.73,7.83,0.27,1.45,,,,,,,,
2026-05-27T03:06:43Z,4.46,8.27,67.94,11.28,2.9,7.85,0.29,1.54,,,,,,,,
2026-05-27T03:08:16Z,3.95,8.3,67.64,11.523,2.76,7.9,0.27,1.42,,,,,,,,
2026-05-27T03:09:49Z,3.45,8.42,67.31,11.99,2.8,8.03,0.27,1.36,,,,,,,,
2026-05-27T03:11:22Z,2.96,8.46,67.18,12.534,2.7,8.17,0.26,1.26,,,,,,,,
2026-05-27T03:12:55Z,2.46,8.47,66.83,12.823,2.68,8.21,0.3,1.69,,,,,,,,
2026-05-27T03:14:28Z,1.96,8.46,66.73,13.196,2.71,8.28,0.28,1.37,,,,,,,,
2026-05-27T03:16:01Z,1.47,8.55,66.69,13.318,2.58,8.34,0.23,0.98,,,,,,,,
2026-05-27T03:17:34Z,0.96,8.52,66.71,13.332,2.58,8.35,0.25,1.17,,,,,,,,
2026-05-27T07:02:07Z,6.04,8.02,68.14,10.833,3.09,7.78,0.31,1.78,,,,,,,,
2026-05-27T07:03:40Z,5.46,8.05,68.25,10.826,3.01,7.74,0.29,1.76,,,,,,,,
2026-05-27T07:05:13Z,4.97,8.03,68.26,10.836,3,7.74,0.31,1.82,,,,,,,,
2026-05-27T07:06:46Z,4.46,8.12,67.9,10.983,2.92,7.77,0.29,1.42,,,,,,,,
2026-05-27T07:08:19Z,3.97,8.27,67.98,11.379,2.78,7.88,0.25,1.13,,,,,,,,
2026-05-27T07:09:52Z,3.48,8.34,67.3,12.078,2.73,8.05,0.26,1.11,,,,,,,,
2026-05-27T07:11:25Z,2.96,8.44,66.97,12.738,2.76,8.22,0.24,1.41,,,,,,,,
2026-05-27T07:12:58Z,2.48,8.41,66.88,12.957,2.66,8.25,0.26,0.97,,,,,,,,
2026-05-27T07:14:31Z,1.97,8.45,66.62,13.13,2.77,8.29,0.26,5.24,,,,,,,,
2026-05-27T07:16:04Z,1.45,8.42,66.58,13.123,2.76,8.3,0.27,1.53,,,,,,,,
2026-05-27T07:17:37Z,0.99,8.44,66.59,13.105,2.77,8.3,0.26,3.02,,,,,,,,
2026-05-27T11:02:07Z,6.02,8.07,68,10.97,2.83,7.82,0.26,1.29,,,,,,,,
2026-05-27T11:03:40Z,5.46,8.15,68.05,11.089,2.88,7.81,0.28,1.36,,,,,,,,
2026-05-27T11:05:13Z,4.96,8.21,68.09,11.164,2.87,7.87,0.26,1.25,,,,,,,,
2026-05-27T11:06:46Z,4.48,8.25,67.74,11.397,2.9,7.92,0.26,1.32,,,,,,,,
2026-05-27T11:08:19Z,3.97,8.35,67.14,12.293,2.7,8.14,0.24,1.28,,,,,,,,
2026-05-27T11:09:52Z,3.49,8.41,67.04,12.393,2.71,8.19,0.23,1.15,,,,,,,,
2026-05-27T11:11:25Z,2.99,8.35,66.77,12.634,2.88,8.22,0.3,2.07,,,,,,,,
2026-05-27T11:12:58Z,2.49,8.35,66.74,12.667,2.81,8.22,0.29,5.66,,,,,,,,
2026-05-27T11:14:31Z,2,8.34,66.72,12.675,2.8,8.22,0.28,1.95,,,,,,,,
2026-05-27T11:16:04Z,1.48,8.32,66.72,12.676,2.89,8.21,0.27,1.73,,,,,,,,
2026-05-27T11:17:37Z,0.99,8.35,66.73,12.676,2.79,8.22,0.26,1.02,,,,,,,,
2026-05-27T15:02:05Z,6.07,8.08,67.74,10.994,3.03,7.82,0.24,1.35,,,,,,,,
2026-05-27T15:03:38Z,5.46,8.13,67.85,10.926,3.15,7.78,0.29,1.47,,,,,,,,
2026-05-27T15:05:11Z,4.94,8.11,67.81,10.967,3.01,7.81,0.27,1.47,,,,,,,,
2026-05-27T15:06:43Z,4.47,8.24,67.7,11.325,2.95,7.89,0.26,1.38,,,,,,,,
2026-05-27T15:08:16Z,3.95,8.41,66.83,12.152,2.83,8.12,0.24,1.09,,,,,,,,
2026-05-27T15:09:49Z,3.47,8.3,66.33,12.394,2.79,8.2,0.25,1.14,,,,,,,,
2026-05-27T15:11:22Z,2.96,8.34,66.31,12.41,2.79,8.21,0.24,1.18,,,,,,,,
2026-05-27T15:12:55Z,2.45,8.33,66.33,12.423,2.85,8.22,0.23,4.53,,,,,,,,
2026-05-27T15:14:28Z,1.96,8.36,66.36,12.432,2.84,8.23,0.27,1.16,,,,,,,,
2026-05-27T15:16:01Z,1.45,8.37,66.37,12.435,2.82,8.23,0.26,1.22,,,,,,,,
2026-05-27T15:17:34Z,0.96,8.37,66.38,12.44,2.78,8.23,0.26,1.74,,,,,,,,
2026-05-27T19:02:02Z,6.14,8.01,67.87,10.828,3.06,7.79,0.25,1.59,,,,,,,,
2026-05-27T19:03:36Z,5.41,8.05,67.99,10.793,3.06,7.76,0.26,1.49,,,,,,,,
2026-05-27T19:05:08Z,4.92,8.07,67.98,10.839,2.96,7.75,0.27,1.39,,,,,,,,
2026-05-27T19:06:40Z,4.42,8.13,68.3,11.013,2.84,7.79,0.27,1.32,,,,,,,,
2026-05-27T19:08:12Z,3.91,8.28,67.01,11.877,2.78,8,0.25,1.24,,,,,,,,
2026-05-27T19:09:44Z,3.42,8.37,66.7,12.572,2.77,8.23,0.29,0.99,,,,,,,,
2026-05-27T19:11:16Z,2.9,8.34,66.69,12.782,2.9,8.23,0.35,1.35,,,,,,,,
2026-05-27T19:12:48Z,2.41,8.34,66.5,13.186,2.67,8.27,0.22,1.49,,,,,,,,
2026-05-27T19:14:20Z,1.92,8.31,66.52,13.235,2.79,8.27,0.26,0.98,,,,,,,,
2026-05-27T19:15:52Z,1.41,8.34,66.56,13.275,2.66,8.27,0.24,0.99,,,,,,,,
2026-05-27T19:17:24Z,0.92,8.31,66.59,13.302,2.64,8.27,0.26,0.91,,,,,,,,
2026-05-27T23:02:03Z,6.12,8,67.95,10.816,2.98,7.77,0.28,1.53,,,,,,,,
2026-05-27T23:03:36Z,5.42,8.06,67.8,10.9,2.96,7.7,0.31,1.61,,,,,,,,
2026-05-27T23:05:08Z,4.88,8.07,67.73,10.972,2.98,7.76,0.29,1.74,,,,,,,,
2026-05-27T23:06:40Z,4.4,8.07,67.46,11.197,2.91,7.79,0.29,1.74,,,,,,,,
2026-05-27T23:08:12Z,3.93,8.21,66.61,12.021,2.83,8.03,0.31,1.8,,,,,,,,
2026-05-27T23:09:44Z,3.44,8.28,66.55,12.153,2.86,8.11,0.29,1.44,,,,,,,,
2026-05-27T23:11:17Z,2.9,8.33,66.57,12.411,2.79,8.2,0.27,1.4,,,,,,,,
2026-05-27T23:12:49Z,2.44,8.4,66.51,12.597,2.76,8.28,0.25,1.61,,,,,,,,
2026-05-27T23:14:21Z,1.94,8.42,66.57,12.888,2.73,8.35,0.26,1.1,,,,,,,,
2026-05-27T23:15:53Z,1.43,8.43,66.62,13.128,2.72,8.35,0.27,1,,,,,,,,
2026-05-27T23:17:25Z,0.92,8.44,66.63,13.23,2.82,8.36,0.26,1.34,,,,,,,,
2026-05-28T03:02:05Z,6.11,7.96,67.91,10.809,3.18,7.78,0.31,1.75,,,,,,,,
2026-05-28T03:03:38Z,5.44,8,67.93,10.801,3.07,7.74,0.3,1.65,,,,,,,,
2026-05-28T03:05:10Z,4.93,8.03,67.9,10.862,3.09,7.71,0.3,1.69,,,,,,,,
2026-05-28T03:06:43Z,4.44,8.23,65.81,11.204,3.27,7.81,0.28,1.45,,,,,,,,
2026-05-28T03:08:15Z,3.94,8.2,66.69,12.171,2.85,8.02,0.29,1.42,,,,,,,,
2026-05-28T03:09:48Z,3.44,8.4,66.48,12.6,2.81,8.29,0.23,1.3,,,,,,,,
2026-05-28T03:11:21Z,2.96,8.45,66.66,12.885,2.67,8.35,0.26,1.27,,,,,,,,
2026-05-28T03:12:54Z,2.43,8.46,66.77,13.092,2.79,8.39,0.27,1.66,,,,,,,,
2026-05-28T03:14:27Z,1.92,8.49,66.79,13.261,2.7,8.41,0.3,3.48,,,,,,,,
2026-05-28T03:15:59Z,1.44,8.45,66.79,13.279,2.8,8.42,0.32,2.76,,,,,,,,
2026-05-28T03:17:32Z,0.96,8.48,66.79,13.28,2.67,8.41,0.33,3.02,,,,,,,,
2026-05-28T07:02:06Z,6.04,7.96,67.63,10.921,3.22,7.79,0.33,1.87,,,,,,,,
2026-05-28T07:03:39Z,5.47,8,67.63,10.96,3.18,7.72,0.32,1.73,,,,,,,,
2026-05-28T07:05:12Z,4.95,8.13,67.4,11.283,3.08,7.78,0.34,1.72,,,,,,,,
2026-05-28T07:06:45Z,4.48,8.21,66.81,12.067,2.72,8,0.3,1.56,,,,,,,,
2026-05-28T07:08:18Z,3.96,8.2,66.62,12.328,2.76,8.09,0.3,1.58,,,,,,,,
2026-05-28T07:09:51Z,3.47,8.25,66.61,12.429,2.7,8.16,0.31,1.41,,,,,,,,
2026-05-28T07:11:24Z,2.96,8.28,66.73,12.486,2.66,8.19,0.28,1.2,,,,,,,,
2026-05-28T07:12:57Z,2.47,8.32,66.68,12.675,2.68,8.26,0.29,1.34,,,,,,,,
2026-05-28T07:14:30Z,1.96,8.32,66.79,12.817,2.75,8.26,0.3,1.55,,,,,,,,
2026-05-28T07:16:03Z,1.46,8.34,66.74,12.962,2.67,8.3,0.38,1.48,,,,,,,,
2026-05-28T07:17:36Z,0.98,8.36,66.71,12.979,2.73,8.31,0.29,1.24,,,,,,,,
2026-05-28T11:02:07Z,6.02,7.92,68.04,10.85,3.11,7.77,0.33,1.81,,,,,,,,
2026-05-28T11:03:40Z,5.46,7.94,67.87,10.914,3.21,7.7,0.3,1.66,,,,,,,,
2026-05-28T11:05:13Z,4.97,8.02,67.3,11.144,3.05,7.74,0.3,1.58,,,,,,,,
2026-05-28T11:06:46Z,4.47,8.1,66.28,11.614,2.99,7.86,0.29,1.48,,,,,,,,
2026-05-28T11:08:19Z,3.97,8.19,66.77,12.432,2.78,8.12,0.27,1.24,,,,,,,,
2026-05-28T11:09:52Z,3.47,8.21,66.68,12.503,2.73,8.15,0.27,1.37,,,,,,,,
2026-05-28T11:11:25Z,2.97,8.29,66.62,12.784,2.6,8.27,0.27,1.47,,,,,,,,
2026-05-28T11:12:58Z,2.47,8.3,66.58,12.796,2.63,8.28,0.3,2.44,,,,,,,,
2026-05-28T11:14:31Z,1.98,8.31,66.58,12.808,2.65,8.3,0.27,1.1,,,,,,,,
2026-05-28T11:16:04Z,1.49,8.32,66.56,12.811,2.82,8.3,0.29,1.1,,,,,,,,
2026-05-28T11:17:37Z,1,8.33,66.56,12.809,2.64,8.3,0.24,1.26,,,,,,,,
2026-05-28T15:02:04Z,6.11,7.9,67.57,10.988,3.25,7.74,0.33,1.78,,,,,,,,
2026-05-28T15:03:38Z,5.43,7.9,67.8,10.878,3.04,7.68,0.33,1.71,,,,,,,,
2026-05-28T15:05:10Z,4.92,7.97,66.19,10.996,3.29,7.68,0.32,1.57,,,,,,,,
2026-05-28T15:06:42Z,4.44,8.16,63.33,11.599,3.53,7.89,0.27,1.42,,,,,,,,
2026-05-28T15:08:14Z,3.94,8.27,64.97,12.032,3.09,8.05,0.29,1.53,,,,,,,,
2026-05-28T15:09:47Z,3.42,8.29,66.1,12.598,2.96,8.24,0.3,1.77,,,,,,,,
2026-05-28T15:11:19Z,2.94,8.29,66.03,12.639,2.74,8.25,0.26,7.98,,,,,,,,
2026-05-28T15:12:52Z,2.44,8.3,66.04,12.661,2.76,8.27,0.29,0.99,,,,,,,,
2026-05-28T15:14:25Z,1.93,8.3,66.06,12.676,2.86,8.28,0.3,1.01,,,,,,,,
2026-05-28T15:15:57Z,1.44,8.31,66.09,12.683,2.85,8.29,0.28,1.01,,,,,,,,
2026-05-28T15:17:29Z,0.96,8.31,66.07,12.698,2.8,8.29,0.24,2.86,,,,,,,,
2026-05-28T19:02:02Z,6.14,7.68,67.77,10.864,3.27,7.69,0.29,1.73,,,,,,,,
2026-05-28T19:03:36Z,5.4,7.86,67.68,10.803,3.17,7.65,0.27,1.53,,,,,,,,
2026-05-28T19:05:08Z,4.88,7.96,67.91,10.912,3.03,7.66,0.26,1.53,,,,,,,,
2026-05-28T19:06:40Z,4.42,8.06,67.14,11.105,3.2,7.71,0.28,1.49,,,,,,,,
2026-05-28T19:08:12Z,3.9,8.17,65.04,11.712,3.21,7.85,0.27,1.46,,,,,,,,
2026-05-28T19:09:44Z,3.41,8.35,66.39,12.406,2.68,8.18,0.25,1.19,,,,,,,,
2026-05-28T19:11:16Z,2.9,8.42,66.28,12.677,2.7,8.34,0.26,1.14,,,,,,,,
2026-05-28T19:12:48Z,2.43,8.43,66.36,12.76,2.86,8.37,0.22,1.12,,,,,,,,
2026-05-28T19:14:20Z,1.9,8.41,66.33,13.334,2.92,8.38,0.22,1.36,,,,,,,,
2026-05-28T19:15:52Z,1.41,8.4,66.43,13.703,2.78,8.36,0.23,1,,,,,,,,
2026-05-28T19:17:24Z,0.91,8.39,66.34,13.796,2.67,8.36,0.19,0.78,,,,,,,,
2026-05-28T23:01:58Z,6.07,7.73,67.97,10.841,3.21,7.7,0.31,1.86,,,,,,,,
2026-05-28T23:03:31Z,5.4,7.86,68.1,10.845,3.18,7.64,0.31,1.74,,,,,,,,
2026-05-28T23:05:03Z,4.88,7.95,67.56,10.977,3.09,7.68,0.33,1.7,,,,,,,,
2026-05-28T23:06:35Z,4.4,8.09,66.29,11.19,3.18,7.76,0.3,1.58,,,,,,,,
2026-05-28T23:08:07Z,3.91,8.2,64.9,11.769,3.23,7.91,0.29,1.45,,,,,,,,
2026-05-28T23:09:39Z,3.39,8.37,66.26,12.604,2.76,8.28,0.27,1.27,,,,,,,,
2026-05-28T23:11:11Z,2.89,8.44,66.32,12.711,2.74,8.36,0.26,1.14,,,,,,,,
2026-05-28T23:12:43Z,2.4,8.5,66.31,12.84,2.67,8.44,0.25,1.02,,,,,,,,
2026-05-28T23:14:15Z,1.93,8.57,66.36,13.038,2.69,8.48,0.28,1.02,,,,,,,,
2026-05-28T23:15:47Z,1.41,8.53,66.29,13.882,2.73,8.47,0.26,0.91,,,,,,,,
2026-05-28T23:17:19Z,0.9,8.52,66.41,14.153,2.81,8.46,0.31,1.03,,,,,,,,
2026-05-29T03:01:59Z,6.09,7.69,68.02,10.78,3.51,7.7,0.39,2.3,,,,,,,,
2026-05-29T03:03:32Z,5.43,7.87,67.9,10.937,3.19,7.66,0.35,2.09,,,,,,,,
2026-05-29T03:05:04Z,4.93,7.99,67.68,11.167,3.12,7.69,0.32,1.88,,,,,,,,
2026-05-29T03:06:36Z,4.42,8.21,66.89,11.912,2.89,7.94,0.34,1.97,,,,,,,,
2026-05-29T03:08:08Z,3.92,8.4,66.05,12.39,2.91,8.19,0.29,1.39,,,,,,,,
2026-05-29T03:09:40Z,3.42,8.42,66.28,12.687,2.68,8.32,0.26,1.24,,,,,,,,
2026-05-29T03:11:12Z,2.93,8.49,66.38,12.761,2.78,8.41,0.24,1.18,,,,,,,,
2026-05-29T03:12:44Z,2.43,8.53,66.41,12.9,2.58,8.45,0.23,1.1,,,,,,,,
2026-05-29T03:14:16Z,1.92,8.63,66.51,13.17,2.61,8.52,0.25,1.09,,,,,,,,
2026-05-29T03:15:49Z,1.43,8.57,66.42,14.027,2.89,8.52,0.3,1.85,,,,,,,,
2026-05-29T03:17:22Z,0.93,8.48,66.44,14.39,2.63,8.49,0.23,1.08,,,,,,,,
2026-05-29T07:02:02Z,6.02,7.74,67.83,10.954,3.27,7.69,0.34,1.97,,,,,,,,
2026-05-29T07:03:35Z,5.46,7.84,67.59,11.088,3.21,7.68,0.34,1.89,,,,,,,,
2026-05-29T07:05:08Z,4.97,7.95,67.34,11.241,3.22,7.73,0.36,1.94,,,,,,,,
2026-05-29T07:06:41Z,4.47,8.02,67.07,11.455,3,7.8,0.32,1.73,,,,,,,,
2026-05-29T07:08:14Z,3.96,8.34,66.66,12.246,2.92,8.15,0.29,1.51,,,,,,,,
2026-05-29T07:09:47Z,3.47,8.55,66.3,12.64,2.83,8.43,0.28,1.27,,,,,,,,
2026-05-29T07:11:20Z,2.96,8.53,66.43,13.377,2.72,8.52,0.24,1.07,,,,,,,,
2026-05-29T07:12:53Z,2.47,8.47,66.4,13.494,2.64,8.49,0.26,1.05,,,,,,,,
2026-05-29T07:14:26Z,1.95,8.43,66.5,13.758,2.63,8.45,0.24,1.13,,,,,,,,
2026-05-29T07:15:59Z,1.46,8.41,66.43,13.823,2.65,8.44,0.25,1.17,,,,,,,,
2026-05-29T07:17:32Z,0.97,8.41,66.49,13.876,2.64,8.43,0.24,0.92,,,,,,,,
2026-05-29T11:02:05Z,6.07,7.88,67.11,11.322,3.14,7.79,0.33,1.94,,,,,,,,
2026-05-29T11:03:38Z,5.47,7.93,67.05,11.285,3.12,7.74,0.35,1.82,,,,,,,,
2026-05-29T11:05:11Z,4.95,8.01,66.53,11.496,2.98,7.78,0.37,1.77,,,,,,,,
2026-05-29T11:06:44Z,4.48,8.23,66.19,12.339,2.82,8.02,0.31,3.87,,,,,,,,
2026-05-29T11:08:17Z,3.96,8.3,66.27,12.542,2.86,8.17,0.28,1.38,,,,,,,,
2026-05-29T11:09:50Z,3.46,8.3,66.27,12.578,2.71,8.19,0.32,4.17,,,,,,,,
2026-05-29T11:11:23Z,2.98,8.33,66.33,12.666,2.79,8.23,0.3,1.99,,,,,,,,
2026-05-29T11:12:56Z,2.48,8.35,66.5,12.951,2.64,8.3,0.32,1.58,,,,,,,,
2026-05-29T11:14:29Z,1.98,8.39,66.41,13.207,2.71,8.39,0.28,0.98,,,,,,,,
2026-05-29T11:16:02Z,1.47,8.39,66.39,13.257,2.59,8.4,0.27,1.11,,,,,,,,
2026-05-29T11:17:35Z,0.98,8.39,66.38,13.289,2.59,8.41,0.28,1.01,,,,,,,,
2026-05-29T15:02:01Z,6.04,7.66,67.07,11.189,3.13,7.72,0.34,1.96,,,,,,,,
2026-05-29T15:03:34Z,5.44,7.75,66.95,11.057,3.21,7.62,0.34,1.82,,,,,,,,
2026-05-29T15:05:07Z,4.91,7.91,66.18,11.312,3.25,7.66,0.32,1.85,,,,,,,,
2026-05-29T15:06:39Z,4.46,8.18,65.98,12.225,2.82,7.93,0.35,1.61,,,,,,,,
2026-05-29T15:08:12Z,3.92,8.29,66.42,12.733,2.73,8.16,0.29,1.22,,,,,,,,
2026-05-29T15:09:44Z,3.43,8.32,66.43,12.861,2.77,8.25,0.27,1.56,,,,,,,,
2026-05-29T15:11:17Z,2.92,8.37,66.43,12.991,2.59,8.33,0.29,1.15,,,,,,,,
2026-05-29T15:12:49Z,2.44,8.41,66.41,13.007,2.48,8.36,0.28,1.19,,,,,,,,
2026-05-29T15:14:22Z,1.94,8.4,66.41,13.017,2.59,8.37,0.27,1.07,,,,,,,,
2026-05-29T15:15:54Z,1.45,8.42,66.4,13.056,2.53,8.38,0.27,0.89,,,,,,,,
2026-05-29T15:17:27Z,0.94,8.41,66.41,13.084,2.62,8.37,0.25,1,,,,,,,,
2026-05-29T19:01:58Z,6.06,7.54,67.51,10.892,3.37,7.65,0.34,2.1,,,,,,,,
2026-05-29T19:03:31Z,5.4,7.69,67.19,10.934,3.26,7.61,0.3,1.82,,,,,,,,
2026-05-29T19:05:03Z,4.88,7.84,66.57,11.136,3.23,7.65,0.3,1.74,,,,,,,,
2026-05-29T19:06:35Z,4.41,8.1,66.03,11.754,3,7.85,0.32,1.72,,,,,,,,
2026-05-29T19:08:07Z,3.9,8.02,66.53,12.582,2.91,7.97,0.29,1.23,,,,,,,,
2026-05-29T19:09:39Z,3.41,8.44,66.43,12.981,2.67,8.43,0.28,1.23,,,,,,,,
2026-05-29T19:11:11Z,2.92,8.5,66.42,13.076,2.65,8.48,0.27,1.18,,,,,,,,
2026-05-29T19:12:43Z,2.41,8.5,66.43,13.142,2.71,8.48,0.25,1.02,,,,,,,,
2026-05-29T19:14:15Z,1.92,8.49,66.47,13.3,2.66,8.48,0.26,2.41,,,,,,,,
2026-05-29T19:15:47Z,1.39,8.49,66.53,13.499,2.77,8.48,0.22,0.91,,,,,,,,
2026-05-29T19:17:19Z,0.91,8.37,66.71,14.088,2.52,8.39,0.21,0.88,,,,,,,,
2026-05-29T23:01:59Z,6.1,7.61,67.22,10.88,3.38,7.62,0.31,1.83,,,,,,,,
2026-05-29T23:03:32Z,5.41,7.74,66.88,11.057,3.3,7.51,0.3,1.7,,,,,,,,
2026-05-29T23:05:04Z,4.92,7.88,66.45,11.267,3.2,7.54,0.31,1.55,,,,,,,,
2026-05-29T23:06:36Z,4.43,7.91,66.21,11.299,3.22,7.57,0.31,1.59,,,,,,,,
2026-05-29T23:08:08Z,3.92,7.99,66,11.486,3.19,7.63,0.29,1.52,,,,,,,,
2026-05-29T23:09:40Z,3.4,8.2,66.01,11.988,2.97,7.78,0.31,1.42,,,,,,,,
2026-05-29T23:11:12Z,2.91,8.43,66.52,12.975,2.72,8.28,0.25,1.12,,,,,,,,
2026-05-29T23:12:44Z,2.42,8.45,66.5,13.153,2.75,8.32,0.26,1.04,,,,,,,,
2026-05-29T23:14:16Z,1.92,8.44,66.61,13.606,2.73,8.35,0.26,3.41,,,,,,,,
2026-05-29T23:15:48Z,1.41,8.44,66.6,13.705,2.65,8.37,0.25,1.04,,,,,,,,
2026-05-29T23:17:20Z,0.93,8.46,66.63,13.565,2.71,8.38,0.26,1.05,,,,,,,,
2026-05-30T03:02:00Z,6.06,7.91,63.97,11.362,3.69,7.74,0.3,1.73,,,,,,,,
2026-05-30T03:03:33Z,5.44,7.94,63.96,11.42,3.64,7.72,0.3,1.58,,,,,,,,
2026-05-30T03:05:05Z,4.92,7.98,64.01,11.551,3.61,7.74,0.3,1.75,,,,,,,,
2026-05-30T03:06:37Z,4.44,8.23,64.89,12.392,3.15,8.01,0.26,1.34,,,,,,,,
2026-05-30T03:08:09Z,3.94,8.39,66.01,13.263,2.79,8.34,0.27,1.22,,,,,,,,
2026-05-30T03:09:41Z,3.44,8.39,66.09,13.466,2.76,8.38,0.29,1.42,,,,,,,,
2026-05-30T03:11:14Z,2.91,8.41,66.32,13.664,2.79,8.42,0.32,1.4,,,,,,,,
2026-05-30T03:12:46Z,2.44,8.42,66.44,13.793,2.69,8.45,0.3,1.12,,,,,,,,
2026-05-30T03:14:19Z,1.94,8.43,66.45,13.8,2.72,8.46,0.29,1.33,,,,,,,,
2026-05-30T03:15:52Z,1.44,8.44,66.51,13.808,2.72,8.47,0.29,2.07,,,,,,,,
2026-05-30T03:17:25Z,0.96,8.44,66.5,13.803,2.63,8.47,0.28,1.9,,,,,,,,
2026-05-30T07:02:06Z,6.1,7.65,64.62,11.168,3.57,7.66,0.36,2.08,,,,,,,,
2026-05-30T07:03:39Z,5.49,7.89,64.03,11.412,3.51,7.7,0.36,1.83,,,,,,,,
2026-05-30T07:05:12Z,4.98,7.94,64.04,11.495,3.41,7.73,0.34,1.72,,,,,,,,
2026-05-30T07:06:45Z,4.47,8.18,65.16,11.845,3.28,7.9,0.32,1.66,,,,,,,,
2026-05-30T07:08:18Z,3.96,8.27,65.14,12.213,3.17,8.02,0.28,1.43,,,,,,,,
2026-05-30T07:09:51Z,3.48,8.4,65.8,13.058,2.99,8.3,0.27,1.26,,,,,,,,
2026-05-30T07:11:24Z,2.96,8.35,66.61,13.682,2.68,8.41,0.31,1.17,,,,,,,,
2026-05-30T07:12:57Z,2.48,8.35,66.51,13.754,2.7,8.42,0.28,1.44,,,,,,,,
2026-05-30T07:14:30Z,1.98,8.36,66.53,13.752,2.83,8.43,0.29,1.22,,,,,,,,
2026-05-30T07:16:03Z,1.46,8.35,66.49,13.772,2.79,8.41,0.31,1.14,,,,,,,,
2026-05-30T07:17:36Z,0.98,8.34,66.5,13.779,2.65,8.41,0.34,5.56,,,,,,,,
2026-05-30T11:02:06Z,6.07,7.66,65.14,11.342,3.67,7.66,0.37,2.27,,,,,,,,
2026-05-30T11:03:40Z,5.48,7.7,65.64,11.374,3.36,7.64,0.35,1.86,,,,,,,,
2026-05-30T11:05:13Z,4.96,7.83,65.38,11.531,3.35,7.69,0.31,1.85,,,,,,,,
2026-05-30T11:06:46Z,4.49,8.15,65.62,11.97,3.19,7.9,0.35,1.68,,,,,,,,
2026-05-30T11:08:19Z,3.98,8.05,65.56,12.159,3.25,7.88,0.3,1.51,,,,,,,,
2026-05-30T11:09:52Z,3.46,8.09,65.23,12.369,3.26,7.91,0.3,1.59,,,,,,,,
2026-05-30T11:11:25Z,2.96,8.22,66.56,13.523,2.83,8.31,0.34,1.33,,,,,,,,
2026-05-30T11:12:58Z,2.47,8.21,66.46,13.613,2.71,8.33,0.33,1.31,,,,,,,,
2026-05-30T11:14:31Z,1.99,8.24,66.39,13.634,2.69,8.33,0.3,0.88,,,,,,,,
2026-05-30T11:16:04Z,1.48,8.23,66.37,13.638,2.78,8.33,0.3,1.07,,,,,,,,
2026-05-30T11:17:37Z,0.98,8.24,66.36,13.642,2.7,8.33,0.31,1.11,,,,,,,,
2026-05-30T15:02:01Z,6.02,7.67,66.08,11.506,3.59,7.71,0.41,2.31,,,,,,,,
2026-05-30T15:03:34Z,5.46,7.67,66.45,11.488,3.33,7.66,0.41,2.3,,,,,,,,
2026-05-30T15:05:07Z,4.94,7.71,66.63,11.557,3.28,7.66,0.34,1.72,,,,,,,,
2026-05-30T15:06:39Z,4.45,7.77,66.68,11.736,3.17,7.69,0.29,1.71,,,,,,,,
2026-05-30T15:08:12Z,3.94,7.99,66.3,12.689,3.06,7.94,0.33,1.36,,,,,,,,
2026-05-30T15:09:44Z,3.45,8.14,66.4,13.432,2.79,8.24,0.3,1.54,,,,,,,,
2026-05-30T15:11:17Z,2.94,8.17,66.35,13.465,2.82,8.28,0.31,1.13,,,,,,,,
2026-05-30T15:12:50Z,2.46,8.17,66.33,13.474,2.89,8.29,0.3,1.14,,,,,,,,
2026-05-30T15:14:23Z,1.95,8.2,66.33,13.477,2.73,8.29,0.28,1.71,,,,,,,,
2026-05-30T15:15:56Z,1.44,8.2,66.34,13.48,2.82,8.29,0.28,4.66,,,,,,,,
2026-05-30T15:17:29Z,0.97,8.21,66.35,13.46,2.74,8.3,0.25,1.24,,,,,,,,
2026-05-30T19:01:58Z,6.06,7.6,66.5,11.54,3.41,7.7,0.37,2.22,,,,,,,,
2026-05-30T19:03:31Z,5.38,7.7,67.06,11.609,3.19,7.66,0.36,2.01,,,,,,,,
2026-05-30T19:05:03Z,4.91,7.73,67.04,11.661,3.12,7.67,0.35,1.86,,,,,,,,
2026-05-30T19:06:35Z,4.43,8.14,66.48,13.258,2.69,8.21,0.29,1.28,,,,,,,,
2026-05-30T19:08:07Z,3.88,8.29,66.38,13.498,2.7,8.38,0.29,1.28,,,,,,,,
2026-05-30T19:09:39Z,3.39,8.33,66.34,13.615,2.78,8.42,0.32,1.5,,,,,,,,
2026-05-30T19:11:11Z,2.9,8.3,66.39,13.815,2.7,8.38,0.31,3.37,,,,,,,,
2026-05-30T19:12:43Z,2.42,8.28,66.4,13.907,2.64,8.37,0.29,2.48,,,,,,,,
2026-05-30T19:14:15Z,1.92,8.27,66.41,13.95,2.64,8.37,0.26,0.96,,,,,,,,
2026-05-30T19:15:47Z,1.4,8.25,66.37,14.007,2.54,8.36,0.2,0.89,,,,,,,,
2026-05-30T19:17:19Z,0.93,8.25,66.37,13.994,2.64,8.37,0.25,0.93,,,,,,,,
2026-05-30T23:01:58Z,6.05,7.72,66.96,11.693,3.49,7.71,0.41,2.45,,,,,,,,
2026-05-30T23:03:31Z,5.42,7.72,67.1,11.712,3.41,7.67,0.4,2.28,,,,,,,,
2026-05-30T23:05:03Z,4.9,7.77,67.09,11.758,3.36,7.62,0.42,2.14,,,,,,,,
2026-05-30T23:06:35Z,4.43,7.97,66.73,12.184,3.1,7.8,0.35,1.86,,,,,,,,
2026-05-30T23:08:07Z,3.89,8.29,66.34,14.633,2.53,8.33,0.27,0.96,,,,,,,,
2026-05-30T23:09:39Z,3.4,8.26,66.32,14.74,2.56,8.3,0.24,1.07,,,,,,,,
2026-05-30T23:11:11Z,2.92,8.25,66.37,14.867,2.58,8.3,0.28,0.98,,,,,,,,
2026-05-30T23:12:43Z,2.42,8.25,66.32,14.917,2.55,8.31,0.2,1.5,,,,,,,,
2026-05-30T23:14:15Z,1.94,8.25,66.29,14.946,2.58,8.31,0.24,0.97,,,,,,,,
2026-05-30T23:15:47Z,1.42,8.23,66.29,15.026,2.52,8.31,0.2,0.85,,,,,,,,
2026-05-30T23:17:19Z,0.95,8.23,66.32,15.051,2.49,8.34,0.23,0.94,,,,,,,,
2026-05-31T03:02:03Z,6.16,7.75,66.89,11.987,3.47,7.75,0.45,2.8,,,,,,,,
2026-05-31T03:03:37Z,5.45,7.91,66.73,12.524,3.16,7.72,0.36,1.94,,,,,,,,
2026-05-31T03:05:10Z,4.92,8.2,66.39,14.042,2.8,8.23,0.28,1.42,,,,,,,,
2026-05-31T03:06:42Z,4.43,8.26,66.15,14.157,2.76,8.3,0.32,1.29,,,,,,,,
2026-05-31T03:08:15Z,3.92,8.28,66.06,14.213,2.76,8.32,0.28,1.56,,,,,,,,
2026-05-31T03:09:47Z,3.43,8.28,66.11,14.257,2.77,8.31,0.29,3.05,,,,,,,,
2026-05-31T03:11:19Z,2.94,8.29,66.23,14.298,2.8,8.31,0.26,1.65,,,,,,,,
2026-05-31T03:12:52Z,2.44,8.29,66.27,14.329,2.72,8.31,0.3,1.21,,,,,,,,
2026-05-31T03:14:24Z,1.97,8.29,66.28,14.347,2.84,8.31,0.27,1.25,,,,,,,,
2026-05-31T03:15:57Z,1.45,8.3,66.33,14.478,2.65,8.33,0.27,2.48,,,,,,,,
2026-05-31T03:17:30Z,0.96,8.25,66.51,15.104,2.56,8.34,0.23,1.1,,,,,,,,
2026-05-31T07:02:05Z,6.09,7.73,66.38,12.608,3.27,7.85,0.46,2.67,,,,,,,,
2026-05-31T07:03:39Z,5.47,7.94,66,13.041,3.29,7.96,0.41,5.41,,,,,,,,
2026-05-31T07:05:12Z,4.98,8.06,65.74,13.379,3.04,8.13,0.37,1.44,,,,,,,,
2026-05-31T07:06:45Z,4.47,8.13,65.63,13.552,2.88,8.23,0.34,1.28,,,,,,,,
2026-05-31T07:08:18Z,3.96,8.2,65.4,13.69,2.92,8.32,0.32,2.69,,,,,,,,
2026-05-31T07:09:51Z,3.48,8.22,65.21,13.8,2.92,8.34,0.29,1.59,,,,,,,,
2026-05-31T07:11:24Z,2.96,8.21,65.12,13.843,2.75,8.35,0.28,1.24,,,,,,,,
2026-05-31T07:12:57Z,2.49,8.21,65.17,13.862,2.83,8.35,0.26,1.13,,,,,,,,
2026-05-31T07:14:30Z,2,8.21,65.55,14.047,2.74,8.38,0.31,1.18,,,,,,,,
2026-05-31T07:16:03Z,1.47,8.21,65.45,14.043,2.79,8.38,0.29,1.25,,,,,,,,
2026-05-31T07:17:36Z,0.98,8.22,65.59,14.08,2.74,8.38,0.33,8.81,,,,,,,,
2026-05-31T11:02:07Z,6.1,8.06,66.07,13.273,3.08,8.17,0.4,1.85,,,,,,,,
2026-05-31T11:03:41Z,5.5,8.09,65.97,13.405,2.93,8.23,0.38,1.93,,,,,,,,
2026-05-31T11:05:14Z,4.96,8.11,65.96,13.414,2.96,8.26,0.33,1.83,,,,,,,,
2026-05-31T11:06:47Z,4.5,8.13,65.94,13.422,2.93,8.28,0.32,2.28,,,,,,,,
2026-05-31T11:08:20Z,3.99,8.16,65.85,13.438,2.94,8.3,0.35,1.76,,,,,,,,
2026-05-31T11:09:53Z,3.48,8.16,65.61,13.486,2.99,8.3,0.36,1.37,,,,,,,,
2026-05-31T11:11:26Z,3,8.14,65.21,13.576,2.97,8.28,0.32,1.49,,,,,,,,
2026-05-31T11:12:59Z,2.5,8.12,65.16,13.589,2.89,8.26,0.31,1.71,,,,,,,,
2026-05-31T11:14:32Z,1.99,8.13,65.13,13.587,2.93,8.26,0.31,1.37,,,,,,,,
2026-05-31T11:16:05Z,1.49,8.12,65.14,13.555,2.78,8.26,0.32,1.94,,,,,,,,
2026-05-31T11:17:38Z,1.01,8.14,65.13,13.557,2.81,8.26,0.32,1.9,,,,,,,,
2026-05-31T15:02:01Z,6.01,8.04,64.86,13.321,3.03,8.18,0.33,1.44,,,,,,,,
2026-05-31T15:03:34Z,5.46,8.05,64.54,13.346,2.97,8.18,0.3,1.33,,,,,,,,
2026-05-31T15:05:07Z,4.92,8.05,64.29,13.36,2.92,8.17,0.33,1.14,,,,,,,,
2026-05-31T15:06:39Z,4.45,8.05,64.28,13.366,2.85,8.17,0.34,2.64,,,,,,,,
2026-05-31T15:08:12Z,3.93,8.05,64.24,13.366,2.93,8.17,0.32,1.52,,,,,,,,
2026-05-31T15:09:45Z,3.44,8.06,64.28,13.383,2.9,8.17,0.31,1.51,,,,,,,,
2026-05-31T15:11:18Z,2.95,8.07,64.27,13.378,2.97,8.18,0.37,1.16,,,,,,,,
2026-05-31T15:12:51Z,2.46,8.07,64.26,13.382,2.93,8.18,0.3,1.21,,,,,,,,
2026-05-31T15:14:24Z,1.95,8.08,64.27,13.381,2.89,8.18,0.33,2.49,,,,,,,,
2026-05-31T15:15:56Z,1.46,8.08,64.28,13.389,2.94,8.18,0.29,1.27,,,,,,,,
2026-05-31T15:17:29Z,0.94,8.08,64.29,13.393,2.93,8.18,0.35,1.68,,,,,,,,
2026-05-31T19:01:59Z,6.1,7.88,64.09,13.178,3.44,7.97,0.41,2,,,,,,,,
2026-05-31T19:03:32Z,5.43,7.92,64.5,13.305,3.1,8.02,0.34,1.55,,,,,,,,
2026-05-31T19:05:04Z,4.9,8.05,64.66,13.499,2.88,8.16,0.33,3.55,,,,,,,,
2026-05-31T19:06:36Z,4.41,8.11,64.62,13.529,2.94,8.21,0.33,1.69,,,,,,,,
2026-05-31T19:08:08Z,3.93,8.14,64.58,13.549,2.93,8.23,0.3,1.52,,,,,,,,
2026-05-31T19:09:40Z,3.4,8.15,64.61,13.548,2.98,8.24,0.31,1.51,,,,,,,,
2026-05-31T19:11:12Z,2.92,8.16,64.67,13.582,2.9,8.25,0.3,1.31,,,,,,,,
2026-05-31T19:12:44Z,2.42,8.19,64.79,13.592,2.95,8.28,0.29,1.2,,,,,,,,
2026-05-31T19:14:16Z,1.93,8.19,64.79,13.597,2.85,8.28,0.33,1.45,,,,,,,,
2026-05-31T19:15:48Z,1.44,8.21,64.87,13.592,2.91,8.3,0.3,1.25,,,,,,,,
2026-05-31T19:17:20Z,0.92,8.21,64.99,13.6,2.8,8.31,0.26,0.93,,,,,,,,
2026-05-31T23:01:59Z,6.1,7.76,64.34,13.087,3.37,7.88,0.41,2.56,,,,,,,,
2026-05-31T23:03:32Z,5.41,8.15,64.73,13.55,2.84,8.24,0.32,1.44,,,,,,,,
2026-05-31T23:05:04Z,4.91,8.2,64.67,13.611,2.93,8.31,0.32,1.48,,,,,,,,
2026-05-31T23:06:36Z,4.44,8.24,64.69,13.67,2.93,8.34,0.33,3.68,,,,,,,,
2026-05-31T23:08:08Z,3.9,8.28,64.76,13.803,2.95,8.39,0.34,1.5,,,,,,,,
2026-05-31T23:09:40Z,3.42,8.31,64.75,13.851,2.9,8.41,0.34,1.3,,,,,,,,
2026-05-31T23:11:12Z,2.9,8.28,64.57,13.897,2.76,8.4,0.32,1.34,,,,,,,,
2026-05-31T23:12:44Z,2.43,8.26,64.41,13.953,2.82,8.39,0.32,1.29,,,,,,,,
2026-05-31T23:14:16Z,1.93,8.24,64.31,14.008,2.87,8.38,0.27,1.08,,,,,,,,
2026-05-31T23:15:49Z,1.4,8.26,64.32,13.998,2.85,8.37,0.27,1.27,,,,,,,,
2026-05-31T23:17:21Z,0.94,8.24,64.31,14.039,2.9,8.37,0.26,0.99,,,,,,,,
2026-06-01T03:01:59Z,6.09,7.6,64.86,12.923,3.39,7.82,0.44,2.46,,,,,,,,
2026-06-01T03:03:32Z,5.42,8.08,64.59,13.525,2.99,8.12,0.38,2.05,,,,,,,,
2026-06-01T03:05:04Z,4.92,8.36,64.69,13.787,2.78,8.38,0.35,1.69,,,,,,,,
2026-06-01T03:06:36Z,4.42,8.35,63.37,14.081,2.95,8.39,0.29,1.21,,,,,,,,
2026-06-01T03:08:08Z,3.9,8.32,63.29,14.118,2.85,8.38,0.27,1.45,,,,,,,,
2026-06-01T03:09:40Z,3.43,8.34,63.62,14.147,2.92,8.4,0.29,1.38,,,,,,,,
2026-06-01T03:11:13Z,2.92,8.35,63.48,14.137,2.95,8.39,0.31,1.29,,,,,,,,
2026-06-01T03:12:45Z,2.43,8.36,63.66,14.153,2.94,8.4,0.29,1.23,,,,,,,,
2026-06-01T03:14:17Z,1.94,8.35,63.77,14.161,3.03,8.41,0.28,1.08,,,,,,,,
2026-06-01T03:15:49Z,1.45,8.37,63.71,14.159,3.06,8.41,0.29,1.33,,,,,,,,
2026-06-01T03:17:22Z,0.94,8.37,63.59,14.162,3.1,8.41,0.3,1.46,,,,,,,,
2026-06-01T07:02:02Z,6.04,7.79,64.7,13.266,3.37,7.94,0.43,2.21,,,,,,,,
2026-06-01T07:03:35Z,5.47,8,64.51,13.536,3.09,8.1,0.39,1.64,,,,,,,,
2026-06-01T07:05:08Z,4.97,8.19,63.87,13.787,2.97,8.29,0.33,1.8,,,,,,,,
2026-06-01T07:06:41Z,4.48,8.23,63.59,13.846,3,8.34,0.36,1.54,,,,,,,,
2026-06-01T07:08:14Z,3.96,8.24,63.24,13.866,2.99,8.36,0.36,1.33,,,,,,,,
2026-06-01T07:09:47Z,3.48,8.28,62.82,13.9,2.9,8.39,0.34,2.3,,,,,,,,
2026-06-01T07:11:20Z,2.97,8.29,62.83,13.922,2.83,8.4,0.3,1.51,,,,,,,,
2026-06-01T07:12:53Z,2.48,8.29,63.05,13.942,2.87,8.41,0.29,3.63,,,,,,,,
2026-06-01T07:14:26Z,1.99,8.28,63.5,13.961,2.92,8.41,0.31,1.32,,,,,,,,
2026-06-01T07:15:59Z,1.47,8.28,63.37,13.969,3.04,8.41,0.32,1.26,,,,,,,,
2026-06-01T07:17:32Z,0.98,8.28,63.52,13.941,2.86,8.41,0.3,6.02,,,,,,,,
2026-06-01T11:02:03Z,6.01,7.36,64.33,12.302,3.75,7.66,0.45,2.47,,,,,,,,
2026-06-01T11:03:36Z,5.49,7.52,64.29,12.542,3.57,7.61,0.39,2.07,,,,,,,,
2026-06-01T11:05:09Z,4.96,7.71,64.61,12.928,3.4,7.73,0.38,2,,,,,,,,
2026-06-01T11:06:42Z,4.49,8.02,64.87,13.582,3.11,8.06,0.34,1.59,,,,,,,,
2026-06-01T11:08:15Z,3.98,8.17,64.5,13.893,2.82,8.26,0.31,1.5,,,,,,,,
2026-06-01T11:09:48Z,3.48,8.17,64.51,13.91,2.87,8.28,0.33,1.67,,,,,,,,
2026-06-01T11:11:21Z,3,8.18,64.37,13.916,2.88,8.28,0.36,1.32,,,,,,,,
2026-06-01T11:12:54Z,2.49,8.18,64.46,13.921,2.79,8.28,0.33,1.19,,,,,,,,
2026-06-01T11:14:27Z,1.99,8.17,64.52,13.924,2.84,8.28,0.3,1.32,,,,,,,,
2026-06-01T11:16:00Z,1.49,8.17,64.6,13.926,2.88,8.29,0.33,1.22,,,,,,,,
2026-06-01T11:17:33Z,0.99,8.19,64.58,13.931,2.84,8.29,0.33,1.93,,,,,,,,
2026-06-01T15:02:01Z,6,7.38,63.24,12.209,4.03,7.63,0.47,2.79,,,,,,,,
2026-06-01T15:03:34Z,5.47,7.37,62.11,12.143,3.86,7.59,0.4,2.26,,,,,,,,
2026-06-01T15:05:07Z,4.92,7.57,62.36,12.421,3.48,7.65,0.38,2.03,,,,,,,,
2026-06-01T15:06:39Z,4.45,7.8,64.6,13.126,3.2,7.82,0.36,1.99,,,,,,,,
2026-06-01T15:08:12Z,3.94,8.06,65.13,13.722,3.05,8.19,0.37,1.48,,,,,,,,
2026-06-01T15:09:44Z,3.44,8.13,65.15,13.78,2.83,8.28,0.34,1.29,,,,,,,,
2026-06-01T15:11:17Z,2.94,8.14,65.11,13.802,2.87,8.3,0.35,1.49,,,,,,,,
2026-06-01T15:12:50Z,2.46,8.15,65.19,13.818,2.83,8.3,0.32,1.4,,,,,,,,
2026-06-01T15:14:23Z,1.94,8.16,65.15,13.818,2.96,8.3,0.34,1.29,,,,,,,,
2026-06-01T15:15:55Z,1.45,8.15,65.2,13.829,2.92,8.3,0.33,1.4,,,,,,,,
2026-06-01T15:17:28Z,0.95,8.16,65.24,13.841,2.93,8.3,0.35,1.17,,,,,,,,
2026-06-01T19:01:59Z,6.1,7.08,63.72,12.009,3.97,7.46,0.4,2.14,,,,,,,,
2026-06-01T19:03:32Z,5.42,7.39,63.1,12.33,3.59,7.46,0.38,1.87,,,,,,,,
2026-06-01T19:05:04Z,4.9,7.7,63.13,12.688,3.36,7.57,0.37,1.94,,,,,,,,
2026-06-01T19:06:36Z,4.41,7.78,63.14,13.191,3.35,7.69,0.39,1.63,,,,,,,,
2026-06-01T19:08:08Z,3.9,7.82,63.69,13.33,3.17,7.76,0.37,1.7,,,,,,,,
2026-06-01T19:09:40Z,3.41,8.05,63.55,13.582,3.01,7.96,0.3,1.45,,,,,,,,
2026-06-01T19:11:12Z,2.91,8.11,65.06,13.765,2.84,8.08,0.34,1.41,,,,,,,,
2026-06-01T19:12:44Z,2.42,8.25,65.54,14.271,2.75,8.23,0.34,4.67,,,,,,,,
2026-06-01T19:14:16Z,1.9,8.27,65.62,14.471,2.7,8.24,0.3,1.1,,,,,,,,
2026-06-01T19:15:48Z,1.4,8.24,65.6,14.577,2.7,8.23,0.27,0.92,,,,,,,,
2026-06-01T19:17:20Z,0.91,8.23,65.6,14.648,2.68,8.22,0.23,0.79,,,,,,,,
2026-06-01T23:01:59Z,6.1,7.16,63.73,12.166,4.14,7.58,0.51,2.79,,,,,,,,
2026-06-01T23:03:32Z,5.43,7.54,63.04,12.918,3.66,7.7,0.38,1.9,,,,,,,,
2026-06-01T23:05:04Z,4.9,7.91,61.84,13.245,3.35,7.94,0.37,1.8,,,,,,,,
2026-06-01T23:06:36Z,4.43,8.12,64.84,13.613,3.08,8.28,0.36,1.55,,,,,,,,
2026-06-01T23:08:08Z,3.9,8.31,64.98,14.607,2.75,8.48,0.3,1.16,,,,,,,,
2026-06-01T23:09:40Z,3.42,8.31,63.64,14.676,2.84,8.46,0.3,1.82,,,,,,,,
2026-06-01T23:11:12Z,2.9,8.3,63.28,14.736,2.86,8.45,0.34,1.93,,,,,,,,
2026-06-01T23:12:44Z,2.44,8.35,64.34,14.806,2.79,8.5,0.29,1.37,,,,,,,,
2026-06-01T23:14:16Z,1.92,8.36,65.2,14.833,2.69,8.51,0.34,1.42,,,,,,,,
2026-06-01T23:15:48Z,1.41,8.35,65.33,15.154,2.81,8.49,0.3,8.69,,,,,,,,
2026-06-01T23:17:20Z,0.93,8.22,65.71,15.546,2.54,8.45,0.25,1,,,,,,,,
2026-06-02T03:01:59Z,6.08,7.91,59.84,12.895,3.96,7.91,0.45,2.84,,,,,,,,
2026-06-02T03:03:32Z,5.43,8.02,59.44,12.878,3.68,7.95,0.37,2.01,,,,,,,,
2026-06-02T03:05:04Z,4.92,8.02,59.5,12.891,3.75,7.96,0.41,2.11,,,,,,,,
2026-06-02T03:06:36Z,4.43,8.04,59.5,12.909,3.48,7.97,0.39,4.21,,,,,,,,
2026-06-02T03:08:08Z,3.92,8.07,59.57,12.995,3.26,8.02,0.33,1.77,,,,,,,,
2026-06-02T03:09:40Z,3.42,8.36,61.68,14.122,2.84,8.43,0.34,2.34,,,,,,,,
2026-06-02T03:11:12Z,2.92,8.34,61.59,14.206,2.85,8.43,0.28,1.53,,,,,,,,
2026-06-02T03:12:45Z,2.43,8.35,61.62,14.353,2.83,8.46,0.28,1.22,,,,,,,,
2026-06-02T03:14:17Z,1.95,8.36,62.72,14.657,2.65,8.48,0.33,1.66,,,,,,,,
2026-06-02T03:15:50Z,1.45,8.33,63.28,14.813,3.02,8.49,0.35,1.87,,,,,,,,
2026-06-02T03:17:23Z,0.94,8.35,63.52,14.881,3.04,8.49,0.34,1.32,,,,,,,,
2026-06-02T07:02:04Z,6.11,7.37,61.4,12.489,4.14,7.68,0.57,2.87,,,,,,,,
2026-06-02T07:03:38Z,5.47,7.92,59.3,12.78,3.53,7.84,0.4,1.93,,,,,,,,
2026-06-02T07:05:11Z,4.94,7.98,59.27,12.841,3.52,7.9,0.38,6.12,,,,,,,,
2026-06-02T07:06:43Z,4.47,7.99,59.43,12.929,3.38,7.93,0.38,1.94,,,,,,,,
2026-06-02T07:08:16Z,3.95,8.02,59.7,13.035,3.47,7.95,0.35,1.58,,,,,,,,
2026-06-02T07:09:49Z,3.46,8.09,60,13.232,3.29,8.02,0.36,1.79,,,,,,,,
2026-06-02T07:11:22Z,2.97,8.11,60.47,13.457,3.17,8.11,0.33,1.64,,,,,,,,
2026-06-02T07:12:55Z,2.47,8.33,61.98,14.114,2.79,8.38,0.31,1.49,,,,,,,,
2026-06-02T07:14:28Z,1.97,8.28,63.72,14.564,2.8,8.44,0.34,1.13,,,,,,,,
2026-06-02T07:16:01Z,1.48,8.27,63.7,14.594,2.76,8.45,0.35,1.73,,,,,,,,
2026-06-02T07:17:34Z,0.97,8.27,63.66,14.616,2.73,8.45,0.29,1.43,,,,,,,,
2026-06-02T11:02:06Z,6.09,7.23,59.93,12.095,4.38,7.57,0.57,2.95,,,,,,,,
2026-06-02T11:03:40Z,5.47,7.4,60.17,12.199,4.13,7.57,0.47,2.42,,,,,,,,
2026-06-02T11:05:13Z,4.97,7.63,61.43,12.684,3.63,7.68,0.39,1.76,,,,,,,,
2026-06-02T11:06:46Z,4.47,7.93,60.92,13.249,3.27,7.91,0.33,1.72,,,,,,,,
2026-06-02T11:08:19Z,3.97,8.02,61.48,13.42,3.07,8.04,0.34,1.84,,,,,,,,
2026-06-02T11:09:52Z,3.48,8.03,62.26,13.45,3.06,8.06,0.36,1.64,,,,,,,,
2026-06-02T11:11:25Z,2.95,8.18,60.98,13.629,2.99,8.2,0.33,1.47,,,,,,,,
2026-06-02T11:12:58Z,2.48,8.19,60.98,13.771,2.87,8.22,0.31,1.57,,,,,,,,
2026-06-02T11:14:31Z,1.97,8.22,62.08,14.02,3.06,8.27,0.37,1.48,,,,,,,,
2026-06-02T11:16:04Z,1.46,8.22,62.92,14.153,2.81,8.35,0.34,1.6,,,,,,,,
2026-06-02T11:17:37Z,0.98,8.23,63.02,14.17,2.8,8.36,0.43,2.19,,,,,,,,
2026-06-02T15:02:05Z,6.12,7.51,58.43,12.022,4.08,7.65,0.46,2.5,,,,,,,,
2026-06-02T15:03:39Z,5.46,7.68,59.75,12.321,3.66,7.68,0.4,1.95,,,,,,,,
2026-06-02T15:05:12Z,4.93,7.79,61.66,12.813,3.32,7.8,0.38,1.82,,,,,,,,
2026-06-02T15:06:45Z,4.44,8,61.77,13.278,3.06,7.99,0.35,1.66,,,,,,,,
2026-06-02T15:08:17Z,3.94,8.01,61.73,13.402,3.15,8.02,0.33,1.55,,,,,,,,
2026-06-02T15:09:50Z,3.44,8.11,62.03,13.786,3.01,8.16,0.34,1.66,,,,,,,,
2026-06-02T15:11:23Z,2.92,8.16,62.45,13.893,2.96,8.25,0.36,2.3,,,,,,,,
2026-06-02T15:12:55Z,2.44,8.16,63.02,13.954,2.89,8.29,0.39,1.5,,,,,,,,
2026-06-02T15:14:27Z,1.95,8.18,63.19,13.982,2.77,8.32,0.33,1.86,,,,,,,,
2026-06-02T15:16:00Z,1.44,8.19,63.22,14.001,2.81,8.33,0.36,4.7,,,,,,,,
2026-06-02T15:17:32Z,0.95,8.19,63.28,14.018,2.82,8.34,0.31,1.08,,,,,,,,
2026-06-02T19:01:57Z,6.09,7.49,57.95,11.903,4.19,7.62,0.4,2.84,,,,,,,,
2026-06-02T19:03:30Z,5.42,7.63,58.79,12.078,3.89,7.62,0.34,1.71,,,,,,,,
2026-06-02T19:05:02Z,4.87,7.79,60.43,12.509,3.52,7.71,0.38,1.95,,,,,,,,
2026-06-02T19:06:34Z,4.38,8.17,62.31,13.138,3.23,8.13,0.35,1.83,,,,,,,,
2026-06-02T19:08:06Z,3.91,8.21,62.27,13.533,2.98,8.21,0.38,1.43,,,,,,,,
2026-06-02T19:09:38Z,3.4,8.14,62.12,13.793,2.94,8.2,0.35,1.39,,,,,,,,
2026-06-02T19:11:10Z,2.92,8.29,63.19,13.991,2.79,8.4,0.31,1.24,,,,,,,,
2026-06-02T19:12:42Z,2.39,8.3,63.28,14.064,2.89,8.43,0.33,1.92,,,,,,,,
2026-06-02T19:14:14Z,1.89,8.38,63.05,14.212,2.93,8.49,0.28,2.01,,,,,,,,
2026-06-02T19:15:46Z,1.41,8.41,63.16,14.468,2.81,8.51,0.25,0.93,,,,,,,,
2026-06-02T19:17:18Z,0.9,8.34,63.26,14.931,2.7,8.48,0.26,0.88,,,,,,,,
2026-06-02T23:01:58Z,6.06,7.45,59.03,12.13,4.18,7.62,0.42,2.36,,,,,,,,
2026-06-02T23:03:31Z,5.41,7.48,60.25,12.395,3.92,7.59,0.4,2.08,,,,,,,,
2026-06-02T23:05:03Z,4.9,7.59,60.57,12.534,3.73,7.44,0.4,2.01,,,,,,,,
2026-06-02T23:06:35Z,4.42,7.87,61.1,12.769,3.51,7.58,0.39,2.01,,,,,,,,
2026-06-02T23:08:07Z,3.9,8.36,62.33,13.947,2.89,8.07,0.34,1.39,,,,,,,,
2026-06-02T23:09:39Z,3.43,8.52,63.25,14.515,2.78,8.35,0.33,1.4,,,,,,,,
2026-06-02T23:11:11Z,2.9,8.42,63.63,14.742,2.72,8.3,0.34,1.26,,,,,,,,
2026-06-02T23:12:43Z,2.41,8.42,64.11,15.043,2.96,8.29,0.34,1.12,,,,,,,,
2026-06-02T23:14:15Z,1.92,8.42,64.12,15.234,2.82,8.28,0.39,2.98,,,,,,,,
2026-06-02T23:15:47Z,1.4,8.37,64.09,15.613,2.8,8.25,0.34,1.03,,,,,,,,
2026-06-02T23:17:19Z,0.9,8.36,64.07,15.769,2.83,8.25,0.32,1.17,,,,,,,,
2026-06-03T03:01:58Z,6.03,7.95,58.81,12.295,3.73,7.81,0.35,1.9,,,,,,,,
2026-06-03T03:03:31Z,5.41,8.05,59.67,12.572,3.48,7.9,0.36,1.63,,,,,,,,
2026-06-03T03:05:03Z,4.91,8.08,60.33,12.737,3.52,7.95,0.32,1.61,,,,,,,,
2026-06-03T03:06:35Z,4.42,8.16,61.07,13.076,3.4,8.1,0.36,1.54,,,,,,,,
2026-06-03T03:08:07Z,3.9,8.22,62.55,13.596,3.11,8.25,0.38,1.44,,,,,,,,
2026-06-03T03:09:39Z,3.44,8.27,62.85,13.803,3.12,8.31,0.38,1.79,,,,,,,,
2026-06-03T03:11:11Z,2.93,8.27,62.92,13.866,2.99,8.33,0.34,1.78,,,,,,,,
2026-06-03T03:12:43Z,2.41,8.31,63.27,14.363,2.93,8.45,0.35,1.75,,,,,,,,
2026-06-03T03:14:15Z,1.92,8.39,63.55,14.98,2.99,8.56,0.35,1.61,,,,,,,,
2026-06-03T03:15:48Z,1.42,8.43,63.88,15.058,2.76,8.6,0.37,3.51,,,,,,,,
2026-06-03T03:17:20Z,0.95,8.43,63.92,15.069,3.01,8.6,0.37,1.4,,,,,,,,
2026-06-03T07:02:04Z,6.11,7.79,57.01,11.968,4.12,7.74,0.39,2,,,,,,,,
2026-06-03T07:03:38Z,5.47,7.95,57.89,12.113,3.74,7.78,0.39,1.87,,,,,,,,
2026-06-03T07:05:11Z,4.94,8.02,59.44,12.458,3.54,7.88,0.45,1.75,,,,,,,,
2026-06-03T07:06:44Z,4.48,8.18,60.08,12.726,3.33,8.05,0.35,1.5,,,,,,,,
2026-06-03T07:08:17Z,3.96,8.35,63.33,13.844,3.01,8.4,0.36,1.19,,,,,,,,
2026-06-03T07:09:50Z,3.46,8.31,63.06,14.199,2.93,8.44,0.35,1.3,,,,,,,,
2026-06-03T07:11:23Z,2.98,8.34,63.79,14.481,2.81,8.49,0.36,1.55,,,,,,,,
2026-06-03T07:12:56Z,2.47,8.33,63.75,14.746,2.75,8.52,0.35,1.43,,,,,,,,
2026-06-03T07:14:29Z,1.96,8.34,63.75,14.838,2.88,8.54,0.38,2.19,,,,,,,,
2026-06-03T07:16:02Z,1.47,8.34,63.75,14.879,2.82,8.54,0.35,1.19,,,,,,,,
2026-06-03T07:17:35Z,0.96,8.34,63.73,14.882,2.9,8.54,0.36,1.48,,,,,,,,
2026-06-03T11:02:06Z,6.1,7.75,56.48,12.024,4.18,7.71,0.4,1.85,,,,,,,,
2026-06-03T11:03:40Z,5.49,7.83,58.48,12.148,3.81,7.56,0.41,1.84,,,,,,,,
2026-06-03T11:05:13Z,4.96,8.05,59.89,12.654,3.41,7.78,0.34,1.6,,,,,,,,
2026-06-03T11:06:46Z,4.48,8.13,62.13,13.287,3.35,7.95,0.41,1.59,,,,,,,,
2026-06-03T11:08:19Z,3.96,8.15,62.65,13.526,3.21,8.03,0.39,1.65,,,,,,,,
2026-06-03T11:09:52Z,3.48,8.18,62.72,13.715,3.15,8.07,0.37,1.52,,,,,,,,
2026-06-03T11:11:25Z,2.99,8.24,62.42,14.019,3,8.17,0.39,1.45,,,,,,,,
2026-06-03T11:12:58Z,2.48,8.25,63.36,14.429,2.89,8.27,0.4,1.76,,,,,,,,
2026-06-03T11:14:31Z,1.98,8.24,63.29,14.481,2.87,8.27,0.4,7.39,,,,,,,,
2026-06-03T11:16:04Z,1.49,8.24,63.25,14.5,2.77,8.27,0.4,4.52,,,,,,,,
2026-06-03T11:17:37Z,0.99,8.23,63.25,14.489,2.92,8.27,0.4,1.51,,,,,,,,
2026-06-03T15:02:01Z,6.04,7.76,56.24,11.89,4.26,7.71,0.4,2,,,,,,,,
2026-06-03T15:03:34Z,5.43,7.72,56.8,11.85,3.91,7.66,0.36,2,,,,,,,,
2026-06-03T15:05:07Z,4.91,7.87,58.23,12.194,3.69,7.74,0.34,1.59,,,,,,,,
2026-06-03T15:06:39Z,4.45,8.11,61.4,12.983,3.38,8.09,0.35,1.76,,,,,,,,
2026-06-03T15:08:12Z,3.94,8.22,63.78,14.044,2.73,8.41,0.33,1.4,,,,,,,,
2026-06-03T15:09:44Z,3.44,8.22,63.5,14.186,3.03,8.42,0.58,14.9,,,,,,,,
2026-06-03T15:11:17Z,2.94,8.23,63.47,14.218,2.73,8.43,0.33,1.27,,,,,,,,
2026-06-03T15:12:49Z,2.45,8.23,63.34,14.241,2.69,8.43,0.37,1.34,,,,,,,,
2026-06-03T15:14:22Z,1.94,8.24,63.22,14.259,2.9,8.43,0.31,1.47,,,,,,,,
2026-06-03T15:15:54Z,1.43,8.25,62.99,14.288,2.83,8.44,0.29,1.34,,,,,,,,
2026-06-03T15:17:27Z,0.94,8.26,62.87,14.328,2.72,8.44,0.3,1.11,,,,,,,,
2026-06-03T19:01:57Z,6.08,7.66,56.61,11.84,3.97,7.71,0.33,1.62,,,,,,,,
2026-06-03T19:03:30Z,5.38,7.55,57.48,11.895,3.86,7.61,0.33,1.61,,,,,,,,
2026-06-03T19:05:02Z,4.88,7.83,58.37,12.231,3.63,7.7,0.4,1.68,,,,,,,,
2026-06-03T19:06:34Z,4.38,8.15,62.37,13.202,3.11,8.05,0.38,1.54,,,,,,,,
2026-06-03T19:08:06Z,3.9,8.29,62.08,13.843,2.9,8.32,0.39,1.45,,,,,,,,
2026-06-03T19:09:38Z,3.4,8.26,63.63,14.196,2.77,8.46,0.39,1.35,,,,,,,,
2026-06-03T19:11:10Z,2.93,8.32,63.72,14.298,2.9,8.49,0.36,1.44,,,,,,,,
2026-06-03T19:12:42Z,2.39,8.38,63.66,14.329,2.89,8.55,0.38,1.99,,,,,,,,
2026-06-03T19:14:14Z,1.89,8.42,63.38,14.363,2.9,8.59,0.34,1.3,,,,,,,,
2026-06-03T19:15:46Z,1.42,8.4,63.49,14.523,2.83,8.56,0.3,1.06,,,,,,,,
2026-06-03T19:17:18Z,0.9,8.34,63.16,15.268,2.64,8.51,0.21,0.71,,,,,,,,
2026-06-03T23:01:59Z,6.11,7.6,56.44,11.756,4.03,7.64,0.38,1.68,,,,,,,,
2026-06-03T23:03:32Z,5.43,7.82,57.12,11.912,3.72,7.64,0.32,1.69,,,,,,,,
2026-06-03T23:05:04Z,4.9,7.81,58.13,12.103,3.63,7.62,0.37,1.71,,,,,,,,
2026-06-03T23:06:36Z,4.43,7.93,59.96,12.781,3.53,7.83,0.41,1.83,,,,,,,,
2026-06-03T23:08:08Z,3.89,8.32,63.02,13.987,2.95,8.39,0.38,1.44,,,,,,,,
2026-06-03T23:09:40Z,3.42,8.21,63.82,14.157,2.9,8.35,0.39,1.46,,,,,,,,
2026-06-03T23:11:12Z,2.91,8.34,63.72,14.291,2.86,8.46,0.32,1.55,,,,,,,,
2026-06-03T23:12:44Z,2.42,8.42,63.72,14.307,2.88,8.55,0.39,1.3,,,,,,,,
2026-06-03T23:14:16Z,1.92,8.48,63.63,14.379,2.81,8.61,0.32,1.08,,,,,,,,
2026-06-03T23:15:48Z,1.4,8.49,63.55,14.597,2.94,8.63,0.35,1.16,,,,,,,,
2026-06-03T23:17:20Z,0.93,8.51,63.67,14.866,2.96,8.65,0.4,1.18,,,,,,,,
2026-06-04T03:01:59Z,6.1,7.75,56.96,11.916,3.9,7.73,0.38,1.9,,,,,,,,
2026-06-04T03:03:32Z,5.44,8.1,58.57,12.782,3.5,7.94,0.36,1.67,,,,,,,,
2026-06-04T03:05:05Z,4.9,8.24,59.56,13.326,3.19,8.18,0.38,1.66,,,,,,,,
2026-06-04T03:06:37Z,4.4,8.32,61.28,14.053,2.91,8.39,0.34,1.65,,,,,,,,
2026-06-04T03:08:09Z,3.95,8.38,61.96,14.311,2.87,8.51,0.33,2.12,,,,,,,,
2026-06-04T03:09:41Z,3.43,8.43,62.42,14.424,2.81,8.56,0.34,1.5,,,,,,,,
2026-06-04T03:11:14Z,2.92,8.43,62.68,14.477,2.86,8.58,0.4,1.66,,,,,,,,
2026-06-04T03:12:46Z,2.42,8.43,63.02,14.52,2.76,8.6,0.35,1.55,,,,,,,,
2026-06-04T03:14:18Z,1.91,8.43,63.02,14.532,2.85,8.6,0.33,1.67,,,,,,,,
2026-06-04T03:15:50Z,1.43,8.43,63.14,14.547,2.8,8.6,0.32,1.68,,,,,,,,
2026-06-04T03:17:22Z,0.94,8.43,63.1,14.545,2.76,8.61,0.45,1.58,,,,,,,,
2026-06-04T07:02:04Z,6.08,7.62,55.97,11.887,4.16,7.71,0.39,2.03,,,,,,,,
2026-06-04T07:03:38Z,5.46,7.69,57.41,11.923,3.89,7.54,0.42,2,,,,,,,,
2026-06-04T07:05:11Z,4.94,8.06,60.27,12.91,3.31,7.83,0.45,1.88,,,,,,,,
2026-06-04T07:06:44Z,4.46,8.22,61,13.638,2.91,8.18,0.37,1.48,,,,,,,,
2026-06-04T07:08:17Z,3.96,8.28,62.24,14.414,2.61,8.36,0.35,1.57,,,,,,,,
2026-06-04T07:09:50Z,3.46,8.34,62.09,14.557,2.78,8.4,0.37,1.7,,,,,,,,
2026-06-04T07:11:23Z,2.97,8.38,62.82,14.695,2.81,8.48,0.37,1.53,,,,,,,,
2026-06-04T07:12:56Z,2.48,8.44,63.17,14.749,2.87,8.53,0.39,1.27,,,,,,,,
2026-06-04T07:14:29Z,1.96,8.45,63.34,14.869,2.76,8.52,0.5,1.43,,,,,,,,
2026-06-04T07:16:02Z,1.46,8.35,62.86,15.002,3.05,8.45,0.44,2.07,,,,,,,,
2026-06-04T07:17:35Z,0.98,8.32,62.85,15.062,2.8,8.43,0.39,7.23,,,,,,,,
2026-06-04T11:02:06Z,6.08,7.51,56.13,11.723,4.15,7.62,0.41,1.98,,,,,,,,
2026-06-04T11:03:40Z,5.48,7.44,56.85,11.719,4.06,7.55,0.44,2,,,,,,,,
2026-06-04T11:05:13Z,4.96,7.7,57.56,12.015,3.73,7.63,0.42,2.01,,,,,,,,
2026-06-04T11:06:46Z,4.48,8.03,58.75,12.748,3.37,7.86,0.45,1.86,,,,,,,,
2026-06-04T11:08:19Z,3.96,8.04,60.81,13.467,3.15,8.02,0.45,1.62,,,,,,,,
2026-06-04T11:09:52Z,3.48,8.36,63.4,14.451,3,8.55,0.38,1.43,,,,,,,,
2026-06-04T11:11:25Z,2.97,8.26,62.32,14.78,2.94,8.5,0.39,2.07,,,,,,,,
2026-06-04T11:12:58Z,2.47,8.23,62.28,14.807,2.98,8.5,0.41,1.37,,,,,,,,
2026-06-04T11:14:31Z,1.98,8.25,62.32,14.819,2.82,8.5,0.38,3.03,,,,,,,,
2026-06-04T11:16:04Z,1.5,8.24,62.29,14.811,2.88,8.5,0.4,1.43,,,,,,,,
2026-06-04T11:17:37Z,0.99,8.26,62.3,14.807,2.83,8.5,0.41,1.55,,,,,,,,
2026-06-04T15:02:01Z,6.02,7.55,56.32,11.859,3.93,7.68,0.41,1.95,,,,,,,,
2026-06-04T15:03:34Z,5.45,7.58,57.06,11.896,3.8,7.61,0.42,1.84,,,,,,,,
2026-06-04T15:05:07Z,4.93,7.43,59.07,12.328,3.69,7.58,0.41,1.9,,,,,,,,
2026-06-04T15:06:39Z,4.44,7.77,59.3,12.688,3.52,7.69,0.44,1.94,,,,,,,,
2026-06-04T15:08:12Z,3.93,7.92,60.63,13.262,3.39,7.9,0.47,2.19,,,,,,,,
2026-06-04T15:09:44Z,3.44,8.12,62.12,14.184,2.91,8.3,0.37,2.13,,,,,,,,
2026-06-04T15:11:17Z,2.94,8.21,62.34,14.539,3.14,8.44,0.48,3,,,,,,,,
2026-06-04T15:12:50Z,2.44,8.21,62.33,14.633,2.82,8.47,0.38,1.4,,,,,,,,
2026-06-04T15:14:22Z,1.95,8.21,62.3,14.669,2.94,8.48,0.38,1.61,,,,,,,,
2026-06-04T15:15:55Z,1.44,8.22,62.29,14.682,2.97,8.48,0.38,1.99,,,,,,,,
2026-06-04T15:17:27Z,0.96,8.23,62.3,14.7,2.81,8.49,0.37,1.06,,,,,,,,
2026-06-04T17:02:43Z,6.12,7.04,56.35,11.337,4.46,7.55,0.35,1.58,,,,,,,,
2026-06-04T17:04:17Z,5.39,7.34,57.06,11.711,4,7.56,0.37,1.79,,,,,,,,
2026-06-04T17:05:50Z,4.87,7.16,59.47,12.252,3.72,7.5,0.47,2.14,,,,,,,,
2026-06-04T17:07:23Z,4.39,7.45,59.28,12.514,3.7,7.59,0.45,1.84,,,,,,,,
2026-06-04T17:08:56Z,3.88,7.73,60.11,12.99,3.36,7.76,0.41,1.95,,,,,,,,
2026-06-04T17:10:29Z,3.41,7.64,62.94,14.027,3.1,7.86,0.36,1.36,,,,,,,,
2026-06-04T17:12:02Z,2.91,7.99,62.84,14.515,2.94,8.35,0.43,1.37,,,,,,,,
2026-06-04T17:13:35Z,2.39,8.08,62.71,14.574,3.29,8.41,0.44,3.27,,,,,,,,
2026-06-04T17:15:08Z,1.9,8.18,62.42,14.612,3.01,8.47,0.37,1.6,,,,,,,,
2026-06-04T17:16:41Z,1.42,8.21,62.35,14.649,3.02,8.48,0.39,1.17,,,,,,,,
2026-06-04T17:18:14Z,0.9,8.25,62.36,14.777,3.05,8.51,0.41,2.15,,,,,,,,
2026-06-04T19:01:58Z,6.08,7.08,56.37,11.378,4.34,7.53,0.39,1.74,,,,,,,,
2026-06-04T19:03:31Z,5.38,7.2,57.88,11.915,4.12,7.5,0.39,1.65,,,,,,,,
2026-06-04T19:05:03Z,4.89,7.11,59.34,12.291,3.96,7.46,0.42,1.77,,,,,,,,
2026-06-04T19:06:35Z,4.42,7.3,59.29,12.417,3.7,7.5,0.45,1.87,,,,,,,,
2026-06-04T19:08:07Z,3.91,7.51,59.26,12.565,3.56,7.59,0.45,1.94,,,,,,,,
2026-06-04T19:09:39Z,3.41,8.21,61.78,14.179,2.96,8.42,0.4,1.46,,,,,,,,
2026-06-04T19:11:11Z,2.91,8.22,62.2,14.411,2.85,8.46,0.36,1.8,,,,,,,,
2026-06-04T19:12:43Z,2.39,8.28,62.55,14.688,2.86,8.53,0.33,1.26,,,,,,,,
2026-06-04T19:14:15Z,1.91,8.34,62.47,15.122,3.3,8.55,0.5,1.66,,,,,,,,
2026-06-04T19:15:47Z,1.43,8.25,62.37,15.754,3.06,8.49,0.34,1.08,,,,,,,,
2026-06-04T19:17:19Z,0.94,8.24,62.33,15.79,2.97,8.49,0.32,0.97,,,,,,,,
2026-06-04T23:01:58Z,6.09,7.07,56.95,11.605,4.38,7.53,0.48,2.46,,,,,,,,
2026-06-04T23:03:31Z,5.43,7.12,58.57,12.139,4.16,7.48,0.51,2.24,,,,,,,,
2026-06-04T23:05:03Z,4.88,7.21,58.64,12.323,3.97,7.47,0.5,2.1,,,,,,,,
2026-06-04T23:06:35Z,4.42,7.48,58.7,12.466,3.68,7.54,0.45,2.11,,,,,,,,
2026-06-04T23:08:07Z,3.92,7.79,60.93,13.59,3.36,7.9,0.4,1.85,,,,,,,,
2026-06-04T23:09:39Z,3.41,8.32,61.95,14.995,2.92,8.58,0.38,1.49,,,,,,,,
2026-06-04T23:11:11Z,2.92,8.38,62.03,15.214,3.05,8.6,0.38,1.76,,,,,,,,
2026-06-04T23:12:43Z,2.42,8.4,62.08,15.331,3.08,8.61,0.39,1.48,,,,,,,,
2026-06-04T23:14:15Z,1.93,8.46,62.27,15.422,3.11,8.64,0.39,2.04,,,,,,,,
2026-06-04T23:15:47Z,1.41,8.42,62.7,16.263,3.39,8.63,0.49,8.3,,,,,,,,
2026-06-04T23:17:19Z,0.92,8.32,62.65,16.356,3.18,8.6,0.36,2.22,,,,,,,,
2026-06-05T03:01:59Z,6.06,7.13,57,12.056,4.58,7.56,0.59,3.08,,,,,,,,
2026-06-05T03:03:32Z,5.44,7.65,55.69,12.22,4.08,7.58,0.55,2.87,,,,,,,,
2026-06-05T03:05:04Z,4.9,7.63,55.66,12.226,4.08,7.57,0.56,2.74,,,,,,,,
2026-06-05T03:06:36Z,4.42,7.67,55.87,12.308,3.95,7.58,0.5,2.76,,,,,,,,
2026-06-05T03:08:08Z,3.92,8.04,57.28,12.822,3.29,7.78,0.43,2.25,,,,,,,,
2026-06-05T03:09:40Z,3.42,8.24,62.05,13.836,3.18,8.23,0.39,1.73,,,,,,,,
2026-06-05T03:11:12Z,2.93,8.33,61.6,15.197,2.67,8.57,0.39,2.39,,,,,,,,
2026-06-05T03:12:44Z,2.44,8.34,61.46,15.331,2.8,8.58,0.34,2.27,,,,,,,,
2026-06-05T03:14:17Z,1.92,8.41,62.05,15.579,2.84,8.64,0.34,1.46,,,,,,,,
2026-06-05T03:15:49Z,1.43,8.45,62.38,15.94,3.25,8.69,0.64,6.11,,,,,,,,
2026-06-05T03:17:21Z,0.95,8.3,62.64,16.381,2.98,8.63,0.4,1.72,,,,,,,,
2026-06-05T07:02:04Z,6.08,7.91,54.55,12.339,4.09,7.75,0.53,2.98,,,,,,,,
2026-06-05T07:03:38Z,5.46,7.92,54.31,12.295,3.71,7.69,0.53,2.58,,,,,,,,
2026-06-05T07:05:11Z,4.94,7.99,54.12,12.284,3.54,7.68,0.55,2.68,,,,,,,,
2026-06-05T07:06:44Z,4.47,7.99,54.37,12.35,3.75,7.67,0.47,2.47,,,,,,,,
2026-06-05T07:08:17Z,3.95,8.37,53.28,12.552,3.24,7.92,0.4,2.39,,,,,,,,
2026-06-05T07:09:50Z,3.45,8.25,59.63,14.008,2.99,8.16,0.4,1.48,,,,,,,,
2026-06-05T07:11:23Z,2.97,8.27,61.11,15.029,2.83,8.52,0.36,1.45,,,,,,,,
2026-06-05T07:12:56Z,2.45,8.25,61,15.08,2.83,8.54,0.39,1.72,,,,,,,,
2026-06-05T07:14:29Z,1.97,8.29,61.09,15.142,2.85,8.54,0.36,2.47,,,,,,,,
2026-06-05T07:16:02Z,1.47,8.27,61.33,15.227,2.84,8.53,0.34,1.53,,,,,,,,
2026-06-05T07:17:35Z,0.96,8.28,62.12,15.421,2.89,8.55,0.46,2.14,,,,,,,,
2026-06-05T11:02:03Z,6.01,7.42,55.96,12.157,4.07,7.63,0.58,2.83,,,,,,,,
2026-06-05T11:03:36Z,5.48,7.52,55.61,12.221,4.12,7.56,0.64,2.94,,,,,,,,
2026-06-05T11:05:09Z,4.97,7.78,54.45,12.308,3.65,7.62,0.5,2.75,,,,,,,,
2026-06-05T11:06:42Z,4.47,8.07,53.94,12.401,3.38,7.71,0.47,2.65,,,,,,,,
2026-06-05T11:08:15Z,3.98,7.91,56.69,12.651,3.51,7.71,0.53,2.65,,,,,,,,
2026-06-05T11:09:48Z,3.47,8.37,54.96,13.004,3.1,8.07,0.45,2.11,,,,,,,,
2026-06-05T11:11:21Z,2.98,8.21,61.21,14.374,2.97,8.39,0.46,1.72,,,,,,,,
2026-06-05T11:12:54Z,2.48,8.18,61.57,14.965,3.17,8.47,0.4,1.93,,,,,,,,
2026-06-05T11:14:27Z,1.97,8.17,61.6,14.989,2.8,8.48,0.43,1.64,,,,,,,,
2026-06-05T11:16:00Z,1.48,8.18,61.6,15.003,2.8,8.48,0.43,2.08,,,,,,,,
2026-06-05T11:17:33Z,0.99,8.17,61.59,15.011,2.83,8.48,0.4,1.76,,,,,,,,
2026-06-05T15:02:06Z,6.11,6.67,57.06,11.563,4.73,7.46,0.6,2.7,,,,,,,,
2026-06-05T15:03:40Z,5.49,7.05,56.25,12.041,3.98,7.43,0.6,2.84,,,,,,,,
2026-06-05T15:05:13Z,4.97,7.55,54.89,12.283,3.35,7.49,0.53,2.69,,,,,,,,
2026-06-05T15:06:46Z,4.46,7.79,55.03,12.469,3.29,7.62,0.5,2.4,,,,,,,,
2026-06-05T15:08:19Z,3.98,7.78,58.7,12.738,3.68,7.63,0.55,2.79,,,,,,,,
2026-06-05T15:09:52Z,3.48,8.17,56.6,13.239,3.08,7.99,0.45,2.31,,,,,,,,
2026-06-05T15:11:25Z,3,8.15,61.86,14.38,3.01,8.33,0.41,5.56,,,,,,,,
2026-06-05T15:12:58Z,2.48,8.1,61.6,14.743,2.89,8.41,0.41,1.87,,,,,,,,
2026-06-05T15:14:31Z,1.96,8.15,61.57,14.757,3.1,8.42,0.43,1.99,,,,,,,,
2026-06-05T15:16:04Z,1.49,8.13,61.56,14.762,3.08,8.42,0.42,7.93,,,,,,,,
2026-06-05T15:17:37Z,0.98,8.15,61.56,14.766,3.05,8.43,0.38,3.32,,,,,,,,
2026-06-05T19:01:58Z,6.1,6.68,57.03,11.72,4.6,7.46,0.61,2.98,,,,,,,,
2026-06-05T19:03:31Z,5.41,7.1,56.08,12.046,3.86,7.42,0.48,2.08,,,,,,,,
2026-06-05T19:05:03Z,4.9,7.65,55.31,12.256,3.44,7.52,0.46,2.15,,,,,,,,
2026-06-05T19:06:35Z,4.4,7.84,57.37,12.635,3.45,7.64,0.51,2.26,,,,,,,,
2026-06-05T19:08:07Z,3.87,8.57,54.5,13.247,2.94,8.26,0.43,2.08,,,,,,,,
2026-06-05T19:09:39Z,3.4,8.57,56.82,14.053,2.94,8.45,0.35,1.67,,,,,,,,
2026-06-05T19:11:11Z,2.91,8.25,61.06,14.585,2.89,8.53,0.39,1.34,,,,,,,,
2026-06-05T19:12:43Z,2.4,8.28,61.28,14.67,2.86,8.53,0.39,1.49,,,,,,,,
2026-06-05T19:14:15Z,1.9,8.22,61.66,14.837,2.92,8.5,0.36,1.36,,,,,,,,
2026-06-05T19:15:47Z,1.44,8.29,61.77,15.286,2.84,8.55,0.33,1.12,,,,,,,,
2026-06-05T19:17:19Z,0.93,8.23,61.8,15.768,2.94,8.52,0.29,0.78,,,,,,,,
2026-06-05T23:01:58Z,6.1,6.44,57.03,11.701,4.7,7.43,0.68,3.38,,,,,,,,
2026-06-05T23:03:31Z,5.42,7.3,55.86,12.144,3.72,7.47,0.53,2.68,,,,,,,,
2026-06-05T23:05:03Z,4.89,8.04,54.08,12.396,3.32,7.66,0.47,2.54,,,,,,,,
2026-06-05T23:06:35Z,4.4,8.16,55.23,12.622,3.25,7.76,0.48,2.57,,,,,,,,
2026-06-05T23:08:07Z,3.87,8.23,55.17,12.834,3.07,7.89,0.42,2.08,,,,,,,,
2026-06-05T23:09:39Z,3.41,8.51,56.08,13.41,2.95,8.2,0.36,4.04,,,,,,,,
2026-06-05T23:11:11Z,2.9,8.64,62.32,15.044,2.82,8.76,0.34,1.35,,,,,,,,
2026-06-05T23:12:43Z,2.4,8.35,61.89,15.994,2.93,8.59,0.37,3.11,,,,,,,,
2026-06-05T23:14:15Z,1.9,8.32,61.57,16.214,2.8,8.56,0.34,1.47,,,,,,,,
2026-06-05T23:15:47Z,1.45,8.27,61.51,16.271,2.81,8.57,0.36,1.42,,,,,,,,
2026-06-05T23:17:19Z,0.92,8.33,62.05,16.531,2.83,8.59,0.32,1.84,,,,,,,,
2026-06-06T03:01:59Z,6.07,6.72,57.06,11.815,4.76,7.48,0.86,4.76,,,,,,,,
2026-06-06T03:03:32Z,5.43,7.33,55.47,12.148,4.3,7.43,0.64,3.22,,,,,,,,
2026-06-06T03:05:04Z,4.91,7.74,54.36,12.307,3.84,7.48,0.57,2.92,,,,,,,,
2026-06-06T03:06:36Z,4.43,8.08,53.8,12.42,3.4,7.58,0.54,3.02,,,,,,,,
2026-06-06T03:08:08Z,3.92,8.22,55.47,12.659,3.25,7.74,0.52,2.87,,,,,,,,
2026-06-06T03:09:40Z,3.43,8.27,55.3,12.859,3.12,7.79,0.46,2.52,,,,,,,,
2026-06-06T03:11:12Z,2.9,8.33,60.19,14.38,3.06,8.23,0.35,1.54,,,,,,,,
2026-06-06T03:12:44Z,2.42,8.39,61.78,15.763,2.64,8.46,0.34,3.12,,,,,,,,
2026-06-06T03:14:16Z,1.92,8.34,61.54,15.952,2.79,8.46,0.31,1.24,,,,,,,,
2026-06-06T03:15:48Z,1.43,8.42,61.84,16.226,2.81,8.51,0.33,1.54,,,,,,,,
2026-06-06T03:17:20Z,0.95,8.39,61.83,16.354,2.91,8.52,0.33,1.44,,,,,,,,
2026-06-06T07:02:04Z,6.13,6.48,57.11,11.756,4.45,7.41,0.64,2.97,,,,,,,,
2026-06-06T07:03:38Z,5.46,6.92,56.8,11.945,4.04,7.37,0.59,2.69,,,,,,,,
2026-06-06T07:05:11Z,4.93,7.32,56.31,12.157,3.76,7.38,0.54,2.42,,,,,,,,
2026-06-06T07:06:43Z,4.46,7.68,55.19,12.35,3.42,7.48,0.55,2.69,,,,,,,,
2026-06-06T07:08:16Z,3.95,8.22,55.29,12.834,3.31,7.8,0.56,2.65,,,,,,,,
2026-06-06T07:09:49Z,3.46,8.28,56.16,13.11,3.11,7.96,0.5,2.43,,,,,,,,
2026-06-06T07:11:22Z,2.96,8.4,59.88,14.205,2.85,8.42,0.45,1.85,,,,,,,,
2026-06-06T07:12:55Z,2.48,8.34,61.08,14.76,2.85,8.52,0.39,1.43,,,,,,,,
2026-06-06T07:14:28Z,1.95,8.28,61.77,15.769,2.82,8.51,0.38,2.11,,,,,,,,
2026-06-06T07:16:01Z,1.48,8.26,61.79,15.95,2.69,8.52,0.33,3.5,,,,,,,,
2026-06-06T07:17:34Z,0.98,8.29,61.79,15.954,2.8,8.52,0.34,1.14,,,,,,,,
2026-06-06T11:02:06Z,6.11,6.44,56.94,11.577,4.65,7.39,0.64,3.06,,,,,,,,
2026-06-06T11:03:40Z,5.5,6.81,56.6,12.044,3.77,7.31,0.58,2.46,,,,,,,,
2026-06-06T11:05:13Z,4.97,7.79,55.96,12.631,3.4,7.45,0.62,2.99,,,,,,,,
2026-06-06T11:06:46Z,4.46,8.14,55.79,12.943,3.27,7.69,0.53,2.73,,,,,,,,
2026-06-06T11:08:19Z,3.99,8.07,60.11,13.439,3.19,7.88,0.58,2.26,,,,,,,,
2026-06-06T11:09:52Z,3.48,8.26,59.76,14.04,3.04,8.15,0.42,1.52,,,,,,,,
2026-06-06T11:11:25Z,2.96,8.31,60.26,14.155,3.01,8.18,0.39,1.59,,,,,,,,
2026-06-06T11:12:58Z,2.48,8.3,60.74,14.44,2.91,8.26,0.38,1.75,,,,,,,,
2026-06-06T11:14:31Z,1.97,8.24,61.25,15.159,3.04,8.28,0.42,1.35,,,,,,,,
2026-06-06T11:16:04Z,1.47,8.16,61.84,15.841,2.77,8.32,0.39,1.35,,,,,,,,
2026-06-06T11:17:37Z,0.98,8.15,61.86,15.862,2.75,8.32,0.37,1.5,,,,,,,,
2026-06-06T15:02:00Z,6.03,6.6,56.8,12.028,4.09,7.44,0.57,2.79,,,,,,,,
2026-06-06T15:03:33Z,5.44,6.38,57.05,11.816,4,7.3,0.62,2.82,,,,,,,,
2026-06-06T15:05:06Z,4.93,7.51,56.26,12.234,3.59,7.38,0.54,2.61,,,,,,,,
2026-06-06T15:06:38Z,4.45,7.93,57.5,12.932,3.33,7.65,0.53,2.55,,,,,,,,
2026-06-06T15:08:11Z,3.93,8.2,57.13,13.286,3.11,8.06,0.41,2.03,,,,,,,,
2026-06-06T15:09:44Z,3.44,8.32,59.72,14.007,3.07,8.3,0.42,1.64,,,,,,,,
2026-06-06T15:11:16Z,2.94,8.44,59.7,14.517,3.02,8.5,0.38,1.48,,,,,,,,
2026-06-06T15:12:48Z,2.45,8.35,61.06,14.801,3.08,8.38,0.41,1.42,,,,,,,,
2026-06-06T15:14:20Z,1.95,8.14,61.63,15.47,2.93,8.42,0.37,1.18,,,,,,,,
2026-06-06T15:15:53Z,1.44,8.15,61.63,15.486,2.93,8.43,0.38,1.39,,,,,,,,
2026-06-06T15:17:26Z,0.95,8.14,61.51,15.517,2.79,8.44,0.31,1.17,,,,,,,,
2026-06-06T19:01:58Z,6.12,5.98,57.29,11.591,4.73,7.32,0.55,2.42,,,,,,,,
2026-06-06T19:03:31Z,5.39,6.76,56.98,11.982,3.82,7.22,0.49,2.06,,,,,,,,
2026-06-06T19:05:03Z,4.85,7.2,56.46,12.203,3.56,7.22,0.49,2,,,,,,,,
2026-06-06T19:06:35Z,4.4,7.79,55.72,12.493,3.24,7.32,0.51,2.48,,,,,,,,
2026-06-06T19:08:07Z,3.87,8.06,57.53,13.083,3.18,7.6,0.47,1.95,,,,,,,,
2026-06-06T19:09:39Z,3.39,8.18,58.42,13.693,3.22,7.88,0.42,1.67,,,,,,,,
2026-06-06T19:11:11Z,2.91,8.48,60.03,14.638,2.93,8.38,0.38,1.5,,,,,,,,
2026-06-06T19:12:43Z,2.4,8.36,60.8,15.315,2.74,8.37,0.34,1.18,,,,,,,,
2026-06-06T19:14:15Z,1.87,8.33,61.03,15.466,2.94,8.37,0.35,1.25,,,,,,,,
2026-06-06T19:15:47Z,1.38,8.32,61.31,15.786,2.91,8.36,0.3,1.97,,,,,,,,
2026-06-06T19:17:19Z,0.93,8.31,61.33,15.993,2.9,8.36,0.28,1.02,,,,,,,,
2026-06-06T23:01:58Z,6.11,6.45,56.9,11.973,4.55,7.38,0.59,2.83,,,,,,,,
2026-06-06T23:03:31Z,5.4,7.28,55.74,12.283,4.01,7.44,0.6,2.94,,,,,,,,
2026-06-06T23:05:03Z,4.92,7.37,55.55,12.316,4.11,7.42,0.57,2.8,,,,,,,,
2026-06-06T23:06:35Z,4.39,7.91,55.61,12.702,3.43,7.59,0.53,2.72,,,,,,,,
2026-06-06T23:08:07Z,3.88,8.35,57.48,13.379,3.25,8.14,0.46,2.22,,,,,,,,
2026-06-06T23:09:39Z,3.42,8.53,59,14.061,3.06,8.52,0.43,1.95,,,,,,,,
2026-06-06T23:11:11Z,2.92,8.67,60.07,14.598,2.95,8.69,0.39,1.45,,,,,,,,
2026-06-06T23:12:43Z,2.4,8.58,61.25,15.443,2.84,8.71,0.33,1.35,,,,,,,,
2026-06-06T23:14:15Z,1.9,8.4,61.18,16.493,3.14,8.61,0.42,1.48,,,,,,,,
2026-06-06T23:15:47Z,1.4,8.5,61.13,16.246,2.84,8.68,0.39,1.64,,,,,,,,
2026-06-06T23:17:19Z,0.93,8.25,60.89,17.394,2.63,8.51,0.28,0.96,,,,,,,,
2026-06-07T03:01:59Z,6.06,6.38,56.88,11.887,4.57,7.42,0.61,2.87,,,,,,,,
2026-06-07T03:03:32Z,5.4,7.25,54.69,12.265,4.34,7.39,0.67,3.22,,,,,,,,
2026-06-07T03:05:04Z,4.94,7.56,53.91,12.375,4.18,7.39,0.68,3.24,,,,,,,,
2026-06-07T03:06:36Z,4.42,7.88,53.14,12.48,3.9,7.46,0.61,3.51,,,,,,,,
2026-06-07T03:08:08Z,3.93,8.06,52.68,12.571,3.61,7.55,0.56,3.5,,,,,,,,
2026-06-07T03:09:41Z,3.42,8.15,54.59,12.873,3.6,7.67,0.59,3.29,,,,,,,,
2026-06-07T03:11:13Z,2.91,8.38,54.68,13.088,3.4,7.91,0.5,2.74,,,,,,,,
2026-06-07T03:12:45Z,2.43,9.01,60.04,14.288,2.96,8.71,0.45,2.35,,,,,,,,
2026-06-07T03:14:17Z,1.93,8.42,60.59,16.103,2.81,8.47,0.37,1.86,,,,,,,,
2026-06-07T03:15:49Z,1.42,8.36,60.6,16.865,2.7,8.42,0.37,1.32,,,,,,,,
2026-06-07T03:17:22Z,0.93,8.3,60.64,17.167,2.89,8.42,0.34,1.01,,,,,,,,
2026-06-07T07:02:04Z,6.08,6.15,56.85,12.077,4.77,7.41,1.28,3.53,,,,,,,,
2026-06-07T07:03:38Z,5.45,7.06,55.36,12.236,3.97,7.41,0.62,2.95,,,,,,,,
2026-06-07T07:05:11Z,4.94,7.66,53.77,12.475,3.67,7.49,0.61,2.79,,,,,,,,
2026-06-07T07:06:43Z,4.46,7.98,56.31,12.729,3.83,7.69,0.65,3.05,,,,,,,,
2026-06-07T07:08:16Z,3.95,8.19,54.77,12.874,3.46,7.84,0.59,3.08,,,,,,,,
2026-06-07T07:09:49Z,3.46,8.21,56.79,13.15,3.35,7.91,0.52,2.67,,,,,,,,
2026-06-07T07:11:22Z,2.96,8.92,59.93,14.181,3.04,8.7,0.53,2.08,,,,,,,,
2026-06-07T07:12:55Z,2.46,8.48,60.25,15.117,2.89,8.63,0.4,1.7,,,,,,,,
2026-06-07T07:14:28Z,1.98,8.47,60.75,15.601,2.83,8.62,0.35,1.51,,,,,,,,
2026-06-07T07:16:01Z,1.48,8.4,60.74,15.891,2.63,8.59,0.36,9.21,,,,,,,,
2026-06-07T07:17:34Z,0.96,8.29,60.83,16.538,2.74,8.52,0.36,1.5,,,,,,,,
2026-06-07T11:02:06Z,6.1,5.99,57.08,11.907,4.59,7.4,0.71,3.12,,,,,,,,
2026-06-07T11:03:43Z,5.42,6.92,55.49,12.167,3.92,7.39,0.65,2.97,,,,,,,,
2026-06-07T11:05:16Z,4.94,7.54,55.54,12.545,3.58,7.5,0.65,2.93,,,,,,,,
2026-06-07T11:06:49Z,4.47,8.13,56.26,12.91,3.75,7.81,0.63,3.14,,,,,,,,
2026-06-07T11:08:22Z,3.96,8.25,56.11,13.249,3.34,7.98,0.56,2.88,,,,,,,,
2026-06-07T11:09:55Z,3.48,8.5,57.35,13.889,3.19,8.4,0.52,2.53,,,,,,,,
2026-06-07T11:11:28Z,2.97,8.52,59.6,14.549,2.93,8.57,0.49,2.09,,,,,,,,
2026-06-07T11:13:01Z,2.47,8.46,60.52,15.12,2.79,8.66,0.42,1.79,,,,,,,,
2026-06-07T11:14:34Z,1.97,8.41,60.84,15.63,2.83,8.58,0.47,1.53,,,,,,,,
2026-06-07T11:16:07Z,1.47,8.23,60.68,16.063,2.75,8.48,0.38,1.56,,,,,,,,
2026-06-07T11:17:40Z,0.99,8.11,60.55,16.255,2.89,8.43,0.42,1.5,,,,,,,,
2026-06-07T15:02:04Z,6.12,6.14,56.86,11.916,4.42,7.4,0.62,3.04,,,,,,,,
2026-06-07T15:03:38Z,5.44,7.15,54.87,12.27,3.69,7.4,0.7,2.86,,,,,,,,
2026-06-07T15:05:11Z,4.93,7.62,54.87,12.555,3.53,7.52,0.62,3,,,,,,,,
2026-06-07T15:06:43Z,4.45,8.13,55.93,13.04,3.54,7.84,0.57,3.13,,,,,,,,
2026-06-07T15:08:16Z,3.94,8.35,57.19,13.552,3.28,8.12,0.51,2.59,,,,,,,,
2026-06-07T15:09:49Z,3.46,8.47,59.41,14.089,3.17,8.42,0.46,2.1,,,,,,,,
2026-06-07T15:11:22Z,2.94,8.5,60.21,14.624,3.41,8.55,0.38,1.85,,,,,,,,
2026-06-07T15:12:55Z,2.44,8.65,61.56,15.327,3.03,8.74,0.38,1.47,,,,,,,,
2026-06-07T15:14:28Z,1.94,8.2,60.55,15.774,2.63,8.47,0.34,1.2,,,,,,,,
2026-06-07T15:16:01Z,1.45,8.11,60.42,15.881,2.7,8.45,0.33,0.99,,,,,,,,
2026-06-07T15:17:34Z,0.94,8.13,60.43,15.918,2.6,8.44,0.28,1.21,,,,,,,,
2026-06-07T19:01:58Z,6.09,6.06,57.19,11.821,4.38,7.27,0.55,2.38,,,,,,,,
2026-06-07T19:03:31Z,5.42,6.79,56.16,12.131,3.81,7.27,0.53,2.28,,,,,,,,
2026-06-07T19:05:03Z,4.89,7.48,54.77,12.387,3.57,7.35,0.55,2.38,,,,,,,,
2026-06-07T19:06:35Z,4.4,7.61,54.77,12.53,3.44,7.38,0.53,2.63,,,,,,,,
2026-06-07T19:08:07Z,3.91,8.03,57.24,13.515,3.47,7.8,0.5,2.36,,,,,,,,
2026-06-07T19:09:39Z,3.41,8.56,59.72,14.527,2.99,8.56,0.44,1.78,,,,,,,,
2026-06-07T19:11:11Z,2.89,8.21,60.62,16.294,2.79,8.46,0.35,1.13,,,,,,,,
2026-06-07T19:12:43Z,2.42,8.17,60.64,16.702,2.71,8.47,0.31,1.29,,,,,,,,
2026-06-07T19:14:15Z,1.9,8.19,60.63,16.792,2.6,8.47,0.28,1.04,,,,,,,,
2026-06-07T19:15:47Z,1.41,8.13,60.59,16.881,2.71,8.47,0.26,0.9,,,,,,,,
2026-06-07T19:17:19Z,0.92,8.16,60.6,16.908,2.55,8.46,0.22,0.82,,,,,,,,
2026-06-07T23:01:59Z,6.08,7.16,54.67,12.4,4.39,7.47,0.56,2.76,,,,,,,,
2026-06-07T23:03:32Z,5.41,7.41,53.79,12.452,4.45,7.44,0.59,2.93,,,,,,,,
2026-06-07T23:05:04Z,4.89,7.87,52.35,12.6,4.19,7.53,0.54,2.91,,,,,,,,
2026-06-07T23:06:36Z,4.42,8.05,51.62,12.646,3.84,7.62,0.48,2.81,,,,,,,,
2026-06-07T23:08:08Z,3.9,8.22,53.39,12.958,3.45,7.78,0.45,2.47,,,,,,,,
2026-06-07T23:09:40Z,3.4,8.36,60.79,17.138,2.61,8.57,0.32,1.11,,,,,,,,
2026-06-07T23:11:12Z,2.92,8.24,60.66,17.299,2.6,8.52,0.31,1.27,,,,,,,,
2026-06-07T23:12:44Z,2.44,8.23,60.58,17.392,2.59,8.52,0.29,0.98,,,,,,,,
2026-06-07T23:14:16Z,1.91,8.12,60.46,17.578,2.83,8.5,0.29,1.1,,,,,,,,
2026-06-07T23:15:48Z,1.41,8.14,60.47,17.633,2.8,8.5,0.29,0.85,,,,,,,,
2026-06-07T23:17:20Z,0.92,8.13,60.47,17.636,2.74,8.5,0.26,1.12,,,,,,,,
2026-06-08T03:01:59Z,6.06,7.89,51.17,12.755,4.37,7.7,0.52,3.19,,,,,,,,
2026-06-08T03:03:32Z,5.44,8.02,50.95,12.649,4.05,7.66,0.54,3.06,,,,,,,,
2026-06-08T03:05:04Z,4.92,8.05,50.87,12.65,4.09,7.59,0.56,3.13,,,,,,,,
2026-06-08T03:06:36Z,4.43,8.12,50.65,12.687,3.94,7.59,0.52,2.9,,,,,,,,
2026-06-08T03:08:08Z,3.92,8.18,50.5,12.712,3.96,7.61,0.51,2.91,,,,,,,,
2026-06-08T03:09:40Z,3.42,8.58,52.3,13.357,3.38,8.03,0.46,2.62,,,,,,,,
2026-06-08T03:11:12Z,2.93,8.26,59.98,16.934,2.92,8.49,0.37,1.76,,,,,,,,
2026-06-08T03:12:44Z,2.45,8.21,60.17,17.24,3.06,8.47,0.34,1.39,,,,,,,,
2026-06-08T03:14:16Z,1.94,8.22,60.35,17.34,2.93,8.46,0.34,1.38,,,,,,,,
2026-06-08T03:15:48Z,1.44,8.2,60.34,17.372,2.82,8.45,0.32,1.21,,,,,,,,
2026-06-08T03:17:20Z,0.95,8.19,60.44,17.401,2.66,8.44,0.31,1.79,,,,,,,,
2026-06-08T07:02:01Z,6.05,8.2,49.99,12.842,3.97,7.82,0.55,3.39,,,,,,,,
2026-06-08T07:03:34Z,5.46,8.24,50.01,12.799,3.79,7.73,0.53,3.2,,,,,,,,
2026-06-08T07:05:07Z,4.94,8.31,49.81,12.827,3.79,7.66,0.49,2.8,,,,,,,,
2026-06-08T07:06:40Z,4.44,8.38,49.62,12.854,3.64,7.68,0.47,2.71,,,,,,,,
2026-06-08T07:08:13Z,3.94,8.39,49.49,12.882,3.62,7.71,0.52,3.02,,,,,,,,
2026-06-08T07:09:46Z,3.45,8.82,48.85,13.282,3.21,8.11,0.4,2.5,,,,,,,,
2026-06-08T07:11:19Z,2.95,8.34,58.98,15.885,2.93,8.46,0.37,1.69,,,,,,,,
2026-06-08T07:12:52Z,2.46,8.33,59.24,16.065,2.94,8.45,0.36,1.22,,,,,,,,
2026-06-08T07:14:25Z,1.98,8.26,59.14,16.241,3.06,8.4,0.34,2.18,,,,,,,,
2026-06-08T07:15:58Z,1.48,8.25,59.45,16.397,3.04,8.39,0.37,1.73,,,,,,,,
2026-06-08T07:17:31Z,0.98,8.24,59.86,16.741,2.84,8.38,0.33,2.15,,,,,,,,
2026-06-08T11:02:05Z,6.11,7.93,51,12.852,3.91,7.71,0.56,3.08,,,,,,,,
2026-06-08T11:03:39Z,5.47,7.95,50.85,12.735,3.78,7.66,0.58,3.06,,,,,,,,
2026-06-08T11:05:12Z,4.95,8.04,50.74,12.749,3.51,7.65,0.66,3.19,,,,,,,,
2026-06-08T11:06:45Z,4.46,8.14,50.67,12.794,3.59,7.65,0.58,3.19,,,,,,,,
2026-06-08T11:08:18Z,3.96,8.29,51.37,13.038,3.39,7.77,0.56,6.38,,,,,,,,
2026-06-08T11:09:51Z,3.48,8.42,51.17,13.293,3.41,7.92,0.48,2.5,,,,,,,,
2026-06-08T11:11:24Z,2.96,8.21,59.19,15.891,3.3,8.51,0.42,1.67,,,,,,,,
2026-06-08T11:12:57Z,2.46,8.15,59.23,16.044,2.91,8.46,0.38,4.92,,,,,,,,
2026-06-08T11:14:30Z,1.98,8.13,59.17,16.059,2.93,8.46,0.38,7.32,,,,,,,,
2026-06-08T11:16:03Z,1.49,8.13,59.32,16.084,2.84,8.46,0.35,1.6,,,,,,,,
2026-06-08T11:17:36Z,0.98,8.11,59.3,16.099,2.78,8.46,0.35,1.55,,,,,,,,
2026-06-08T15:02:04Z,6.11,7.04,53.48,12.525,3.97,7.53,0.63,3.1,,,,,,,,
2026-06-08T15:03:38Z,5.44,7.67,51.55,12.645,3.64,7.5,0.55,3,,,,,,,,
2026-06-08T15:05:11Z,4.93,8.12,50.39,12.881,3.53,7.65,0.45,2.83,,,,,,,,
2026-06-08T15:06:43Z,4.44,8.2,53.64,13.122,3.39,7.76,0.52,2.79,,,,,,,,
2026-06-08T15:08:15Z,3.94,8.32,56.71,13.392,3.49,7.97,0.6,3.18,,,,,,,,
2026-06-08T15:09:48Z,3.44,8.4,54.89,13.663,3.35,8.06,0.49,3.05,,,,,,,,
2026-06-08T15:11:20Z,2.94,8.12,59.25,15.336,3.1,8.28,0.39,1.46,,,,,,,,
2026-06-08T15:12:53Z,2.43,8.02,59.22,15.842,2.85,8.34,0.35,1.49,,,,,,,,
2026-06-08T15:14:26Z,1.95,8.11,59.34,15.929,2.74,8.41,0.29,1.26,,,,,,,,
2026-06-08T15:15:59Z,1.41,8.11,59.35,15.964,2.9,8.43,0.36,1.26,,,,,,,,
2026-06-08T15:17:31Z,0.94,8.13,59.4,15.991,3.17,8.44,0.31,1.21,,,,,,,,
2026-06-08T19:01:59Z,6.07,6.64,54.71,12.255,4.18,7.42,0.58,2.75,,,,,,,,
2026-06-08T19:03:32Z,5.42,7.47,52.5,12.544,3.72,7.47,0.52,2.88,,,,,,,,
2026-06-08T19:05:04Z,4.9,7.87,51.7,12.755,3.51,7.57,0.52,2.73,,,,,,,,
2026-06-08T19:06:36Z,4.41,8.28,51.37,13.012,3.36,7.84,0.5,2.98,,,,,,,,
2026-06-08T19:08:08Z,3.92,8.48,54.5,13.572,3.37,8.15,0.51,2.62,,,,,,,,
2026-06-08T19:09:40Z,3.4,8.54,56.6,14.008,3.33,8.41,0.53,2.35,,,,,,,,
2026-06-08T19:11:12Z,2.92,8.1,59.07,15.933,3.03,8.48,0.35,2.35,,,,,,,,
2026-06-08T19:12:44Z,2.44,8.3,59.22,16.18,2.92,8.64,0.35,1.47,,,,,,,,
2026-06-08T19:14:16Z,1.9,8.15,59.84,16.873,2.7,8.58,0.28,1.03,,,,,,,,
2026-06-08T19:15:48Z,1.42,8.16,59.86,16.923,2.67,8.58,0.28,1.01,,,,,,,,
2026-06-08T19:17:20Z,0.92,8.13,59.96,17.004,2.73,8.57,0.27,1.03,,,,,,,,
2026-06-08T23:01:59Z,6.08,7.24,52.85,12.494,4.09,7.46,0.58,3.09,,,,,,,,
2026-06-08T23:03:32Z,5.42,7.73,51.53,12.658,3.84,7.5,0.54,3.01,,,,,,,,
2026-06-08T23:05:04Z,4.92,8.07,50.86,12.895,3.54,7.55,0.5,3.12,,,,,,,,
2026-06-08T23:06:36Z,4.42,8.57,54.03,13.455,3.3,8.05,0.5,2.52,,,,,,,,
2026-06-08T23:08:08Z,3.93,8.67,56.48,14.133,3.12,8.3,0.46,1.67,,,,,,,,
2026-06-08T23:09:40Z,3.4,8.22,60.28,17.222,2.74,8.47,0.32,1.36,,,,,,,,
2026-06-08T23:11:12Z,2.92,8.21,60.32,17.36,2.75,8.45,0.31,0.93,,,,,,,,
2026-06-08T23:12:44Z,2.4,8.2,60.39,17.473,2.74,8.45,0.32,1.13,,,,,,,,
2026-06-08T23:14:16Z,1.89,8.18,60.45,17.601,2.84,8.45,0.3,1.19,,,,,,,,
2026-06-08T23:15:48Z,1.38,8.18,60.48,17.673,2.76,8.44,0.25,1.12,,,,,,,,
2026-06-08T23:17:20Z,0.92,8.16,60.5,17.741,2.8,8.43,0.26,1.03,,,,,,,,
2026-06-09T03:01:59Z,6.07,7.8,51.25,12.776,4.02,7.62,0.51,3.11,,,,,,,,
2026-06-09T03:03:32Z,5.44,7.9,50.97,12.812,4.06,7.6,0.56,2.96,,,,,,,,
2026-06-09T03:05:04Z,4.92,7.94,50.81,12.835,3.99,7.6,0.57,3.13,,,,,,,,
2026-06-09T03:06:36Z,4.43,8.13,50.4,12.977,3.67,7.68,0.51,3.06,,,,,,,,
2026-06-09T03:08:08Z,3.92,8.28,59.31,16.665,2.84,8.68,0.31,1.5,,,,,,,,
2026-06-09T03:09:40Z,3.43,8.19,59.4,16.916,2.78,8.65,0.3,2.11,,,,,,,,
2026-06-09T03:11:12Z,2.91,8.16,59.56,17.014,2.91,8.64,0.3,1.19,,,,,,,,
2026-06-09T03:12:44Z,2.42,8.2,59.61,17.056,3,8.65,0.3,1.56,,,,,,,,
2026-06-09T03:14:16Z,1.93,8.17,59.68,17.101,2.74,8.64,0.33,1.17,,,,,,,,
2026-06-09T03:15:49Z,1.42,8.23,60.31,17.627,2.82,8.65,0.32,1.23,,,,,,,,
2026-06-09T03:17:21Z,0.93,8.03,60.17,18.304,2.83,8.58,0.28,1.26,,,,,,,,
2026-06-09T07:02:04Z,6.09,7.98,49.29,12.986,3.91,7.74,0.58,3.38,,,,,,,,
2026-06-09T07:03:38Z,5.47,8.01,49.43,12.873,3.86,7.66,0.59,3.24,,,,,,,,
2026-06-09T07:05:11Z,4.93,8.13,49.11,12.962,3.71,7.69,0.59,2.77,,,,,,,,
2026-06-09T07:06:43Z,4.47,8.59,49.64,14.259,3.12,8.24,0.43,2.47,,,,,,,,
2026-06-09T07:08:16Z,3.96,8.38,58.34,15.72,2.93,8.74,0.41,1.94,,,,,,,,
2026-06-09T07:09:49Z,3.47,8.32,58.45,15.868,2.93,8.74,0.36,1.51,,,,,,,,
2026-06-09T07:11:22Z,2.96,8.31,58.84,15.983,2.95,8.72,0.35,1.81,,,,,,,,
2026-06-09T07:12:55Z,2.47,8.24,59.05,16.123,3.01,8.7,0.36,1.48,,,,,,,,
2026-06-09T07:14:28Z,1.97,8.23,58.79,16.296,2.97,8.69,0.34,1.37,,,,,,,,
2026-06-09T07:16:01Z,1.46,8.2,58.75,16.307,2.79,8.69,0.33,2.26,,,,,,,,
2026-06-09T07:17:34Z,0.98,8.24,58.65,16.299,3.04,8.7,0.3,1.56,,,,,,,,
2026-06-09T11:02:03Z,5.99,7.8,50,12.986,3.85,7.69,0.58,3.05,,,,,,,,
2026-06-09T11:03:36Z,5.46,7.88,49.93,12.92,3.76,7.62,0.6,3.13,,,,,,,,
2026-06-09T11:05:09Z,4.97,7.97,49.83,12.99,3.72,7.63,0.56,3.08,,,,,,,,
2026-06-09T11:06:42Z,4.47,8.05,49.78,13.087,3.64,7.66,0.51,3.06,,,,,,,,
2026-06-09T11:08:15Z,3.99,8.35,56.61,14.835,3.13,8.52,0.47,2.09,,,,,,,,
2026-06-09T11:09:48Z,3.5,8.21,59.03,15.878,3.06,8.7,0.32,1.63,,,,,,,,
2026-06-09T11:11:21Z,3,8.13,58.89,16.081,3.13,8.63,0.34,1.64,,,,,,,,
2026-06-09T11:12:54Z,2.49,8.09,58.92,16.089,2.85,8.63,0.34,1.41,,,,,,,,
2026-06-09T11:14:27Z,1.98,8.12,58.99,16.093,2.84,8.64,0.35,1.6,,,,,,,,
2026-06-09T11:16:00Z,1.48,8.1,58.95,16.104,2.81,8.64,0.34,1.67,,,,,,,,
2026-06-09T11:17:33Z,1,8.1,58.93,16.094,3.01,8.64,0.35,1.69,,,,,,,,
2026-06-09T15:02:00Z,6.03,7.38,51.48,12.911,3.94,7.62,0.65,3.47,,,,,,,,
2026-06-09T15:03:33Z,5.44,7.58,51.5,12.806,3.73,7.53,0.63,3.32,,,,,,,,
2026-06-09T15:05:06Z,4.93,7.92,50.78,12.992,3.48,7.61,0.56,3.15,,,,,,,,
2026-06-09T15:06:38Z,4.45,7.99,51.87,13.184,3.49,7.67,0.58,8.13,,,,,,,,
2026-06-09T15:08:11Z,3.92,8.1,54.75,13.708,3.46,7.8,0.51,2.93,,,,,,,,
2026-06-09T15:09:43Z,3.44,7.84,58.59,15.386,2.99,8.22,0.38,1.27,,,,,,,,
2026-06-09T15:11:16Z,2.94,7.95,59.07,15.994,2.67,8.53,0.33,1.54,,,,,,,,
2026-06-09T15:12:49Z,2.45,8,59.33,16.083,3.02,8.58,0.33,2.69,,,,,,,,
2026-06-09T15:14:22Z,1.93,8.02,59.39,16.114,2.84,8.6,0.34,1.41,,,,,,,,
2026-06-09T15:15:55Z,1.43,8.02,59.45,16.124,2.77,8.6,0.3,1.29,,,,,,,,
2026-06-09T15:17:28Z,0.94,8.02,59.54,16.133,3.02,8.6,0.3,1.23,,,,,,,,
2026-06-09T19:01:58Z,6.08,7.43,51.68,12.771,3.92,7.44,0.52,2.47,,,,,,,,
2026-06-09T19:03:31Z,5.4,7.83,51.78,12.975,3.57,7.5,0.49,2.78,,,,,,,,
2026-06-09T19:05:03Z,4.93,7.95,51.57,13.145,3.53,7.55,0.5,2.84,,,,,,,,
2026-06-09T19:06:35Z,4.38,8.14,57.16,15.172,3.45,8.3,0.39,1.8,,,,,,,,
2026-06-09T19:08:07Z,3.88,8.09,58.94,16.439,2.92,8.6,0.29,1.29,,,,,,,,
2026-06-09T19:09:39Z,3.43,8.06,58.85,16.48,2.75,8.59,0.27,1.32,,,,,,,,
2026-06-09T19:11:11Z,2.92,8.1,58.83,16.503,2.86,8.58,0.26,1.14,,,,,,,,
2026-06-09T19:12:43Z,2.42,8.09,58.85,16.474,2.82,8.61,0.29,1.36,,,,,,,,
2026-06-09T19:14:15Z,1.89,8.11,58.88,16.496,2.86,8.61,0.29,1.16,,,,,,,,
2026-06-09T19:15:47Z,1.44,8.1,58.82,16.505,2.89,8.61,0.25,1.08,,,,,,,,
2026-06-09T19:17:19Z,0.94,8.09,58.82,16.509,2.85,8.62,0.25,1.06,,,,,,,,
2026-06-09T23:01:59Z,6.06,7.76,51.59,13.659,3.65,7.65,0.43,2.69,,,,,,,,
2026-06-09T23:03:32Z,5.44,7.89,53.63,14.471,3.48,7.83,0.39,2.11,,,,,,,,
2026-06-09T23:05:05Z,4.89,7.96,54.73,15.225,3.29,8.17,0.34,1.92,,,,,,,,
2026-06-09T23:06:37Z,4.4,8.04,55.77,15.94,2.94,8.47,0.3,3.37,,,,,,,,
2026-06-09T23:08:09Z,3.91,8.06,56.63,16.096,3.05,8.52,0.3,1.11,,,,,,,,
2026-06-09T23:09:41Z,3.43,8.05,56.38,16.033,3.03,8.51,0.3,1.47,,,,,,,,
2026-06-09T23:11:13Z,2.9,8.04,57.17,16.239,3.1,8.58,0.27,1.4,,,,,,,,
2026-06-09T23:12:45Z,2.43,8.04,57.67,16.342,3.03,8.61,0.29,1.59,,,,,,,,
2026-06-09T23:14:17Z,1.92,8.06,58.05,16.458,3.09,8.63,0.26,1.11,,,,,,,,
2026-06-09T23:15:49Z,1.42,8.07,57.99,16.435,3.03,8.62,0.29,3.72,,,,,,,,
2026-06-09T23:17:21Z,0.93,8.05,57.99,16.432,3.22,8.63,0.28,1.16,,,,,,,,
2026-06-10T03:01:59Z,6.02,7.74,52.58,14.214,3.59,7.78,0.44,2.49,,,,,,,,
2026-06-10T03:03:32Z,5.43,7.99,55.96,15.601,3.08,8.44,0.33,2.54,,,,,,,,
2026-06-10T03:05:04Z,4.92,7.99,56.17,15.63,3.17,8.47,0.29,2.32,,,,,,,,
2026-06-10T03:06:36Z,4.44,7.98,56.2,15.63,3.13,8.48,0.32,1.69,,,,,,,,
2026-06-10T03:08:08Z,3.93,8.03,56.5,15.671,3.04,8.52,0.32,1.76,,,,,,,,
2026-06-10T03:09:40Z,3.43,8.03,56.17,15.708,2.97,8.51,0.31,1.81,,,,,,,,
2026-06-10T03:11:13Z,2.92,8,55.8,15.812,3.22,8.51,0.3,1.7,,,,,,,,
2026-06-10T03:12:46Z,2.42,8.02,56.24,15.903,3.03,8.51,0.29,1.45,,,,,,,,
2026-06-10T03:14:18Z,1.94,7.98,56.24,15.904,3.1,8.51,0.3,1.44,,,,,,,,
2026-06-10T03:15:51Z,1.42,8,56.25,15.894,3.21,8.52,0.31,1.2,,,,,,,,
2026-06-10T03:17:23Z,0.96,7.98,56.16,15.884,3.05,8.52,0.31,1.95,,,,,,,,
2026-06-10T07:02:02Z,6.02,7.79,56.83,15.417,3.2,8.5,0.37,2.4,,,,,,,,
2026-06-10T07:03:35Z,5.46,7.87,57.29,15.525,3.07,8.55,0.4,1.63,,,,,,,,
2026-06-10T07:05:08Z,4.97,7.89,57.31,15.537,3.17,8.56,0.38,2.13,,,,,,,,
2026-06-10T07:06:41Z,4.45,7.86,56.86,15.558,3.25,8.53,0.31,1.89,,,,,,,,
2026-06-10T07:08:14Z,3.95,7.88,57.28,15.546,3.16,8.56,0.34,2.49,,,,,,,,
2026-06-10T07:09:47Z,3.48,7.9,57.21,15.557,3.26,8.56,0.35,1.82,,,,,,,,
2026-06-10T07:11:20Z,2.98,7.86,57.01,15.56,3.29,8.54,0.35,1.69,,,,,,,,
2026-06-10T07:12:53Z,2.48,7.86,56.57,15.558,3.05,8.5,0.33,1.5,,,,,,,,
2026-06-10T07:14:26Z,1.96,7.87,56.59,15.563,3.25,8.5,0.36,7.01,,,,,,,,
2026-06-10T07:15:59Z,1.47,7.85,56.54,15.561,3.34,8.49,0.33,2.78,,,,,,,,
2026-06-10T07:17:32Z,0.99,7.88,56.54,15.565,3.09,8.49,0.42,1.8,,,,,,,,
2026-06-10T11:02:03Z,6.03,7.73,56.95,15.361,3.15,8.38,0.38,1.44,,,,,,,,
2026-06-10T11:03:36Z,5.48,7.75,57.03,15.398,3.09,8.41,0.35,5.09,,,,,,,,
2026-06-10T11:05:09Z,4.97,7.77,57.09,15.422,3.16,8.43,0.34,1.42,,,,,,,,
2026-06-10T11:06:42Z,4.48,7.77,57.08,15.422,3.13,8.43,0.35,1.48,,,,,,,,
2026-06-10T11:08:15Z,3.98,7.75,57.07,15.417,3.19,8.43,0.34,1.4,,,,,,,,
2026-06-10T11:09:48Z,3.48,7.78,57.08,15.426,3.08,8.43,0.34,1.56,,,,,,,,
2026-06-10T11:11:21Z,2.96,7.77,57.09,15.427,3.04,8.43,0.32,1.57,,,,,,,,
2026-06-10T11:12:54Z,2.49,7.76,57.08,15.418,3.06,8.43,0.33,1.63,,,,,,,,
2026-06-10T11:14:27Z,1.97,7.79,57.13,15.42,3.13,8.44,0.34,1.59,,,,,,,,
2026-06-10T11:16:00Z,1.49,7.76,57.12,15.421,3.07,8.44,0.33,3.37,,,,,,,,
2026-06-10T11:17:33Z,1,7.79,57.09,15.42,3.13,8.44,0.37,1.34,,,,,,,,
2026-06-10T15:02:02Z,6.02,7.67,56.66,15.318,3.05,8.36,0.29,1.66,,,,,,,,
2026-06-10T15:03:35Z,5.46,7.67,56.7,15.318,3.22,8.37,0.31,1.58,,,,,,,,
2026-06-10T15:05:08Z,4.96,7.7,56.92,15.318,3.1,8.4,0.29,2.13,,,,,,,,
2026-06-10T15:06:41Z,4.43,7.69,56.7,15.322,3.04,8.37,0.31,1.46,,,,,,,,
2026-06-10T15:08:13Z,3.94,7.67,56.72,15.32,3.14,8.37,0.3,1.42,,,,,,,,
2026-06-10T15:09:46Z,3.42,7.69,56.7,15.323,3.26,8.37,0.31,1.53,,,,,,,,
2026-06-10T15:11:18Z,2.94,7.7,56.79,15.329,3.24,8.38,0.32,1.44,,,,,,,,
2026-06-10T15:12:50Z,2.44,7.68,56.89,15.335,3.12,8.38,0.3,1.25,,,,,,,,
2026-06-10T15:14:23Z,1.93,7.71,56.8,15.337,3.34,8.37,0.34,1.44,,,,,,,,
2026-06-10T15:15:56Z,1.43,7.68,56.74,15.345,3.3,8.36,0.34,1.34,,,,,,,,
2026-06-10T15:17:29Z,0.94,7.7,56.68,15.346,3.1,8.36,0.29,1.57,,,,,,,,
2026-06-10T19:01:59Z,6.05,7.52,57.32,15.169,3.61,8.22,0.32,1.68,,,,,,,,
2026-06-10T19:03:32Z,5.39,7.43,56.77,15.251,2.97,8.1,0.28,1.44,,,,,,,,
2026-06-10T19:05:04Z,4.93,7.48,56.73,15.281,3.01,8.15,0.29,1.44,,,,,,,,
2026-06-10T19:06:36Z,4.42,7.68,56.52,15.564,2.98,8.39,0.27,1.77,,,,,,,,
2026-06-10T19:08:08Z,3.91,7.72,56.57,15.664,2.99,8.43,0.27,1.33,,,,,,,,
2026-06-10T19:09:40Z,3.41,7.75,56.69,15.674,3,8.44,0.26,1.22,,,,,,,,
2026-06-10T19:11:12Z,2.92,7.76,56.8,15.697,3.07,8.44,0.28,1.43,,,,,,,,
2026-06-10T19:12:44Z,2.41,7.75,56.85,15.719,3.02,8.44,0.31,1.26,,,,,,,,
2026-06-10T19:14:16Z,1.93,7.77,56.89,15.741,3.01,8.44,0.25,1.43,,,,,,,,
2026-06-10T19:15:48Z,1.4,7.74,56.95,15.774,2.97,8.44,0.22,1.09,,,,,,,,
2026-06-10T19:17:20Z,0.91,7.77,56.89,15.775,2.98,8.44,0.24,1.08,,,,,,,,
2026-06-10T23:01:58Z,6.06,7.73,57.69,15.923,2.88,8.41,0.28,1.57,,,,,,,,
2026-06-10T23:03:31Z,5.41,7.74,57.61,15.939,2.84,8.42,0.28,1.48,,,,,,,,
2026-06-10T23:05:03Z,4.91,7.76,57.65,15.949,3.01,8.43,0.29,1.96,,,,,,,,
2026-06-10T23:06:35Z,4.4,7.75,57.62,15.954,3,8.43,0.29,2.06,,,,,,,,
2026-06-10T23:08:07Z,3.9,7.75,57.54,15.961,2.86,8.43,0.28,1.64,,,,,,,,
2026-06-10T23:09:39Z,3.42,7.77,57.4,15.991,2.96,8.44,0.28,1.34,,,,,,,,
2026-06-10T23:11:11Z,2.91,7.77,57.41,15.99,2.95,8.43,0.27,1.29,,,,,,,,
2026-06-10T23:12:43Z,2.44,7.77,57.32,16.013,2.99,8.45,0.27,1.53,,,,,,,,
2026-06-10T23:14:15Z,1.93,7.8,57.21,16.057,2.96,8.44,0.26,1.52,,,,,,,,
2026-06-10T23:15:47Z,1.42,7.77,57.17,16.075,2.96,8.45,0.21,1.21,,,,,,,,
2026-06-10T23:17:19Z,0.93,7.81,57.16,16.091,2.88,8.46,0.25,1.1,,,,,,,,
2026-06-11T03:02:02Z,6.13,7.66,54.47,15.852,3.29,8.31,0.28,1.38,,,,,,,,
2026-06-11T03:03:36Z,5.43,7.66,54.7,15.852,3.32,8.33,0.25,1.59,,,,,,,,
2026-06-11T03:05:08Z,4.94,7.69,54.72,15.86,3.21,8.34,0.24,1.39,,,,,,,,
2026-06-11T03:06:40Z,4.43,7.7,54.86,15.859,3.38,8.35,0.29,1.43,,,,,,,,
2026-06-11T03:08:12Z,3.94,7.69,54.79,15.891,3.18,8.36,0.27,1.37,,,,,,,,
2026-06-11T03:09:45Z,3.42,7.7,55.08,15.86,3.24,8.36,0.26,1.4,,,,,,,,
2026-06-11T03:11:17Z,2.92,7.72,54.98,15.896,3.22,8.38,0.27,1.92,,,,,,,,
2026-06-11T03:12:49Z,2.46,7.72,54.92,15.929,3.04,8.39,0.27,1.68,,,,,,,,
2026-06-11T03:14:22Z,1.94,7.74,54.98,15.926,3.34,8.39,0.25,1.64,,,,,,,,
2026-06-11T03:15:55Z,1.44,7.73,54.96,15.943,3.19,8.39,0.28,1.14,,,,,,,,
2026-06-11T03:17:28Z,0.95,7.75,54.92,15.934,3.09,8.4,0.28,1.57,,,,,,,,
2026-06-11T07:02:02Z,6.02,7.52,55.24,15.63,3.38,8.24,0.29,1.48,,,,,,,,
2026-06-11T07:03:35Z,5.47,7.52,55.11,15.633,3.43,8.24,0.3,1.79,,,,,,,,
2026-06-11T07:05:08Z,4.97,7.53,55.01,15.637,3.43,8.23,0.3,1.71,,,,,,,,
2026-06-11T07:06:41Z,4.47,7.55,54.96,15.641,3.27,8.23,0.32,1.92,,,,,,,,
2026-06-11T07:08:14Z,3.97,7.53,54.98,15.641,3.16,8.23,0.32,1.82,,,,,,,,
2026-06-11T07:09:47Z,3.45,7.54,54.96,15.638,3.33,8.22,0.31,2.35,,,,,,,,
2026-06-11T07:11:20Z,2.97,7.55,54.89,15.638,2.97,8.22,0.4,1.58,,,,,,,,
2026-06-11T07:12:53Z,2.45,7.53,54.95,15.638,3.29,8.22,0.33,1.94,,,,,,,,
2026-06-11T07:14:26Z,1.97,7.55,54.94,15.638,3.49,8.22,0.32,1.67,,,,,,,,
2026-06-11T07:15:59Z,1.47,7.55,54.85,15.638,3.22,8.22,0.31,1.48,,,,,,,,
2026-06-11T07:17:32Z,0.98,7.54,54.86,15.642,3.35,8.22,0.32,2.03,,,,,,,,
2026-06-11T11:02:06Z,6.06,7.47,55.46,15.421,3.29,8.16,0.28,1.6,,,,,,,,
2026-06-11T11:03:39Z,5.5,7.45,55.55,15.42,3.15,8.16,0.28,1.37,,,,,,,,
2026-06-11T11:05:12Z,4.99,7.46,55.48,15.42,3.25,8.16,0.27,2.22,,,,,,,,
2026-06-11T11:06:45Z,4.48,7.47,55.49,15.419,3.35,8.16,0.27,2.62,,,,,,,,
2026-06-11T11:08:18Z,3.98,7.47,55.41,15.418,3.3,8.16,0.27,1.87,,,,,,,,
2026-06-11T11:09:51Z,3.46,7.45,55.43,15.416,3.25,8.16,0.29,1.49,,,,,,,,
2026-06-11T11:11:24Z,2.98,7.48,55.49,15.415,3.21,8.16,0.31,1.87,,,,,,,,
2026-06-11T11:12:57Z,2.5,7.47,55.53,15.415,3.15,8.16,0.27,1.63,,,,,,,,
2026-06-11T11:14:30Z,1.99,7.46,55.48,15.415,3.26,8.16,0.28,1.56,,,,,,,,
2026-06-11T11:16:03Z,1.51,7.49,55.52,15.415,3.41,8.16,0.27,1.56,,,,,,,,
2026-06-11T11:17:36Z,1,7.46,55.47,15.416,3.4,8.16,0.26,1.61,,,,,,,,
2026-06-11T15:02:02Z,6.02,7.2,54.98,15.202,3.25,7.92,0.28,1.67,,,,,,,,
2026-06-11T15:03:35Z,5.45,7.26,55,15.21,3.18,7.96,0.26,1.7,,,,,,,,
2026-06-11T15:05:08Z,4.96,7.19,54.95,15.204,3.2,7.92,0.26,1.34,,,,,,,,
2026-06-11T15:06:41Z,4.44,7.26,55.03,15.222,3.34,7.95,0.29,1.69,,,,,,,,
2026-06-11T15:08:14Z,3.94,7.3,55.03,15.219,3.35,7.98,0.26,1.36,,,,,,,,
2026-06-11T15:09:47Z,3.44,7.31,55.17,15.224,3.44,8,0.26,1.32,,,,,,,,
2026-06-11T15:11:19Z,2.95,7.35,55.16,15.221,3.35,8.03,0.23,1.38,,,,,,,,
2026-06-11T15:12:52Z,2.45,7.39,55.07,15.218,3.33,8.06,0.28,2.08,,,,,,,,
2026-06-11T15:14:25Z,1.93,7.38,55.13,15.218,3.46,8.07,0.29,1.72,,,,,,,,
2026-06-11T15:15:58Z,1.44,7.42,55.13,15.222,3.34,8.07,0.29,1.45,,,,,,,,
2026-06-11T15:17:31Z,0.95,7.39,55.12,15.217,3.31,8.07,0.25,1.36,,,,,,,,
2026-06-11T19:01:58Z,6.08,7.38,56.38,15.054,3.78,8.09,0.28,1.71,,,,,,,,
2026-06-11T19:03:31Z,5.41,7.39,56.59,15.053,3.8,8.1,0.28,1.83,,,,,,,,
2026-06-11T19:05:03Z,4.89,7.38,56.64,15.053,3.64,8.11,0.29,1.62,,,,,,,,
2026-06-11T19:06:35Z,4.41,7.37,55.18,15.151,3.06,8.05,0.28,1.54,,,,,,,,
2026-06-11T19:08:07Z,3.89,7.46,55.27,15.227,3.34,8.12,0.29,1.25,,,,,,,,
2026-06-11T19:09:39Z,3.42,7.5,55.52,15.312,3.3,8.18,0.3,1.34,,,,,,,,
2026-06-11T19:11:11Z,2.92,7.52,55.57,15.496,3.14,8.19,0.24,2.01,,,,,,,,
2026-06-11T19:12:43Z,2.4,7.54,56.42,15.693,3.06,8.25,0.25,1.15,,,,,,,,
2026-06-11T19:14:15Z,1.89,7.56,56.55,15.743,3.04,8.26,0.23,1.15,,,,,,,,
2026-06-11T19:15:47Z,1.44,7.59,56.89,15.873,2.99,8.25,0.19,0.99,,,,,,,,
2026-06-11T19:17:19Z,0.93,7.56,56.83,15.88,3.04,8.24,0.21,1,,,,,,,,
2026-06-11T23:01:58Z,6.08,7.37,56.38,14.903,4.02,8.05,0.29,3.98,,,,,,,,
2026-06-11T23:03:31Z,5.4,7.39,56.14,14.942,3.87,8.05,0.32,1.72,,,,,,,,
2026-06-11T23:05:03Z,4.92,7.38,55.67,14.985,3.58,8.03,0.26,1.76,,,,,,,,
2026-06-11T23:06:35Z,4.43,8.22,55.82,15.588,2.93,8.79,0.23,1.45,,,,,,,,
2026-06-11T23:08:07Z,3.93,7.66,57.27,16.016,2.93,8.34,0.29,1.35,,,,,,,,
2026-06-11T23:09:39Z,3.39,7.65,57.39,16.165,2.96,8.34,0.27,1.59,,,,,,,,
2026-06-11T23:11:11Z,2.93,7.66,57.4,16.218,2.84,8.34,0.23,1.55,,,,,,,,
2026-06-11T23:12:43Z,2.43,7.64,57.4,16.24,2.87,8.34,0.26,1.3,,,,,,,,
2026-06-11T23:14:15Z,1.93,7.66,57.33,16.286,2.89,8.33,0.24,1.25,,,,,,,,
2026-06-11T23:15:47Z,1.41,7.66,57.41,16.413,2.9,8.33,0.24,3.82,,,,,,,,
2026-06-11T23:17:19Z,0.94,7.67,57.45,16.468,2.9,8.33,0.23,1.19,,,,,,,,
2026-06-12T03:01:59Z,6.07,7.3,55.06,14.877,4,7.92,0.3,2.02,,,,,,,,
2026-06-12T03:03:32Z,5.44,7.36,54.7,14.872,3.88,7.93,0.31,2.02,,,,,,,,
2026-06-12T03:05:05Z,4.92,7.38,54.62,14.888,3.74,7.96,0.3,1.51,,,,,,,,
2026-06-12T03:06:37Z,4.41,7.52,54.48,15.067,3.36,8.06,0.26,1.49,,,,,,,,
2026-06-12T03:08:09Z,3.91,7.54,54.79,15.151,3.29,8.1,0.26,1.62,,,,,,,,
2026-06-12T03:09:41Z,3.42,7.54,54.92,15.201,3.29,8.12,0.26,1.65,,,,,,,,
2026-06-12T03:11:13Z,2.93,7.63,55.77,15.366,3.19,8.25,0.28,1.95,,,,,,,,
2026-06-12T03:12:45Z,2.42,7.69,57.01,16.156,3.06,8.35,0.31,1.16,,,,,,,,
2026-06-12T03:14:17Z,1.92,7.72,57.29,16.342,2.94,8.38,0.28,1.71,,,,,,,,
2026-06-12T03:15:49Z,1.44,7.73,57.42,16.542,2.87,8.4,0.25,1.78,,,,,,,,
2026-06-12T03:17:21Z,0.94,7.66,56.96,16.956,2.84,8.32,0.2,1.3,,,,,,,,
2026-06-12T07:02:05Z,6.08,7.24,55.32,14.87,3.92,7.89,0.3,1.89,,,,,,,,
2026-06-12T07:03:39Z,5.47,7.27,55.42,14.914,3.63,7.88,0.29,1.69,,,,,,,,
2026-06-12T07:05:12Z,4.95,7.22,55.77,14.959,3.68,7.89,0.31,1.45,,,,,,,,
2026-06-12T07:06:45Z,4.46,7.43,55.32,15.063,3.24,8.03,0.25,1.46,,,,,,,,
2026-06-12T07:08:18Z,3.97,7.5,55.56,15.12,3.25,8.11,0.27,1.72,,,,,,,,
2026-06-12T07:09:51Z,3.46,7.52,56.07,15.188,3.19,8.18,0.24,1.51,,,,,,,,
2026-06-12T07:11:24Z,2.96,7.52,55.5,15.22,3.1,8.15,0.24,1.57,,,,,,,,
2026-06-12T07:12:57Z,2.5,7.9,55.35,15.429,3.15,8.48,0.27,1.44,,,,,,,,
2026-06-12T07:14:30Z,1.98,7.58,56.55,15.749,2.93,8.25,0.25,2.19,,,,,,,,
2026-06-12T07:16:03Z,1.46,7.64,57.1,16.188,2.75,8.28,0.24,1.39,,,,,,,,
2026-06-12T07:17:36Z,0.98,7.61,57.08,16.231,2.79,8.29,0.26,1.35,,,,,,,,
2026-06-12T11:02:07Z,6.08,7.24,54.62,14.897,3.66,7.85,0.42,2.48,,,,,,,,
2026-06-12T11:03:44Z,5.44,7.2,55.49,14.929,3.93,7.85,0.36,1.92,,,,,,,,
2026-06-12T11:05:17Z,4.98,7.21,55.89,14.999,3.43,7.89,0.29,1.74,,,,,,,,
2026-06-12T11:06:50Z,4.5,7.35,56.49,15.113,3.4,8.02,0.3,1.97,,,,,,,,
2026-06-12T11:08:23Z,3.99,7.45,56.77,15.149,3.22,8.1,0.3,1.75,,,,,,,,
2026-06-12T11:09:56Z,3.47,7.5,57.09,15.193,3.17,8.18,0.29,1.78,,,,,,,,
2026-06-12T11:11:29Z,3,7.56,57.04,15.261,2.97,8.24,0.28,1.6,,,,,,,,
2026-06-12T11:13:02Z,2.49,7.58,57.2,15.674,2.71,8.22,0.23,1.48,,,,,,,,
2026-06-12T11:14:35Z,1.98,7.56,57.16,15.774,2.85,8.23,0.34,1.35,,,,,,,,
2026-06-12T11:16:08Z,1.48,7.59,57.14,15.78,2.97,8.23,0.23,1.45,,,,,,,,
2026-06-12T11:17:41Z,1,7.56,57.14,15.781,2.79,8.23,0.28,1.53,,,,,,,,
2026-06-12T15:02:02Z,6.04,6.99,54.78,14.823,4.09,7.71,0.41,2.49,,,,,,,,
2026-06-12T15:03:35Z,5.45,6.94,55.25,14.829,3.75,7.68,0.37,2.05,,,,,,,,
2026-06-12T15:05:08Z,4.97,7.04,55.49,14.906,3.59,7.76,0.33,1.89,,,,,,,,
2026-06-12T15:06:41Z,4.45,7.15,56,14.998,3.45,7.84,0.34,1.77,,,,,,,,
2026-06-12T15:08:14Z,3.94,7.28,56.36,15.072,3.16,7.95,0.28,1.66,,,,,,,,
2026-06-12T15:09:47Z,3.44,7.33,56.96,15.155,3.46,8.03,0.33,1.87,,,,,,,,
2026-06-12T15:11:20Z,2.95,7.42,56.72,15.235,3.01,8.1,0.26,1.66,,,,,,,,
2026-06-12T15:12:53Z,2.44,7.53,57.17,15.465,2.83,8.19,0.25,1.85,,,,,,,,
2026-06-12T15:14:26Z,1.95,7.52,57.14,15.503,2.73,8.21,0.24,2.82,,,,,,,,
2026-06-12T15:15:59Z,1.45,7.55,57.14,15.539,2.77,8.22,0.25,1.36,,,,,,,,
2026-06-12T15:17:32Z,0.95,7.54,57.09,15.565,2.8,8.22,0.25,1.91,,,,,,,,
2026-06-12T19:01:58Z,6.09,6.83,54.6,14.755,4.53,7.62,0.32,1.89,,,,,,,,
2026-06-12T19:03:31Z,5.43,7.06,54.35,14.806,3.93,7.66,0.29,1.55,,,,,,,,
2026-06-12T19:05:04Z,4.88,7.01,55.4,14.946,3.4,7.69,0.26,1.37,,,,,,,,
2026-06-12T19:06:36Z,4.44,7.28,56.15,15.085,3.06,7.91,0.26,1.59,,,,,,,,
2026-06-12T19:08:09Z,3.89,7.53,56.45,15.283,2.94,8.14,0.27,1.77,,,,,,,,
2026-06-12T19:09:41Z,3.41,7.61,57.16,16.055,2.76,8.25,0.25,1.11,,,,,,,,
2026-06-12T19:11:13Z,2.9,7.64,57.18,16.136,2.72,8.26,0.25,1.08,,,,,,,,
2026-06-12T19:12:45Z,2.42,7.63,57.2,16.184,2.79,8.27,0.21,1.07,,,,,,,,
2026-06-12T19:14:17Z,1.92,7.63,57.2,16.179,2.8,8.27,0.22,2.12,,,,,,,,
2026-06-12T19:15:49Z,1.42,7.65,57.2,16.191,2.76,8.27,0.21,1,,,,,,,,
2026-06-12T19:17:21Z,0.91,7.62,57.21,16.243,2.73,8.27,0.18,0.87,,,,,,,,
2026-06-12T23:01:58Z,6.09,7.21,55.72,15.085,3.37,7.85,0.25,1.78,,,,,,,,
2026-06-12T23:03:31Z,5.43,7.3,55.88,15.133,3.29,7.91,0.25,1.64,,,,,,,,
2026-06-12T23:05:03Z,4.9,7.57,56.13,16.014,3.01,8.15,0.22,6.28,,,,,,,,
2026-06-12T23:06:35Z,4.4,7.63,56.2,16.111,2.89,8.18,0.21,1.44,,,,,,,,
2026-06-12T23:08:07Z,3.89,7.64,56.53,16.213,2.84,8.23,0.21,1.22,,,,,,,,
2026-06-12T23:09:39Z,3.43,7.64,56.76,16.223,2.86,8.24,0.22,1.2,,,,,,,,
2026-06-12T23:11:11Z,2.91,7.71,57.1,16.319,2.88,8.31,0.23,1.39,,,,,,,,
2026-06-12T23:12:43Z,2.39,7.7,57.13,16.354,2.8,8.32,0.27,1.4,,,,,,,,
2026-06-12T23:14:15Z,1.91,7.72,57.23,16.606,2.77,8.33,0.2,1.11,,,,,,,,
2026-06-12T23:15:47Z,1.43,7.71,57.21,16.634,2.73,8.32,0.23,1.15,,,,,,,,
2026-06-12T23:17:19Z,0.93,7.7,57.25,16.758,2.75,8.32,0.18,1.41,,,,,,,,
2026-06-13T03:01:58Z,6.05,7.11,55.62,15.235,3.58,7.85,0.3,2.04,,,,,,,,
2026-06-13T03:03:31Z,5.44,7.34,56.05,15.64,3.33,7.98,0.26,1.54,,,,,,,,
2026-06-13T03:05:04Z,4.89,7.55,56.1,16.082,2.98,8.16,0.22,1.34,,,,,,,,
2026-06-13T03:06:36Z,4.44,7.58,55.93,16.101,2.98,8.17,0.22,1.48,,,,,,,,
2026-06-13T03:08:08Z,3.92,7.58,55.92,16.106,2.97,8.18,0.25,1.37,,,,,,,,
2026-06-13T03:09:40Z,3.43,7.57,55.9,16.109,3.07,8.18,0.22,1.63,,,,,,,,
2026-06-13T03:11:12Z,2.92,7.6,55.93,16.111,3.06,8.19,0.23,1.36,,,,,,,,
2026-06-13T03:12:44Z,2.46,7.61,56.05,16.126,2.91,8.21,0.25,1.81,,,,,,,,
2026-06-13T03:14:16Z,1.93,7.61,56.02,16.185,2.85,8.22,0.22,1.52,,,,,,,,
2026-06-13T03:15:48Z,1.42,7.62,56.03,16.223,2.91,8.21,0.24,1.9,,,,,,,,
2026-06-13T03:17:20Z,0.93,7.69,56.89,16.599,2.88,8.34,0.22,1.32,,,,,,,,
2026-06-13T07:02:04Z,6.08,6.86,55.5,15.06,3.66,7.7,0.42,2.34,,,,,,,,
2026-06-13T07:03:38Z,5.47,6.92,55.51,15.039,3.69,7.68,0.34,2.06,,,,,,,,
2026-06-13T07:05:11Z,4.94,7.12,55.57,15.226,3.33,7.77,0.31,3.02,,,,,,,,
2026-06-13T07:06:43Z,4.48,7.19,55.91,15.428,3.32,7.83,0.29,3.16,,,,,,,,
2026-06-13T07:08:16Z,3.96,7.52,56.46,16.011,3.02,8.17,0.21,1.28,,,,,,,,
2026-06-13T07:09:49Z,3.46,7.59,56.46,16.067,2.97,8.23,0.22,1.44,,,,,,,,
2026-06-13T07:11:22Z,2.96,7.61,56.44,16.105,2.96,8.23,0.3,1.38,,,,,,,,
2026-06-13T07:12:55Z,2.48,7.58,56.23,16.132,2.96,8.21,0.22,1.31,,,,,,,,
2026-06-13T07:14:28Z,1.96,7.67,56.97,16.346,2.65,8.39,0.3,1.53,,,,,,,,
2026-06-13T07:16:01Z,1.48,7.76,56.94,16.375,2.83,8.42,0.28,6.68,,,,,,,,
2026-06-13T07:17:34Z,0.98,7.72,56.94,16.378,2.63,8.41,0.23,3.58,,,,,,,,
2026-06-13T11:02:07Z,6.09,6.9,54.25,14.857,3.78,7.65,0.43,2.25,,,,,,,,
2026-06-13T11:03:44Z,5.44,6.88,54.46,14.874,3.63,7.6,0.31,1.9,,,,,,,,
2026-06-13T11:05:17Z,4.97,6.88,54.41,14.883,3.6,7.59,0.32,1.75,,,,,,,,
2026-06-13T11:06:50Z,4.48,6.95,54.42,14.933,3.49,7.62,0.31,1.71,,,,,,,,
2026-06-13T11:08:23Z,3.97,7.29,55.45,15.376,3.13,7.82,0.27,1.4,,,,,,,,
2026-06-13T11:09:56Z,3.47,7.4,55.93,15.765,3.31,7.98,0.28,1.52,,,,,,,,
2026-06-13T11:11:29Z,2.96,7.58,56.62,16.048,2.95,8.24,0.24,1.61,,,,,,,,
2026-06-13T11:13:02Z,2.48,7.61,56.62,16.068,2.96,8.26,0.28,1.52,,,,,,,,
2026-06-13T11:14:35Z,1.97,7.59,56.6,16.069,2.73,8.26,0.2,1.38,,,,,,,,
2026-06-13T11:16:08Z,1.47,7.62,56.6,16.069,2.76,8.26,0.2,1.25,,,,,,,,
2026-06-13T11:17:41Z,1,7.6,56.6,16.075,2.86,8.27,0.22,1.29,,,,,,,,
2026-06-13T15:02:05Z,6.09,6.87,53.84,14.772,4.05,7.61,0.32,1.99,,,,,,,,
2026-06-13T15:03:39Z,5.45,6.89,53.8,14.775,3.85,7.58,0.23,1.51,,,,,,,,
2026-06-13T15:05:12Z,4.94,7.01,53.67,14.808,3.6,7.61,0.24,1.81,,,,,,,,
2026-06-13T15:06:44Z,4.45,7.25,53.74,14.983,3.35,7.74,0.26,1.58,,,,,,,,
2026-06-13T15:08:17Z,3.94,7.2,54.55,15.183,3.16,7.74,0.24,1.39,,,,,,,,
2026-06-13T15:09:50Z,3.44,7.39,56.25,15.676,2.91,7.99,0.22,2.4,,,,,,,,
2026-06-13T15:11:22Z,2.96,7.47,56.38,15.786,2.62,8.1,0.21,1.25,,,,,,,,
2026-06-13T15:12:55Z,2.45,7.52,56.38,15.819,2.75,8.12,0.2,1.14,,,,,,,,
2026-06-13T15:14:28Z,1.95,7.5,56.4,15.831,2.73,8.13,0.18,1.15,,,,,,,,
2026-06-13T15:16:01Z,1.46,7.53,56.4,15.843,2.79,8.13,0.21,1.14,,,,,,,,
2026-06-13T15:17:34Z,0.95,7.53,56.43,15.853,2.67,8.14,0.17,1.15,,,,,,,,
2026-06-13T19:01:58Z,6.08,6.92,52.91,14.553,4.34,7.56,0.27,1.46,,,,,,,,
2026-06-13T19:03:31Z,5.4,6.97,53.36,14.698,3.97,7.54,0.28,1.7,,,,,,,,
2026-06-13T19:05:03Z,4.9,6.95,53.54,14.743,3.62,7.52,0.28,1.57,,,,,,,,
2026-06-13T19:06:35Z,4.4,6.94,53.43,14.723,3.92,7.5,0.24,1.47,,,,,,,,
2026-06-13T19:08:07Z,3.93,7.36,56.65,15.762,2.84,7.93,0.22,1.55,,,,,,,,
2026-06-13T19:09:39Z,3.39,7.56,56.77,16.292,2.76,8.13,0.23,0.94,,,,,,,,
2026-06-13T19:11:11Z,2.92,7.57,56.76,16.302,2.68,8.16,0.19,1.6,,,,,,,,
2026-06-13T19:12:43Z,2.39,7.58,56.77,16.309,2.8,8.16,0.21,1.08,,,,,,,,
2026-06-13T19:14:15Z,1.9,7.58,56.81,16.324,2.8,8.17,0.18,0.99,,,,,,,,
2026-06-13T19:15:47Z,1.4,7.61,56.82,16.351,2.75,8.17,0.2,1.02,,,,,,,,
2026-06-13T19:17:19Z,0.92,7.59,56.8,16.36,2.7,8.18,0.17,1.09,,,,,,,,
2026-06-13T23:02:00Z,6.07,6.93,53.5,14.751,3.68,7.6,0.26,1.62,,,,,,,,
2026-06-13T23:03:33Z,5.42,7.04,54.13,14.965,3.58,7.6,0.24,1.49,,,,,,,,
2026-06-13T23:05:05Z,4.91,7.25,54.8,15.39,3.33,7.83,0.21,1.42,,,,,,,,
2026-06-13T23:06:37Z,4.4,7.71,56.82,16.446,2.72,8.28,0.19,1.31,,,,,,,,
2026-06-13T23:08:09Z,3.91,7.62,56.78,16.56,2.75,8.19,0.18,1.27,,,,,,,,
2026-06-13T23:09:41Z,3.4,7.63,56.79,16.66,2.74,8.2,0.2,0.93,,,,,,,,
2026-06-13T23:11:13Z,2.92,7.65,56.76,16.706,2.67,8.21,0.17,1.21,,,,,,,,
2026-06-13T23:12:45Z,2.42,7.61,56.66,16.782,2.7,8.2,0.18,1.67,,,,,,,,
2026-06-13T23:14:17Z,1.92,7.63,56.6,16.825,2.65,8.2,0.16,1.13,,,,,,,,
2026-06-13T23:15:49Z,1.41,7.62,56.58,16.879,2.75,8.18,0.19,1.02,,,,,,,,
2026-06-13T23:17:21Z,0.92,7.62,56.57,16.922,2.74,8.18,0.16,0.86,,,,,,,,
2026-06-14T03:01:59Z,6.06,6.8,53.83,14.842,4.14,7.57,0.35,1.95,,,,,,,,
2026-06-14T03:03:32Z,5.44,6.91,54.06,14.948,3.61,7.56,0.31,2.01,,,,,,,,
2026-06-14T03:05:04Z,4.92,7.13,54.98,15.417,3.39,7.68,0.28,1.84,,,,,,,,
2026-06-14T03:06:36Z,4.43,7.35,55.79,15.908,3,7.92,0.24,1.53,,,,,,,,
2026-06-14T03:08:08Z,3.92,7.62,56.72,16.423,2.86,8.21,0.21,1.31,,,,,,,,
2026-06-14T03:09:40Z,3.42,7.61,57.02,16.698,2.7,8.23,0.2,1.28,,,,,,,,
2026-06-14T03:11:12Z,2.93,7.64,57.02,16.717,2.67,8.25,0.19,0.96,,,,,,,,
2026-06-14T03:12:44Z,2.45,7.62,57.02,16.719,2.62,8.25,0.18,1.03,,,,,,,,
2026-06-14T03:14:16Z,1.92,7.66,57.06,16.743,2.76,8.25,0.18,1.11,,,,,,,,
2026-06-14T03:15:48Z,1.42,7.66,57.06,16.783,2.72,8.28,0.18,1.23,,,,,,,,
2026-06-14T03:17:21Z,0.93,7.67,57.06,16.767,2.75,8.3,0.18,1.04,,,,,,,,
2026-06-14T07:02:02Z,6.03,6.99,56.52,15.611,3.43,7.71,0.3,1.45,,,,,,,,
2026-06-14T07:03:35Z,5.47,7.14,56.77,15.894,3.12,7.8,0.24,1.4,,,,,,,,
2026-06-14T07:05:08Z,4.97,7.26,56.64,16.11,3.08,7.9,0.24,1.59,,,,,,,,
2026-06-14T07:06:41Z,4.47,7.3,57.06,16.144,2.97,7.93,0.23,1.48,,,,,,,,
2026-06-14T07:08:14Z,3.97,7.33,57.05,16.197,2.95,7.97,0.24,1.41,,,,,,,,
2026-06-14T07:09:47Z,3.47,7.33,56.85,16.27,2.95,7.98,0.23,1.46,,,,,,,,
2026-06-14T07:11:20Z,2.95,7.38,57.09,16.342,2.87,8,0.23,1.3,,,,,,,,
2026-06-14T07:12:53Z,2.47,7.52,57.12,16.487,2.87,8.16,0.22,1.48,,,,,,,,
2026-06-14T07:14:26Z,1.98,7.52,57.11,16.482,2.79,8.16,0.22,1.31,,,,,,,,
2026-06-14T07:15:59Z,1.46,7.53,57.12,16.478,2.79,8.16,0.22,1.36,,,,,,,,
2026-06-14T07:17:32Z,0.99,7.52,57.13,16.472,2.81,8.16,0.24,1,,,,,,,,
2026-06-14T11:02:07Z,6.1,7.37,57.3,16.045,2.93,8.01,0.21,1.31,,,,,,,,
2026-06-14T11:03:41Z,5.51,7.3,57.33,16.03,3,7.96,0.21,2.2,,,,,,,,
2026-06-14T11:05:14Z,4.96,7.33,57.3,16.035,2.96,7.98,0.25,1.38,,,,,,,,
2026-06-14T11:06:47Z,4.47,7.36,57.3,16.048,3.01,8,0.19,1.52,,,,,,,,
2026-06-14T11:08:20Z,3.98,7.37,57.29,16.042,2.86,8.01,0.21,1.39,,,,,,,,
2026-06-14T11:09:53Z,3.49,7.37,57.29,16.044,2.88,8.03,0.23,1.54,,,,,,,,
2026-06-14T11:11:26Z,2.98,7.38,57.29,16.051,2.8,8.03,0.23,1.17,,,,,,,,
2026-06-14T11:12:59Z,2.48,7.37,57.31,16.042,2.9,8.01,0.23,1.57,,,,,,,,
2026-06-14T11:14:32Z,1.97,7.38,57.3,16.039,2.88,8.04,0.22,1.48,,,,,,,,
2026-06-14T11:16:05Z,1.48,7.41,57.29,16.015,2.92,8.03,0.22,1.42,,,,,,,,
2026-06-14T11:17:38Z,0.98,7.39,57.31,16.01,2.89,8.03,0.22,1.31,,,,,,,,
2026-06-14T15:02:04Z,6.08,7.33,57.51,15.814,3.11,8.01,0.24,1.52,,,,,,,,
2026-06-14T15:03:37Z,5.45,7.34,57.53,15.813,3,8.01,0.23,1.1,,,,,,,,
2026-06-14T15:05:10Z,4.94,7.34,57.53,15.811,3.02,8.01,0.22,1.5,,,,,,,,
2026-06-14T15:06:42Z,4.45,7.36,57.55,15.813,2.87,8.02,0.24,1.57,,,,,,,,
2026-06-14T15:08:15Z,3.93,7.37,57.56,15.829,3.01,8.02,0.21,1.3,,,,,,,,
2026-06-14T15:09:48Z,3.44,7.33,57.53,15.847,2.83,7.99,0.22,1.34,,,,,,,,
2026-06-14T15:11:21Z,2.95,7.33,57.52,15.852,3,7.98,0.23,1.22,,,,,,,,
2026-06-14T15:12:54Z,2.44,7.35,57.53,15.856,3.01,7.99,0.23,1.34,,,,,,,,
2026-06-14T15:14:27Z,1.93,7.33,57.53,15.869,3.1,7.99,0.21,1.09,,,,,,,,
2026-06-14T15:15:59Z,1.43,7.34,57.5,15.874,3.06,7.97,0.23,1.23,,,,,,,,
2026-06-14T15:17:31Z,0.96,7.32,57.5,15.896,2.93,7.97,0.22,1.17,,,,,,,,
2026-06-14T19:01:59Z,6.06,7.1,57.16,15.676,3.25,7.8,0.22,1.36,,,,,,,,
2026-06-14T19:03:32Z,5.4,7.18,57.41,15.759,3.32,7.84,0.23,1.3,,,,,,,,
2026-06-14T19:05:04Z,4.9,7.22,57.36,15.774,3.3,7.91,0.25,1.21,,,,,,,,
2026-06-14T19:06:36Z,4.42,7.46,57.66,15.887,2.93,8.11,0.24,1.14,,,,,,,,
2026-06-14T19:08:08Z,3.91,7.48,57.63,15.945,2.94,8.12,0.21,2.02,,,,,,,,
2026-06-14T19:09:40Z,3.42,7.39,57.47,16.077,2.92,8.04,0.21,1.36,,,,,,,,
2026-06-14T19:11:12Z,2.91,7.45,57.45,16.28,2.77,8.05,0.19,1.05,,,,,,,,
2026-06-14T19:12:44Z,2.4,7.44,57.41,16.351,2.7,8.05,0.19,1.09,,,,,,,,
2026-06-14T19:14:16Z,1.89,7.45,57.39,16.422,2.69,8.05,0.2,0.97,,,,,,,,
2026-06-14T19:15:48Z,1.43,7.47,57.34,16.473,2.66,8.05,0.19,0.97,,,,,,,,
2026-06-14T19:17:21Z,0.92,7.45,57.32,16.5,2.76,8.06,0.16,1.15,,,,,,,,
2026-06-14T23:01:59Z,6.08,7.33,57.46,16.054,3.21,7.99,0.21,1.36,,,,,,,,
2026-06-14T23:03:32Z,5.42,7.29,57.49,16.03,3.17,7.96,0.22,1.38,,,,,,,,
2026-06-14T23:05:05Z,4.88,7.34,57.48,16.152,3.13,8.03,0.21,1.34,,,,,,,,
2026-06-14T23:06:37Z,4.42,7.37,57.51,16.17,3.01,8.03,0.22,1.29,,,,,,,,
2026-06-14T23:08:09Z,3.93,7.41,57.38,16.307,3.05,8.08,0.22,1.17,,,,,,,,
2026-06-14T23:09:41Z,3.39,7.47,57.27,16.543,2.84,8.12,0.19,1.14,,,,,,,,
2026-06-14T23:11:13Z,2.91,7.51,57.32,16.645,2.78,8.14,0.22,1.1,,,,,,,,
2026-06-14T23:12:45Z,2.4,7.49,57.43,16.729,2.68,8.15,0.18,1.06,,,,,,,,
2026-06-14T23:14:17Z,1.92,7.52,57.53,16.804,2.68,8.17,0.17,1.05,,,,,,,,
2026-06-14T23:15:49Z,1.41,7.52,57.48,16.805,2.74,8.17,0.16,0.93,,,,,,,,
2026-06-14T23:17:21Z,0.92,7.53,57.57,16.904,2.71,8.19,0.15,0.98,,,,,,,,
2026-06-15T03:01:59Z,6.05,7.4,57.22,16.463,3.24,8.06,0.2,1.8,,,,,,,,
2026-06-15T03:03:32Z,5.41,7.43,57.13,16.52,2.98,8.09,0.21,1.3,,,,,,,,
2026-06-15T03:05:04Z,4.9,7.48,57.23,16.637,2.77,8.14,0.19,1.23,,,,,,,,
2026-06-15T03:06:36Z,4.43,7.54,57.31,16.674,2.78,8.2,0.19,1.14,,,,,,,,
2026-06-15T03:08:08Z,3.91,7.51,57.32,16.665,2.9,8.18,0.2,1.42,,,,,,,,
2026-06-15T03:09:40Z,3.43,7.52,57.32,16.669,2.76,8.2,0.19,1.24,,,,,,,,
2026-06-15T03:11:12Z,2.92,7.54,57.34,16.673,2.82,8.2,0.19,1.28,,,,,,,,
2026-06-15T03:12:44Z,2.43,7.52,57.33,16.682,2.81,8.2,0.18,1.51,,,,,,,,
2026-06-15T03:14:16Z,1.93,7.54,57.34,16.679,2.87,8.19,0.19,1.23,,,,,,,,
2026-06-15T03:15:49Z,1.43,7.56,57.38,16.678,2.84,8.22,0.18,1.15,,,,,,,,
2026-06-15T03:17:22Z,0.92,7.55,57.37,16.679,2.76,8.22,0.16,1.06,,,,,,,,
2026-06-15T07:02:02Z,6.02,7.35,56.96,16.34,2.85,8.02,0.19,1.07,,,,,,,,
2026-06-15T07:03:35Z,5.47,7.4,56.93,16.348,2.78,8.06,0.18,0.97,,,,,,,,
2026-06-15T07:05:08Z,4.98,7.39,56.92,16.342,2.74,8.05,0.21,1.07,,,,,,,,
2026-06-15T07:06:41Z,4.47,7.41,56.92,16.35,2.8,8.06,0.15,1.01,,,,,,,,
2026-06-15T07:08:14Z,3.97,7.41,56.92,16.333,2.73,8.06,0.19,1.09,,,,,,,,
2026-06-15T07:09:47Z,3.48,7.4,56.92,16.335,2.78,8.05,0.15,1.06,,,,,,,,
2026-06-15T07:11:20Z,2.97,7.42,56.91,16.331,2.77,8.06,0.18,1.05,,,,,,,,
2026-06-15T07:12:53Z,2.5,7.41,56.91,16.336,2.79,8.05,0.16,1.2,,,,,,,,
2026-06-15T07:14:26Z,1.96,7.4,56.91,16.323,2.77,8.05,0.2,1.11,,,,,,,,
2026-06-15T07:15:59Z,1.48,7.43,56.92,16.319,2.76,8.05,0.19,1.05,,,,,,,,
2026-06-15T07:17:32Z,0.99,7.4,56.92,16.308,2.85,8.05,0.21,0.96,,,,,,,,
2026-06-15T11:02:07Z,6.07,7.3,57.17,16.112,2.89,7.99,0.2,0.91,,,,,,,,
2026-06-15T11:03:40Z,5.5,7.29,57.17,16.109,2.92,7.98,0.2,1.14,,,,,,,,
2026-06-15T11:05:13Z,4.98,7.28,57.16,16.108,2.92,7.97,0.2,1.22,,,,,,,,
2026-06-15T11:06:46Z,4.5,7.29,57.17,16.113,2.87,7.97,0.25,1.11,,,,,,,,
2026-06-15T11:08:19Z,4,7.3,57.16,16.111,2.8,7.97,0.2,1.12,,,,,,,,
2026-06-15T11:09:52Z,3.49,7.29,57.14,16.11,2.97,7.98,0.18,1.04,,,,,,,,
2026-06-15T11:11:25Z,2.99,7.3,57.15,16.107,2.9,7.98,0.19,1.09,,,,,,,,
2026-06-15T11:12:58Z,2.48,7.31,57.14,16.115,2.94,7.98,0.18,1.27,,,,,,,,
2026-06-15T11:14:31Z,1.97,7.29,57.16,16.074,2.88,7.98,0.2,1.26,,,,,,,,
2026-06-15T11:16:04Z,1.47,7.32,57.13,16.096,2.99,7.98,0.2,1.26,,,,,,,,
2026-06-15T11:17:37Z,1,7.3,57.15,16.101,2.92,7.98,0.2,1.1,,,,,,,,
2026-06-15T15:02:02Z,6.03,7.25,56.96,15.897,3.24,7.94,0.2,1.15,,,,,,,,
2026-06-15T15:03:35Z,5.45,7.25,56.96,15.896,2.99,7.94,0.19,0.93,,,,,,,,
2026-06-15T15:05:08Z,4.96,7.24,56.97,15.898,3.01,7.93,0.19,0.88,,,,,,,,
2026-06-15T15:06:41Z,4.43,7.25,56.99,15.905,3.01,7.94,0.17,1.02,,,,,,,,
2026-06-15T15:08:13Z,3.95,7.27,57,15.911,2.84,7.94,0.19,2.45,,,,,,,,
2026-06-15T15:09:46Z,3.45,7.24,57.01,15.919,2.99,7.93,0.2,1.17,,,,,,,,
2026-06-15T15:11:19Z,2.94,7.25,57.06,15.93,2.91,7.94,0.23,1.05,,,,,,,,
2026-06-15T15:12:52Z,2.44,7.26,57.05,15.93,2.99,7.94,0.22,1.04,,,,,,,,
2026-06-15T15:14:25Z,1.93,7.26,57.06,15.937,3.04,7.94,0.17,1.03,,,,,,,,
2026-06-15T15:15:58Z,1.43,7.28,57.07,15.95,3.01,7.94,0.18,1.04,,,,,,,,
2026-06-15T15:17:31Z,0.95,7.27,57.07,15.97,2.93,7.94,0.17,0.91,,,,,,,,
2026-06-15T19:01:58Z,6.09,7.08,57.19,15.784,3.05,7.83,0.16,1.04,,,,,,,,
2026-06-15T19:03:31Z,5.4,7.16,56.85,15.832,2.96,7.85,0.2,1.04,,,,,,,,
2026-06-15T19:05:03Z,4.91,7.17,56.94,15.862,2.93,7.86,0.17,1.04,,,,,,,,
2026-06-15T19:06:35Z,4.43,7.13,57.03,15.882,2.99,7.83,0.17,2.79,,,,,,,,
2026-06-15T19:08:07Z,3.9,7.2,57,15.907,3,7.87,0.18,0.98,,,,,,,,
2026-06-15T19:09:39Z,3.43,7.21,57.03,15.935,2.95,7.89,0.19,1.12,,,,,,,,
2026-06-15T19:11:11Z,2.93,7.27,57.21,16.316,2.85,7.95,0.22,1.06,,,,,,,,
2026-06-15T19:12:43Z,2.37,7.35,57.17,16.429,2.8,8.02,0.17,0.98,,,,,,,,
2026-06-15T19:14:15Z,1.93,7.36,57.12,16.507,2.73,8.01,0.17,0.81,,,,,,,,
2026-06-15T19:15:47Z,1.41,7.36,57.09,16.547,2.69,7.99,0.17,0.82,,,,,,,,
2026-06-15T19:17:19Z,0.92,7.33,57.08,16.572,2.71,7.98,0.16,0.79,,,,,,,,
2026-06-15T23:01:58Z,6.08,6.88,57.28,15.772,3.45,7.72,0.18,1.13,,,,,,,,
2026-06-15T23:03:31Z,5.41,7.09,57.19,15.843,2.89,7.8,0.16,0.92,,,,,,,,
2026-06-15T23:05:03Z,4.91,7.19,56.96,15.896,3.07,7.87,0.18,1.13,,,,,,,,
2026-06-15T23:06:35Z,4.42,7.27,57.05,15.96,2.79,7.93,0.2,1.2,,,,,,,,
2026-06-15T23:08:07Z,3.93,7.55,57.29,16.618,2.82,8.22,0.18,1.07,,,,,,,,
2026-06-15T23:09:39Z,3.41,7.39,57.16,16.845,2.73,8.05,0.18,0.89,,,,,,,,
2026-06-15T23:11:11Z,2.91,7.38,57.14,16.945,2.72,8.03,0.15,0.98,,,,,,,,
2026-06-15T23:12:43Z,2.41,7.38,57.14,17.056,2.64,8.02,0.14,0.84,,,,,,,,
2026-06-15T23:14:15Z,1.9,7.4,57.16,17.079,2.72,8.02,0.15,0.84,,,,,,,,
2026-06-15T23:15:47Z,1.44,7.38,57.15,17.119,2.63,8.02,0.13,0.78,,,,,,,,
2026-06-15T23:17:19Z,0.93,7.39,57.17,17.18,2.62,8.02,0.13,0.7,,,,,,,,
2026-06-16T03:01:59Z,6.05,7.25,57.01,16.164,3.2,7.92,0.18,1.02,,,,,,,,
2026-06-16T03:03:32Z,5.43,7.32,57.08,16.38,2.89,7.98,0.18,0.98,,,,,,,,
2026-06-16T03:05:04Z,4.94,7.34,57.07,16.529,2.77,7.99,0.15,0.99,,,,,,,,
2026-06-16T03:06:36Z,4.43,7.4,57.06,16.806,2.68,8.05,0.15,0.93,,,,,,,,
2026-06-16T03:08:08Z,3.92,7.37,57.01,16.754,2.74,8.04,0.16,1.01,,,,,,,,
2026-06-16T03:09:40Z,3.42,7.45,57.13,16.937,2.65,8.12,0.19,1.05,,,,,,,,
2026-06-16T03:11:12Z,2.92,7.46,57.11,16.941,2.59,8.11,0.19,0.83,,,,,,,,
2026-06-16T03:12:44Z,2.45,7.47,57.12,16.932,2.65,8.13,0.14,0.96,,,,,,,,
2026-06-16T03:14:16Z,1.96,7.44,57.1,16.911,2.8,8.1,0.17,0.96,,,,,,,,
2026-06-16T03:15:49Z,1.44,7.48,57.14,16.919,2.67,8.14,0.16,1,,,,,,,,
2026-06-16T03:17:22Z,0.96,7.5,57.14,16.924,2.63,8.15,0.14,0.96,,,,,,,,
2026-06-16T07:02:05Z,6.09,7.02,56.88,15.957,3.52,7.8,0.23,1.34,,,,,,,,
2026-06-16T07:03:39Z,5.46,7.04,56.97,15.924,3.57,7.78,0.24,1.05,,,,,,,,
2026-06-16T07:05:12Z,4.96,7.14,57.06,16.134,3.17,7.84,0.2,1.08,,,,,,,,
2026-06-16T07:06:45Z,4.48,7.27,56.91,16.462,2.88,7.95,0.21,0.9,,,,,,,,
2026-06-16T07:08:18Z,3.97,7.35,56.79,16.503,2.85,7.99,0.19,1.06,,,,,,,,
2026-06-16T07:09:51Z,3.48,7.36,56.78,16.526,2.84,8.01,0.18,1.16,,,,,,,,
2026-06-16T07:11:24Z,2.96,7.46,57.04,16.629,2.71,8.09,0.18,1.03,,,,,,,,
2026-06-16T07:12:57Z,2.49,7.44,57.04,16.654,2.69,8.11,0.17,0.89,,,,,,,,
2026-06-16T07:14:30Z,1.97,7.44,57.03,16.655,2.82,8.1,0.18,1.05,,,,,,,,
2026-06-16T07:16:03Z,1.47,7.44,57.02,16.653,2.61,8.1,0.15,0.99,,,,,,,,
2026-06-16T07:17:36Z,0.99,7.43,57,16.649,2.79,8.09,0.18,0.88,,,,,,,,
2026-06-16T11:02:07Z,6.09,6.91,57,15.913,3.45,7.72,0.28,1.52,,,,,,,,
2026-06-16T11:03:41Z,5.51,6.92,57.01,15.897,3.5,7.71,0.23,1.44,,,,,,,,
2026-06-16T11:05:14Z,4.98,6.97,56.99,15.923,3.13,7.71,0.23,1.36,,,,,,,,
2026-06-16T11:06:47Z,4.47,7.03,57.01,15.998,3.02,7.73,0.21,1.24,,,,,,,,
2026-06-16T11:08:20Z,3.99,7.25,56.94,16.372,2.69,7.9,0.17,1.03,,,,,,,,
2026-06-16T11:09:53Z,3.49,7.27,56.92,16.399,2.64,7.92,0.19,1.03,,,,,,,,
2026-06-16T11:11:26Z,2.99,7.29,56.91,16.403,2.69,7.92,0.17,1.04,,,,,,,,
2026-06-16T11:12:59Z,2.48,7.29,56.91,16.401,2.69,7.93,0.14,0.85,,,,,,,,
2026-06-16T11:14:32Z,1.98,7.29,56.91,16.396,2.77,7.93,0.16,0.98,,,,,,,,
2026-06-16T11:16:05Z,1.48,7.31,56.91,16.386,2.74,7.93,0.14,0.99,,,,,,,,
2026-06-16T11:17:38Z,1,7.29,56.9,16.384,2.71,7.93,0.19,1.13,,,,,,,,
2026-06-16T15:02:04Z,6.09,6.86,53.64,15.63,3.82,7.63,0.23,1.42,,,,,,,,
2026-06-16T15:03:38Z,5.46,6.88,53.82,15.661,3.5,7.59,0.22,1.43,,,,,,,,
2026-06-16T15:05:11Z,4.94,6.82,54.66,15.699,3.36,7.52,0.17,1.21,,,,,,,,
2026-06-16T15:06:44Z,4.44,6.95,55.42,15.83,2.98,7.59,0.2,1.47,,,,,,,,
2026-06-16T15:08:17Z,3.93,7.15,56.85,16.121,2.72,7.76,0.25,1.22,,,,,,,,
2026-06-16T15:09:50Z,3.44,7.19,56.91,16.202,2.63,7.81,0.18,1.05,,,,,,,,
2026-06-16T15:11:22Z,2.95,7.22,56.91,16.225,2.78,7.83,0.14,0.95,,,,,,,,
2026-06-16T15:12:55Z,2.44,7.22,56.91,16.229,2.63,7.83,0.18,1.03,,,,,,,,
2026-06-16T15:14:28Z,1.94,7.23,56.92,16.239,2.59,7.83,0.18,0.98,,,,,,,,
2026-06-16T15:16:00Z,1.46,7.25,56.91,16.245,2.6,7.84,0.18,0.9,,,,,,,,
2026-06-16T15:17:33Z,0.95,7.23,56.91,16.247,2.84,7.84,0.17,0.92,,,,,,,,
2026-06-16T19:01:58Z,6.09,6.99,50.74,15.34,4.56,7.6,0.22,1.22,,,,,,,,
2026-06-16T19:03:31Z,5.4,6.98,50.78,15.333,4.4,7.43,0.2,1.2,,,,,,,,
2026-06-16T19:05:03Z,4.93,6.96,50.92,15.343,4.1,7.36,0.21,1.17,,,,,,,,
2026-06-16T19:06:35Z,4.42,6.95,54.5,15.729,3.12,7.4,0.21,1,,,,,,,,
2026-06-16T19:08:07Z,3.89,7.29,56.95,16.5,2.62,7.75,0.16,0.83,,,,,,,,
2026-06-16T19:09:39Z,3.42,7.32,56.95,16.545,2.46,7.77,0.13,0.83,,,,,,,,
2026-06-16T19:11:11Z,2.9,7.36,56.97,16.586,2.66,7.78,0.16,0.8,,,,,,,,
2026-06-16T19:12:43Z,2.43,7.35,56.98,16.654,2.65,7.79,0.13,0.76,,,,,,,,
2026-06-16T19:14:15Z,1.9,7.35,56.97,16.693,2.56,7.79,0.14,0.75,,,,,,,,
2026-06-16T19:15:47Z,1.42,7.34,56.98,16.702,2.56,7.8,0.15,0.77,,,,,,,,
2026-06-16T19:17:19Z,0.92,7.33,56.97,16.718,2.61,7.81,0.11,0.69,,,,,,,,
2026-06-16T23:01:59Z,6.06,6.99,50.44,15.307,3.77,7.61,0.22,1.32,,,,,,,,
2026-06-16T23:03:32Z,5.44,7.01,51.84,15.493,3.6,7.6,0.21,1.15,,,,,,,,
2026-06-16T23:05:05Z,4.88,7.27,55.18,16.393,2.85,7.86,0.17,0.94,,,,,,,,
2026-06-16T23:06:37Z,4.42,7.41,56.58,16.859,2.6,8.02,0.15,0.87,,,,,,,,
2026-06-16T23:08:09Z,3.92,7.4,56.25,16.888,2.52,8.04,0.16,0.93,,,,,,,,
2026-06-16T23:09:41Z,3.42,7.42,56.23,16.897,2.58,8.05,0.18,0.92,,,,,,,,
2026-06-16T23:11:13Z,2.88,7.44,56.18,16.904,2.54,8.05,0.17,0.86,,,,,,,,
2026-06-16T23:12:45Z,2.44,7.43,56.05,16.907,2.52,8.05,0.15,0.92,,,,,,,,
2026-06-16T23:14:17Z,1.9,7.45,56.32,17.043,2.59,8.05,0.13,0.75,,,,,,,,
2026-06-16T23:15:49Z,1.41,7.42,56.38,17.127,2.56,8.04,0.17,0.8,,,,,,,,
2026-06-16T23:17:21Z,0.92,7.43,56.48,17.197,2.51,8.02,0.15,0.75,,,,,,,,
2026-06-17T03:01:59Z,6.05,7.06,51.3,15.518,3.45,7.69,0.24,1.45,,,,,,,,
2026-06-17T03:03:32Z,5.41,7.14,52.76,15.72,3.06,7.71,0.21,1.58,,,,,,,,
2026-06-17T03:05:04Z,4.94,7.2,53.88,15.935,2.86,7.77,0.19,1.2,,,,,,,,
2026-06-17T03:06:36Z,4.43,7.56,56.78,16.762,2.76,8.18,0.18,0.92,,,,,,,,
2026-06-17T03:08:08Z,3.92,7.55,56.33,16.803,2.66,8.18,0.16,0.95,,,,,,,,
2026-06-17T03:09:40Z,3.42,7.46,55.53,16.959,2.62,8.08,0.17,1.02,,,,,,,,
2026-06-17T03:11:12Z,2.91,7.47,55.5,16.978,2.59,8.07,0.14,1.01,,,,,,,,
2026-06-17T03:12:44Z,2.46,7.46,55.68,17.025,2.65,8.07,0.14,1.04,,,,,,,,
2026-06-17T03:14:16Z,1.94,7.48,55.74,17.052,2.74,8.08,0.15,0.74,,,,,,,,
2026-06-17T03:15:49Z,1.42,7.47,55.86,17.069,2.71,8.09,0.2,0.85,,,,,,,,
2026-06-17T03:17:21Z,0.94,7.47,56.26,17.304,2.57,8.08,0.16,0.9,,,,,,,,
2026-06-17T07:02:04Z,6.1,7.09,50.66,15.368,3.8,7.64,0.24,1.5,,,,,,,,
2026-06-17T07:03:38Z,5.48,7.1,50.7,15.397,3.77,7.62,0.23,1.38,,,,,,,,
2026-06-17T07:05:11Z,4.94,7.05,50.9,15.43,3.73,7.57,0.26,1.4,,,,,,,,
2026-06-17T07:06:44Z,4.44,7.15,51.32,15.622,3.39,7.56,0.22,1.18,,,,,,,,
2026-06-17T07:08:17Z,3.94,7.42,54.71,16.656,2.58,7.91,0.15,0.91,,,,,,,,
2026-06-17T07:09:50Z,3.44,7.44,54.72,16.706,2.61,7.93,0.13,0.85,,,,,,,,
2026-06-17T07:11:23Z,2.95,7.45,54.78,16.711,2.64,7.93,0.15,1.07,,,,,,,,
2026-06-17T07:12:56Z,2.46,7.43,54.94,16.74,2.67,7.94,0.15,0.87,,,,,,,,
2026-06-17T07:14:29Z,1.97,7.45,54.95,16.749,2.69,7.95,0.16,0.92,,,,,,,,
2026-06-17T07:16:02Z,1.44,7.45,55,16.732,2.74,7.95,0.16,0.88,,,,,,,,
2026-06-17T07:17:35Z,0.97,7.45,54.99,16.744,2.65,7.95,0.15,0.84,,,,,,,,
2026-06-17T11:02:02Z,6.03,7.06,50.91,15.471,3.58,7.65,0.26,1.54,,,,,,,,
2026-06-17T11:03:35Z,5.46,7.07,51.1,15.51,3.48,7.62,0.26,1.35,,,,,,,,
2026-06-17T11:05:08Z,4.99,7.06,51.2,15.524,3.27,7.6,0.23,1.26,,,,,,,,
2026-06-17T11:06:41Z,4.46,7.27,52.5,15.89,2.94,7.72,0.2,1.01,,,,,,,,
2026-06-17T11:08:14Z,3.95,7.35,54.43,16.26,2.68,7.9,0.18,1,,,,,,,,
2026-06-17T11:09:47Z,3.47,7.35,54.45,16.292,2.68,7.93,0.18,0.95,,,,,,,,
2026-06-17T11:11:20Z,2.97,7.37,54.59,16.308,2.77,7.94,0.16,4.49,,,,,,,,
2026-06-17T11:12:53Z,2.46,7.37,54.59,16.312,2.55,7.94,0.19,0.88,,,,,,,,
2026-06-17T11:14:26Z,1.97,7.37,54.6,16.307,2.67,7.95,0.16,0.85,,,,,,,,
2026-06-17T11:15:59Z,1.47,7.38,54.59,16.304,2.79,7.94,0.15,0.92,,,,,,,,
2026-06-17T11:17:32Z,0.98,7.36,54.58,16.308,2.75,7.94,0.2,0.92,,,,,,,,
2026-06-17T15:02:00Z,6.04,7.24,53.42,15.83,3.02,7.81,0.18,0.9,,,,,,,,
2026-06-17T15:03:33Z,5.43,7.31,53.9,15.916,2.73,7.89,0.18,0.92,,,,,,,,
2026-06-17T15:05:05Z,4.95,7.31,53.98,15.935,2.63,7.9,0.15,0.91,,,,,,,,
2026-06-17T15:06:37Z,4.45,7.32,54.04,15.943,2.75,7.9,0.15,0.83,,,,,,,,
2026-06-17T15:08:10Z,3.93,7.33,54.16,15.947,2.67,7.92,0.17,0.81,,,,,,,,
2026-06-17T15:09:42Z,3.44,7.32,54.18,15.95,2.56,7.91,0.15,0.86,,,,,,,,
2026-06-17T15:11:14Z,2.93,7.33,54.1,15.94,2.69,7.91,0.15,0.78,,,,,,,,
2026-06-17T15:12:47Z,2.44,7.34,54.11,15.937,2.63,7.91,0.17,0.72,,,,,,,,
2026-06-17T15:14:19Z,1.94,7.33,54.3,15.961,2.72,7.92,0.16,0.79,,,,,,,,
2026-06-17T15:15:51Z,1.45,7.35,54.3,15.961,2.68,7.92,0.15,0.76,,,,,,,,
2026-06-17T15:17:24Z,0.95,7.33,54.28,15.96,2.67,7.92,0.15,0.78,,,,,,,,
2026-06-17T19:01:58Z,6.09,7.23,54.18,15.978,2.92,7.77,0.18,0.87,,,,,,,,
2026-06-17T19:03:31Z,5.4,7.37,54.74,16.302,2.73,7.86,0.15,0.72,,,,,,,,
2026-06-17T19:05:03Z,4.92,7.38,54.75,16.312,2.68,7.86,0.15,0.77,,,,,,,,
2026-06-17T19:06:35Z,4.41,7.4,54.73,16.312,2.72,7.86,0.16,0.82,,,,,,,,
2026-06-17T19:08:07Z,3.9,7.4,54.77,16.324,2.6,7.87,0.16,0.77,,,,,,,,
2026-06-17T19:09:39Z,3.45,7.39,54.77,16.337,2.61,7.89,0.14,0.67,,,,,,,,
2026-06-17T19:11:11Z,2.92,7.41,54.78,16.332,2.64,7.91,0.12,0.73,,,,,,,,
2026-06-17T19:12:43Z,2.41,7.4,54.81,16.349,2.71,7.91,0.14,0.71,,,,,,,,
2026-06-17T19:14:15Z,1.9,7.4,54.8,16.362,2.71,7.91,0.12,0.65,,,,,,,,
2026-06-17T19:15:47Z,1.43,7.42,54.79,16.364,2.67,7.91,0.14,0.69,,,,,,,,
2026-06-17T19:17:19Z,0.93,7.4,54.79,16.365,2.66,7.94,0.15,0.67,,,,,,,,
2026-06-17T23:01:59Z,6.07,7.35,55,16.545,3.17,7.93,0.14,0.8,,,,,,,,
2026-06-17T23:03:32Z,5.44,7.38,55.22,16.664,2.78,7.99,0.14,0.73,,,,,,,,
2026-06-17T23:05:04Z,4.92,7.37,55.26,16.699,2.71,7.98,0.13,0.74,,,,,,,,
2026-06-17T23:06:36Z,4.42,7.38,55.28,16.725,2.74,7.98,0.12,0.75,,,,,,,,
2026-06-17T23:08:08Z,3.91,7.37,55.28,16.737,2.72,7.99,0.13,0.72,,,,,,,,
2026-06-17T23:09:40Z,3.41,7.37,55.31,16.763,2.71,7.99,0.15,0.73,,,,,,,,
2026-06-17T23:11:12Z,2.89,7.39,55.32,16.778,2.67,8,0.13,0.74,,,,,,,,
2026-06-17T23:12:44Z,2.42,7.38,55.35,16.796,2.69,8.01,0.16,0.73,,,,,,,,
2026-06-17T23:14:16Z,1.93,7.39,55.35,16.804,2.65,8,0.16,0.72,,,,,,,,
2026-06-17T23:15:48Z,1.41,7.39,55.44,16.821,2.78,8,0.13,0.65,,,,,,,,
2026-06-17T23:17:20Z,0.93,7.39,55.44,16.833,2.58,8.01,0.12,0.62,,,,,,,,
2026-06-18T03:01:59Z,6.07,7.39,55.3,16.737,2.85,8,0.15,0.84,,,,,,,,
2026-06-18T03:03:32Z,5.44,7.36,55.6,16.788,2.91,8.01,0.17,0.87,,,,,,,,
2026-06-18T03:05:04Z,4.93,7.37,55.84,16.82,2.78,8.04,0.13,0.8,,,,,,,,
2026-06-18T03:06:36Z,4.43,7.39,55.89,16.828,2.82,8.05,0.14,0.84,,,,,,,,
2026-06-18T03:08:08Z,3.92,7.38,55.91,16.833,2.72,8.05,0.12,0.84,,,,,,,,
2026-06-18T03:09:40Z,3.43,7.39,55.97,16.83,2.83,8.06,0.12,0.71,,,,,,,,
2026-06-18T03:11:12Z,2.92,7.4,56,16.843,2.73,8.07,0.17,0.87,,,,,,,,
2026-06-18T03:12:44Z,2.42,7.39,55.99,16.845,2.73,8.07,0.16,0.86,,,,,,,,
2026-06-18T03:14:16Z,1.93,7.41,55.99,16.855,2.66,8.07,0.13,0.74,,,,,,,,
2026-06-18T03:15:48Z,1.43,7.4,55.95,16.879,2.66,8.07,0.15,0.74,,,,,,,,
2026-06-18T03:17:20Z,0.95,7.4,55.52,16.919,2.67,8.05,0.12,0.74,,,,,,,,
2026-06-18T07:02:04Z,6.12,7.3,56.08,16.735,2.69,7.99,0.37,1.01,,,,,,,,
2026-06-18T07:03:38Z,5.47,7.29,56.02,16.758,2.71,7.99,0.13,0.84,,,,,,,,
2026-06-18T07:05:11Z,4.94,7.32,55.9,16.783,2.72,8,0.18,0.77,,,,,,,,
2026-06-18T07:06:44Z,4.45,7.33,55.9,16.788,2.65,8,0.11,0.84,,,,,,,,
2026-06-18T07:08:17Z,3.95,7.32,55.89,16.789,2.78,8,0.14,0.75,,,,,,,,
2026-06-18T07:09:50Z,3.45,7.33,55.85,16.795,2.77,8.01,0.21,0.8,,,,,,,,
2026-06-18T07:11:23Z,2.96,7.35,55.84,16.8,2.68,8.02,0.15,0.68,,,,,,,,
2026-06-18T07:12:56Z,2.46,7.34,55.85,16.807,2.72,8.02,0.15,0.87,,,,,,,,
2026-06-18T07:14:29Z,1.96,7.35,55.86,16.809,2.71,8.02,0.16,0.75,,,,,,,,
2026-06-18T07:16:02Z,1.46,7.35,55.87,16.811,2.65,8.02,0.15,0.88,,,,,,,,
2026-06-18T07:17:35Z,0.97,7.36,55.88,16.811,2.69,8.03,0.14,0.71,,,,,,,,
2026-06-18T11:02:06Z,6.11,7.21,56.17,16.767,3.29,7.94,0.19,0.8,,,,,,,,
2026-06-18T11:03:40Z,5.5,7.24,56.37,16.795,2.79,7.98,0.15,0.76,,,,,,,,
2026-06-18T11:05:13Z,4.96,7.25,56.37,16.803,2.93,7.98,0.18,0.76,,,,,,,,
2026-06-18T11:06:46Z,4.46,7.25,56.36,16.793,2.77,7.98,0.15,0.71,,,,,,,,
2026-06-18T11:08:19Z,3.98,7.25,56.33,16.791,2.86,7.98,0.13,0.99,,,,,,,,
2026-06-18T11:09:52Z,3.49,7.24,56.36,16.793,2.72,7.98,0.14,0.8,,,,,,,,
2026-06-18T11:11:25Z,2.98,7.26,56.35,16.787,2.74,7.98,0.15,0.79,,,,,,,,
2026-06-18T11:12:58Z,2.48,7.24,56.34,16.796,2.81,7.97,0.15,0.82,,,,,,,,
2026-06-18T11:14:31Z,1.97,7.26,56.33,16.799,2.93,7.97,0.16,0.8,,,,,,,,
2026-06-18T11:16:04Z,1.47,7.25,56.32,16.797,2.92,7.97,0.13,0.73,,,,,,,,
2026-06-18T11:17:37Z,0.99,7.25,56.32,16.796,2.77,7.97,0.12,0.68,,,,,,,,
2026-06-18T15:02:02Z,6.05,7.07,55.1,16.404,3.46,7.83,0.17,1.11,,,,,,,,
2026-06-18T15:03:35Z,5.45,7.07,55.22,16.399,3.04,7.82,0.17,0.82,,,,,,,,
2026-06-18T15:05:08Z,4.96,7.02,55.81,16.452,3.33,7.76,0.14,1.05,,,,,,,,
2026-06-18T15:06:41Z,4.45,6.97,56.02,16.533,3,7.75,0.13,1.06,,,,,,,,
2026-06-18T15:08:14Z,3.93,7.01,56.05,16.584,2.75,7.79,0.16,0.91,,,,,,,,
2026-06-18T15:09:46Z,3.45,7.12,56.05,16.613,2.84,7.85,0.15,0.79,,,,,,,,
2026-06-18T15:11:19Z,2.94,7.17,56.04,16.63,2.86,7.89,0.21,0.9,,,,,,,,
2026-06-18T15:12:52Z,2.46,7.16,56.05,16.634,2.82,7.9,0.17,0.66,,,,,,,,
2026-06-18T15:14:25Z,1.94,7.19,56.07,16.642,2.69,7.9,0.17,0.7,,,,,,,,
2026-06-18T15:15:58Z,1.43,7.19,56.12,16.653,2.87,7.91,0.15,0.68,,,,,,,,
2026-06-18T15:17:31Z,0.96,7.2,56.12,16.662,2.77,7.92,0.13,0.58,,,,,,,,
2026-06-18T16:39:22Z,6.12,7.01,55.21,16.344,3.63,7.73,0.16,0.88,,,,,,,,
2026-06-18T16:40:55Z,5.41,7.03,55.2,16.337,3.37,7.77,0.15,0.83,,,,,,,,
2026-06-18T16:42:27Z,4.91,7.06,55.23,16.354,3.15,7.8,0.16,0.7,,,,,,,,
2026-06-18T16:43:59Z,4.42,6.98,55.78,16.452,2.72,7.76,0.14,0.68,,,,,,,,
2026-06-18T16:45:31Z,3.9,6.94,55.97,16.485,2.75,7.74,0.14,0.64,,,,,,,,
2026-06-18T16:47:03Z,3.4,7.02,56.11,16.602,2.91,7.8,0.14,0.87,,,,,,,,
2026-06-18T16:48:35Z,2.91,7.03,56.09,16.636,2.71,7.8,0.17,0.7,,,,,,,,
2026-06-18T16:50:07Z,2.4,7.06,56.11,16.652,2.96,7.82,0.13,0.8,,,,,,,,
2026-06-18T16:51:39Z,1.92,7.1,56.12,16.675,2.81,7.85,0.15,0.73,,,,,,,,
2026-06-18T16:53:11Z,1.4,7.14,56.24,16.706,2.79,7.89,0.19,0.84,,,,,,,,
2026-06-18T16:54:43Z,0.92,7.16,56.35,16.813,2.74,7.91,0.13,0.61,,,,,,,,
2026-06-18T19:01:55Z,6.08,6.99,55.33,16.298,4.13,7.8,0.18,0.83,,,,,,,,
2026-06-18T19:03:28Z,5.41,7,55.32,16.29,4.13,7.8,0.17,0.8,,,,,,,,
2026-06-18T19:05:00Z,4.91,6.99,55.34,16.288,3.95,7.8,0.15,0.81,,,,,,,,
2026-06-18T19:06:32Z,4.41,7.02,55.21,16.292,3.81,7.81,0.16,0.75,,,,,,,,
2026-06-18T19:08:04Z,3.9,7.04,55.33,16.322,3.48,7.83,0.17,0.75,,,,,,,,
2026-06-18T19:09:36Z,3.41,7.11,55.36,16.438,2.85,7.87,0.14,0.7,,,,,,,,
2026-06-18T19:11:08Z,2.9,7.13,55.77,16.551,2.75,7.91,0.15,0.71,,,,,,,,
2026-06-18T19:12:40Z,2.39,7.15,56.09,16.775,2.83,7.93,0.16,0.73,,,,,,,,
2026-06-18T19:14:12Z,1.9,7.15,56.35,17.353,2.65,7.94,0.12,0.57,,,,,,,,
2026-06-18T19:15:44Z,1.39,7.11,56.84,17.739,2.55,7.95,0.1,0.5,,,,,,,,
2026-06-18T19:17:16Z,0.91,7.11,56.86,17.83,2.5,7.96,0.12,0.49,,,,,,,,
2026-06-18T20:07:44Z,6.04,7.03,54.21,16.213,4.03,7.78,0.18,0.89,,,,,,,,
2026-06-18T20:09:17Z,5.43,6.98,54.82,16.239,4.24,7.76,0.2,0.89,,,,,,,,
2026-06-18T20:10:49Z,4.9,6.97,55.17,16.263,4.17,7.76,0.16,0.9,,,,,,,,
2026-06-18T20:12:21Z,4.41,7.01,55.28,16.31,3.02,7.81,0.18,0.77,,,,,,,,
2026-06-18T20:13:53Z,3.9,7.11,55.99,16.633,2.62,7.91,0.14,0.7,,,,,,,,
2026-06-18T20:15:25Z,3.4,7.17,56.14,16.819,2.53,7.97,0.17,0.84,,,,,,,,
2026-06-18T20:16:57Z,2.91,7.18,56.32,17.102,2.5,7.97,0.15,0.74,,,,,,,,
2026-06-18T20:18:29Z,2.39,7.14,56.5,17.394,2.5,7.96,0.13,0.67,,,,,,,,
2026-06-18T20:20:01Z,1.91,7.12,56.78,17.796,2.4,7.96,0.12,0.59,,,,,,,,
2026-06-18T20:21:33Z,1.41,7.11,56.74,17.91,2.26,7.95,0.12,0.54,,,,,,,,
2026-06-18T20:23:05Z,0.91,7.12,56.69,17.966,2.31,7.96,0.1,0.45,,,,,,,,
2026-06-18T23:01:55Z,6.06,6.92,55.67,16.424,3.56,7.7,0.2,0.83,,,,,,,,
2026-06-18T23:03:28Z,5.4,6.95,55.81,16.475,3.19,7.77,0.17,0.86,,,,,,,,
2026-06-18T23:05:00Z,4.93,7.04,56.15,16.627,2.84,7.87,0.18,0.8,,,,,,,,
2026-06-18T23:06:32Z,4.43,7.15,56.84,16.83,2.55,8.12,0.15,0.77,,,,,,,,
2026-06-18T23:08:04Z,3.91,7.32,57.02,17.019,2.45,8.17,0.17,0.81,,,,,,,,
2026-06-18T23:09:36Z,3.42,7.25,57.11,17.214,2.44,8.09,0.16,0.75,,,,,,,,
2026-06-18T23:11:08Z,2.91,7.16,56.7,17.844,2.32,8,0.12,0.62,,,,,,,,
2026-06-18T23:12:40Z,2.39,7.16,56.7,17.91,2.36,8,0.12,0.64,,,,,,,,
2026-06-18T23:14:12Z,1.92,7.16,56.7,18.01,2.29,8,0.12,0.63,,,,,,,,
2026-06-18T23:15:44Z,1.4,7.16,56.7,18.029,2.36,8,0.09,0.57,,,,,,,,
2026-06-18T23:17:16Z,0.93,7.17,56.72,18.066,2.32,8.01,0.09,0.62,,,,,,,,
2026-06-19T03:01:56Z,6.05,6.81,57.91,16.302,3.42,7.71,0.16,0.92,,,,,,,,
2026-06-19T03:03:29Z,5.44,6.92,57.69,16.489,3.08,7.79,0.17,0.91,,,,,,,,
2026-06-19T03:05:02Z,4.91,7.06,57.45,16.685,2.91,7.88,0.17,0.8,,,,,,,,
2026-06-19T03:06:34Z,4.42,7.2,56.87,17.245,2.51,8.02,0.16,0.78,,,,,,,,
2026-06-19T03:08:06Z,3.91,7.21,56.76,17.649,2.29,8.06,0.11,0.68,,,,,,,,
2026-06-19T03:09:38Z,3.42,7.23,56.74,17.762,2.25,8.09,0.13,0.7,,,,,,,,
2026-06-19T03:11:11Z,2.9,7.25,56.72,17.84,2.36,8.12,0.12,0.68,,,,,,,,
2026-06-19T03:12:43Z,2.43,7.29,56.76,17.906,2.26,8.16,0.13,0.65,,,,,,,,
2026-06-19T03:14:15Z,1.94,7.28,56.75,17.908,2.29,8.15,0.13,0.66,,,,,,,,
2026-06-19T03:15:48Z,1.44,7.29,56.75,17.92,2.35,8.16,0.11,0.7,,,,,,,,
2026-06-19T03:17:21Z,0.94,7.29,56.74,17.913,2.37,8.15,0.1,0.69,,,,,,,,
2026-06-19T07:02:01Z,6.08,6.58,60.07,15.701,3.18,7.57,0.21,1.1,,,,,,,,
2026-06-19T07:03:34Z,5.47,6.66,59.9,15.775,3.05,7.6,0.22,0.88,,,,,,,,
2026-06-19T07:05:07Z,4.96,6.76,59.66,15.909,2.87,7.64,0.2,1.03,,,,,,,,
2026-06-19T07:06:40Z,4.46,7,58.81,16.423,2.69,7.79,0.18,0.89,,,,,,,,
2026-06-19T07:08:13Z,3.97,7.18,56.84,17.407,2.51,8,0.16,0.7,,,,,,,,
2026-06-19T07:09:46Z,3.47,7.21,56.67,17.597,2.43,8.05,0.11,0.86,,,,,,,,
2026-06-19T07:11:19Z,2.95,7.19,56.7,17.673,2.36,8.04,0.13,0.71,,,,,,,,
2026-06-19T07:12:52Z,2.47,7.17,56.73,17.685,2.31,8.02,0.1,0.7,,,,,,,,
2026-06-19T07:14:25Z,1.97,7.17,56.76,17.695,2.23,8.01,0.14,0.73,,,,,,,,
2026-06-19T07:15:58Z,1.48,7.17,56.74,17.685,2.43,8.01,0.11,0.73,,,,,,,,
2026-06-19T07:17:31Z,1,7.17,56.74,17.673,2.31,8.02,0.12,0.68,,,,,,,,
2026-06-19T11:02:03Z,6.1,6.63,60.43,15.675,3.05,7.58,0.23,1.22,,,,,,,,
2026-06-19T11:03:37Z,5.5,6.67,60.52,15.666,2.97,7.6,0.2,1.1,,,,,,,,
2026-06-19T11:05:10Z,4.96,6.73,60.22,15.788,2.77,7.63,0.2,1.11,,,,,,,,
2026-06-19T11:06:43Z,4.47,6.89,60.52,16.095,2.75,7.72,0.17,0.97,,,,,,,,
2026-06-19T11:08:16Z,3.98,7.17,57.68,17.128,2.43,7.98,0.17,0.83,,,,,,,,
2026-06-19T11:09:49Z,3.49,7.16,57.06,17.318,2.41,7.99,0.15,0.86,,,,,,,,
2026-06-19T11:11:22Z,2.98,7.16,56.8,17.37,2.3,8.01,0.14,0.73,,,,,,,,
2026-06-19T11:12:55Z,2.49,7.17,56.83,17.373,2.34,8.01,0.15,0.84,,,,,,,,
2026-06-19T11:14:28Z,1.97,7.18,56.8,17.383,2.45,8.01,0.11,0.66,,,,,,,,
2026-06-19T11:16:01Z,1.48,7.17,56.81,17.383,2.39,8.01,0.15,0.77,,,,,,,,
2026-06-19T11:17:34Z,0.99,7.17,56.83,17.355,2.22,8,0.14,0.74,,,,,,,,
2026-06-19T15:02:01Z,6.1,6.44,60.84,15.515,3.08,7.52,0.21,1.22,,,,,,,,
2026-06-19T15:03:35Z,5.46,6.47,60.55,15.591,2.8,7.52,0.21,1.21,,,,,,,,
2026-06-19T15:05:08Z,4.96,6.73,60.65,15.828,2.72,7.63,0.22,1.11,,,,,,,,
2026-06-19T15:06:41Z,4.46,6.76,60.38,16.021,2.73,7.68,0.25,1.07,,,,,,,,
2026-06-19T15:08:14Z,3.95,7.01,58.77,16.467,2.45,7.86,0.17,0.97,,,,,,,,
2026-06-19T15:09:47Z,3.44,7.17,57.66,16.942,3.04,7.97,0.18,0.85,,,,,,,,
2026-06-19T15:11:20Z,2.93,7.18,57.32,17.12,2.5,8,0.14,0.81,,,,,,,,
2026-06-19T15:12:52Z,2.45,7.18,57.32,17.146,2.37,8.01,0.15,0.78,,,,,,,,
2026-06-19T15:14:25Z,1.93,7.2,57.34,17.159,2.46,8.01,0.12,0.81,,,,,,,,
2026-06-19T15:15:57Z,1.45,7.2,57.32,17.165,2.38,8,0.19,0.79,,,,,,,,
2026-06-19T15:17:30Z,0.95,7.2,57.33,17.173,2.22,8.01,0.17,0.83,,,,,,,,
2026-06-19T19:01:55Z,6.08,6.44,61.31,15.388,3.22,7.5,0.18,0.98,,,,,,,,
2026-06-19T19:03:28Z,5.4,6.62,61.09,15.547,2.87,7.56,0.18,0.91,,,,,,,,
2026-06-19T19:05:00Z,4.89,6.72,61.11,15.685,2.9,7.6,0.19,0.87,,,,,,,,
2026-06-19T19:06:32Z,4.41,6.77,60.69,15.861,2.65,7.64,0.21,0.95,,,,,,,,
2026-06-19T19:08:04Z,3.89,6.78,59.57,16.095,2.74,7.65,0.2,0.98,,,,,,,,
2026-06-19T19:09:36Z,3.42,7.07,59.72,16.41,2.55,7.85,0.17,0.85,,,,,,,,
2026-06-19T19:11:08Z,2.9,7.24,57.11,17.19,2.36,8.05,0.15,0.81,,,,,,,,
2026-06-19T19:12:40Z,2.39,7.27,56.97,17.31,2.34,8.11,0.12,0.7,,,,,,,,
2026-06-19T19:14:12Z,1.91,7.27,57.23,17.757,2.23,8.06,0.12,0.6,,,,,,,,
2026-06-19T19:15:44Z,1.38,7.24,57.09,18.039,2.16,8.06,0.11,0.54,,,,,,,,
2026-06-19T19:17:16Z,0.93,7.22,57.06,18.166,2.23,8.06,0.11,0.53,,,,,,,,
2026-06-19T23:01:55Z,6.07,6.3,61.12,15.462,3.48,7.45,0.19,0.99,,,,,,,,
2026-06-19T23:03:28Z,5.42,6.59,60.82,15.648,3.13,7.54,0.22,1.21,,,,,,,,
2026-06-19T23:05:00Z,4.91,6.62,53.58,15.879,4.2,7.51,0.22,1,,,,,,,,
2026-06-19T23:06:32Z,4.42,6.87,52.52,15.95,3.32,7.61,0.21,0.92,,,,,,,,
2026-06-19T23:08:04Z,3.88,6.96,54.61,16.269,2.98,7.74,0.2,0.89,,,,,,,,
2026-06-19T23:09:36Z,3.4,7.37,57.05,18.24,2.46,8.17,0.15,0.73,,,,,,,,
2026-06-19T23:11:08Z,2.9,7.25,56.95,18.47,2.3,8.05,0.11,0.7,,,,,,,,
2026-06-19T23:12:40Z,2.4,7.24,56.96,18.569,2.22,8.04,0.13,0.67,,,,,,,,
2026-06-19T23:14:12Z,1.9,7.25,57.07,18.66,2.14,8.03,0.1,0.54,,,,,,,,
2026-06-19T23:15:44Z,1.4,7.23,57.14,18.797,2.18,8.04,0.09,0.56,,,,,,,,
2026-06-19T23:17:16Z,0.93,7.24,57.24,19.111,2.15,8.09,0.07,0.54,,,,,,,,
2026-06-20T03:01:56Z,6.04,6.58,61.2,15.475,3.42,7.52,0.23,0.84,,,,,,,,
2026-06-20T03:03:29Z,5.43,6.66,60.91,15.514,3.08,7.51,0.23,1.15,,,,,,,,
2026-06-20T03:05:02Z,4.91,6.71,60.32,15.59,3.1,7.53,0.24,1.14,,,,,,,,
2026-06-20T03:06:34Z,4.44,6.81,57.57,15.842,3.1,7.59,0.21,1.09,,,,,,,,
2026-06-20T03:08:06Z,3.92,6.91,55.24,16.08,3,7.62,0.19,1.03,,,,,,,,
2026-06-20T03:09:38Z,3.41,6.97,55.74,16.223,2.93,7.69,0.18,1.04,,,,,,,,
2026-06-20T03:11:10Z,2.94,7.12,57.06,16.546,2.75,7.8,0.17,0.97,,,,,,,,
2026-06-20T03:12:42Z,2.44,7.25,57.24,16.898,2.66,7.96,0.18,0.93,,,,,,,,
2026-06-20T03:14:14Z,1.94,7.32,56.88,17.349,2.42,8.06,0.15,0.73,,,,,,,,
2026-06-20T03:15:47Z,1.43,7.29,56.97,17.664,2.42,8.04,0.14,0.65,,,,,,,,
2026-06-20T03:17:19Z,0.96,7.3,56.95,17.876,2.25,8.09,0.1,0.63,,,,,,,,
2026-06-20T07:02:01Z,6.08,6.87,61.95,15.266,2.91,7.63,0.2,1.04,,,,,,,,
2026-06-20T07:03:35Z,5.47,6.87,61.99,15.23,2.88,7.63,0.24,1.03,,,,,,,,
2026-06-20T07:05:08Z,4.96,6.92,61.76,15.306,2.87,7.65,0.19,1.05,,,,,,,,
2026-06-20T07:06:41Z,4.46,6.98,61.28,15.453,2.71,7.68,0.21,0.9,,,,,,,,
2026-06-20T07:08:14Z,3.96,7.08,60.14,15.852,2.74,7.78,0.18,0.91,,,,,,,,
2026-06-20T07:09:47Z,3.47,7.18,58.59,16.497,2.57,7.92,0.14,0.77,,,,,,,,
2026-06-20T07:11:20Z,2.94,7.23,57.43,17.574,2.39,8.04,0.12,0.61,,,,,,,,
2026-06-20T07:12:53Z,2.47,7.19,57.25,17.849,2.37,8.04,0.12,0.6,,,,,,,,
2026-06-20T07:14:26Z,1.95,7.18,57.22,17.891,2.36,8.04,0.1,0.61,,,,,,,,
2026-06-20T07:15:59Z,1.47,7.18,57.21,17.895,2.33,8.03,0.13,0.61,,,,,,,,
2026-06-20T07:17:32Z,0.99,7.18,57.21,17.903,2.19,8.04,0.1,0.64,,,,,,,,
2026-06-20T11:02:03Z,6.1,6.93,61.61,15.383,2.84,7.66,0.21,1.04,,,,,,,,
2026-06-20T11:03:37Z,5.5,6.95,61.65,15.335,2.89,7.66,0.24,1.02,,,,,,,,
2026-06-20T11:05:10Z,4.96,6.96,61.51,15.372,2.73,7.66,0.24,1.03,,,,,,,,
2026-06-20T11:06:43Z,4.46,7.06,60.56,15.766,2.7,7.74,0.15,0.85,,,,,,,,
2026-06-20T11:08:16Z,3.95,7.17,57.33,17.115,2.47,7.99,0.15,0.68,,,,,,,,
2026-06-20T11:09:49Z,3.47,7.2,57.09,17.21,2.26,8.05,0.13,0.59,,,,,,,,
2026-06-20T11:11:22Z,2.97,7.2,56.87,17.279,2.35,8.07,0.16,0.62,,,,,,,,
2026-06-20T11:12:55Z,2.47,7.2,56.87,17.295,2.38,8.07,0.12,0.56,,,,,,,,
2026-06-20T11:14:28Z,1.96,7.2,56.84,17.284,2.25,8.06,0.13,0.53,,,,,,,,
2026-06-20T11:16:01Z,1.47,7.22,56.88,17.27,2.36,8.06,0.1,0.53,,,,,,,,
2026-06-20T11:17:34Z,0.99,7.21,56.91,17.275,2.23,8.08,0.14,0.55,,,,,,,,
2026-06-20T15:01:58Z,6.08,6.76,62.5,15.075,3.3,7.57,0.18,0.86,,,,,,,,
2026-06-20T15:03:31Z,5.44,6.75,62.67,14.957,3.02,7.56,0.19,0.81,,,,,,,,
2026-06-20T15:05:04Z,4.92,6.79,62.54,14.972,2.81,7.56,0.18,0.98,,,,,,,,
2026-06-20T15:06:36Z,4.43,7.08,59.61,16.223,2.52,7.86,0.15,0.71,,,,,,,,
2026-06-20T15:08:08Z,3.95,7.22,56.94,17.004,2.24,8.08,0.12,0.53,,,,,,,,
2026-06-20T15:09:41Z,3.44,7.22,56.88,17.057,2.15,8.09,0.13,0.55,,,,,,,,
2026-06-20T15:11:13Z,2.95,7.23,56.86,17.077,2.15,8.09,0.13,0.51,,,,,,,,
2026-06-20T15:12:46Z,2.43,7.24,56.84,17.083,2.17,8.09,0.1,0.48,,,,,,,,
2026-06-20T15:14:18Z,1.95,7.25,56.85,17.093,2.27,8.08,0.1,0.57,,,,,,,,
2026-06-20T15:15:51Z,1.41,7.25,56.88,17.112,2.38,8.08,0.13,0.49,,,,,,,,
2026-06-20T15:17:23Z,0.93,7.26,56.9,17.127,2.3,8.08,0.13,0.55,,,,,,,,
2026-06-20T19:01:55Z,6.09,6.77,62.89,14.822,2.81,7.54,0.15,0.74,,,,,,,,
2026-06-20T19:03:28Z,5.44,6.77,62.48,15.026,2.78,7.56,0.16,0.78,,,,,,,,
2026-06-20T19:05:00Z,4.91,6.85,62.44,15.165,2.67,7.58,0.18,0.75,,,,,,,,
2026-06-20T19:06:32Z,4.42,6.95,62.02,15.342,2.51,7.63,0.15,0.72,,,,,,,,
2026-06-20T19:08:04Z,3.89,7.08,57.86,16.982,2.43,7.89,0.13,0.6,,,,,,,,
2026-06-20T19:09:36Z,3.42,7.17,57.28,17.353,2.35,7.96,0.13,0.52,,,,,,,,
2026-06-20T19:11:08Z,2.89,7.16,57.34,17.331,2.35,7.96,0.15,0.6,,,,,,,,
2026-06-20T19:12:40Z,2.4,7.17,57.16,17.459,2.33,7.97,0.12,0.63,,,,,,,,
2026-06-20T19:14:12Z,1.89,7.17,57.17,17.48,2.25,7.96,0.13,0.54,,,,,,,,
2026-06-20T19:15:44Z,1.4,7.17,57.17,17.502,2.28,7.95,0.12,0.54,,,,,,,,
2026-06-20T19:17:16Z,0.92,7.18,57.14,17.539,2.3,7.97,0.11,0.48,,,,,,,,
2026-06-20T23:01:55Z,6.05,6.63,62.32,15.122,3.22,7.51,0.19,0.84,,,,,,,,
2026-06-20T23:03:28Z,5.43,6.71,61.85,15.319,3.03,7.54,0.18,0.87,,,,,,,,
2026-06-20T23:05:00Z,4.91,7.21,56.64,17.468,2.47,7.98,0.16,0.64,,,,,,,,
2026-06-20T23:06:32Z,4.4,7.19,56.43,17.599,2.4,7.97,0.14,0.65,,,,,,,,
2026-06-20T23:08:04Z,3.91,7.2,56.45,17.656,2.42,7.97,0.15,0.64,,,,,,,,
2026-06-20T23:09:36Z,3.41,7.22,56.46,17.708,2.36,7.98,0.12,0.6,,,,,,,,
2026-06-20T23:11:08Z,2.89,7.21,56.47,17.729,2.33,7.97,0.09,0.63,,,,,,,,
2026-06-20T23:12:40Z,2.39,7.22,56.47,17.782,2.36,7.96,0.14,0.65,,,,,,,,
2026-06-20T23:14:12Z,1.91,7.21,56.49,17.832,2.33,7.96,0.12,0.61,,,,,,,,
2026-06-20T23:15:44Z,1.4,7.22,56.59,17.925,2.34,7.97,0.12,0.57,,,,,,,,
2026-06-20T23:17:16Z,0.92,7.22,56.83,18.112,2.23,8.01,0.09,0.53,,,,,,,,
2026-06-21T03:01:56Z,6.05,6.6,61.25,15.535,3.14,7.53,0.19,0.95,,,,,,,,
2026-06-21T03:03:29Z,5.45,7.03,56.11,17.1,2.74,7.81,0.17,0.68,,,,,,,,
2026-06-21T03:05:02Z,4.92,7.05,56.06,17.126,2.62,7.82,0.15,0.7,,,,,,,,
2026-06-21T03:06:34Z,4.41,7.06,56.04,17.126,2.59,7.83,0.15,0.7,,,,,,,,
2026-06-21T03:08:06Z,3.92,7.08,55.8,17.188,2.6,7.85,0.15,0.64,,,,,,,,
2026-06-21T03:09:38Z,3.42,7.11,55.64,17.245,2.62,7.87,0.13,0.69,,,,,,,,
2026-06-21T03:11:10Z,2.93,7.12,55.59,17.28,2.69,7.89,0.12,0.67,,,,,,,,
2026-06-21T03:12:42Z,2.45,7.14,55.39,17.334,2.67,7.91,0.15,0.68,,,,,,,,
2026-06-21T03:14:14Z,1.93,7.14,55.3,17.355,2.76,7.91,0.13,0.68,,,,,,,,
2026-06-21T03:15:46Z,1.44,7.16,55.31,17.42,2.63,7.94,0.12,0.7,,,,,,,,
2026-06-21T03:17:19Z,0.93,7.32,56.29,17.71,2.68,8.15,0.16,0.62,,,,,,,,
2026-06-21T07:02:01Z,6.07,6.72,60.26,16.016,3.3,7.57,0.21,1.04,,,,,,,,
2026-06-21T07:03:34Z,5.47,6.97,56.58,16.848,2.68,7.8,0.18,0.89,,,,,,,,
2026-06-21T07:05:07Z,4.94,7.03,55.9,17.092,2.9,7.84,0.18,0.79,,,,,,,,
2026-06-21T07:06:40Z,4.46,7.05,55.78,17.121,3.03,7.85,0.15,0.76,,,,,,,,
2026-06-21T07:08:13Z,3.96,7.06,55.73,17.137,2.67,7.87,0.15,0.83,,,,,,,,
2026-06-21T07:09:46Z,3.46,7.07,55.68,17.144,2.64,7.88,0.19,0.73,,,,,,,,
2026-06-21T07:11:19Z,2.96,7.13,55.5,17.177,2.55,7.93,0.16,0.74,,,,,,,,
2026-06-21T07:12:52Z,2.46,7.13,55.46,17.186,2.69,7.94,0.16,0.86,,,,,,,,
2026-06-21T07:14:25Z,1.96,7.15,55.48,17.193,2.64,7.95,0.15,0.73,,,,,,,,
2026-06-21T07:15:58Z,1.47,7.16,55.53,17.197,2.77,7.96,0.13,0.74,,,,,,,,
2026-06-21T07:17:31Z,0.99,7.2,55.65,17.203,2.54,8,0.15,0.72,,,,,,,,
2026-06-21T11:01:59Z,6.01,6.55,61.14,15.755,3.08,7.47,0.21,0.99,,,,,,,,
2026-06-21T11:03:32Z,5.48,6.73,56.51,16.467,2.89,7.78,0.16,0.77,,,,,,,,
2026-06-21T11:05:05Z,4.97,7.01,55.44,16.914,2.64,7.85,0.18,0.83,,,,,,,,
2026-06-21T11:06:38Z,4.48,7.03,55.32,16.985,2.48,7.86,0.22,0.74,,,,,,,,
2026-06-21T11:08:11Z,3.95,7.03,55.33,16.998,2.78,7.86,0.16,0.83,,,,,,,,
2026-06-21T11:09:44Z,3.48,7.03,55.32,17.002,2.71,7.85,0.14,0.69,,,,,,,,
2026-06-21T11:11:17Z,2.99,7.03,55.29,17.003,2.56,7.86,0.17,0.76,,,,,,,,
2026-06-21T11:12:50Z,2.49,7.04,55.28,17.007,2.97,7.86,0.17,0.82,,,,,,,,
2026-06-21T11:14:23Z,1.98,7.04,55.28,17.007,2.6,7.86,0.18,0.89,,,,,,,,
2026-06-21T11:15:56Z,1.52,7.05,55.27,17.006,2.66,7.86,0.13,0.74,,,,,,,,
2026-06-21T11:17:29Z,0.98,7.04,55.28,17.006,2.65,7.85,0.14,0.93,,,,,,,,
2026-06-21T15:01:58Z,6.07,6.66,62.21,15.416,3.14,7.56,0.17,0.8,,,,,,,,
2026-06-21T15:03:31Z,5.45,6.83,61.86,15.564,2.85,7.62,0.16,0.78,,,,,,,,
2026-06-21T15:05:04Z,4.93,6.9,61.12,15.812,2.63,7.67,0.14,0.86,,,,,,,,
2026-06-21T15:06:36Z,4.44,7.02,55.87,16.675,2.95,7.83,0.18,0.82,,,,,,,,
2026-06-21T15:08:08Z,3.95,7.01,55.69,16.803,2.56,7.85,0.17,0.73,,,,,,,,
2026-06-21T15:09:41Z,3.44,7.02,55.71,16.832,2.53,7.85,0.13,0.67,,,,,,,,
2026-06-21T15:11:13Z,2.95,7.03,55.71,16.84,2.74,7.85,0.19,0.69,,,,,,,,
2026-06-21T15:12:46Z,2.44,7.04,55.67,16.853,2.85,7.86,0.14,0.81,,,,,,,,
2026-06-21T15:14:18Z,1.95,7.06,55.69,16.866,2.44,7.86,0.14,0.65,,,,,,,,
2026-06-21T15:15:51Z,1.43,7.07,55.75,16.867,2.52,7.87,0.15,0.6,,,,,,,,
2026-06-21T15:17:23Z,0.96,7.08,55.74,16.881,2.66,7.87,0.15,0.7,,,,,,,,
2026-06-21T19:01:56Z,6.07,6.81,62.76,15.278,2.87,7.58,0.12,0.65,,,,,,,,
2026-06-21T19:03:29Z,5.42,7.02,62.55,15.501,2.71,7.68,0.15,0.71,,,,,,,,
2026-06-21T19:05:01Z,4.9,6.76,58.46,16.239,2.81,7.6,0.17,0.75,,,,,,,,
2026-06-21T19:06:33Z,4.4,7.07,55.64,17.075,2.51,7.85,0.14,0.61,,,,,,,,
2026-06-21T19:08:05Z,3.94,7.06,55.87,17.286,2.49,7.82,0.14,0.64,,,,,,,,
2026-06-21T19:09:37Z,3.43,7.07,55.89,17.305,2.54,7.83,0.14,0.53,,,,,,,,
2026-06-21T19:11:09Z,2.93,7.07,55.87,17.317,2.51,7.82,0.12,0.61,,,,,,,,
2026-06-21T19:12:41Z,2.42,7.07,55.86,17.313,2.54,7.82,0.15,0.68,,,,,,,,
2026-06-21T19:14:13Z,1.89,7.08,55.85,17.344,2.5,7.82,0.14,0.6,,,,,,,,
2026-06-21T19:15:45Z,1.4,7.08,55.88,17.359,2.51,7.83,0.13,0.59,,,,,,,,
2026-06-21T19:17:17Z,0.92,7.08,55.88,17.345,2.48,7.83,0.12,0.57,,,,,,,,
2026-06-21T23:01:55Z,6.06,6.88,63.05,15.209,2.89,7.6,0.14,0.76,,,,,,,,
2026-06-21T23:03:28Z,5.42,6.96,61.56,15.71,2.76,7.65,0.16,0.76,,,,,,,,
2026-06-21T23:05:00Z,4.92,7.19,56.71,17.282,2.51,7.93,0.12,0.67,,,,,,,,
2026-06-21T23:06:32Z,4.41,7.16,56.05,17.592,2.47,7.94,0.14,0.69,,,,,,,,
2026-06-21T23:08:04Z,3.9,7.17,56.02,17.647,2.39,7.95,0.13,0.58,,,,,,,,
2026-06-21T23:09:36Z,3.43,7.18,55.97,17.699,2.57,7.95,0.13,0.6,,,,,,,,
2026-06-21T23:11:08Z,2.9,7.17,55.92,17.749,2.32,7.95,0.11,0.61,,,,,,,,
2026-06-21T23:12:40Z,2.41,7.17,55.9,17.78,2.38,7.94,0.16,0.62,,,,,,,,
2026-06-21T23:14:12Z,1.91,7.17,55.85,17.893,2.46,7.93,0.13,0.58,,,,,,,,
2026-06-21T23:15:44Z,1.38,7.16,55.82,17.968,2.53,7.91,0.12,0.52,,,,,,,,
2026-06-21T23:17:16Z,0.92,7.15,55.79,18.006,2.4,7.91,0.1,0.53,,,,,,,,
2026-06-22T03:01:56Z,6.06,6.85,62.77,15.364,2.83,7.61,0.18,0.89,,,,,,,,
2026-06-22T03:03:29Z,5.45,6.98,61.22,15.872,2.86,7.68,0.17,0.91,,,,,,,,
2026-06-22T03:05:02Z,4.92,7.24,57.74,17.098,2.78,7.95,0.16,0.75,,,,,,,,
2026-06-22T03:06:34Z,4.4,7.18,56.96,17.618,2.33,7.95,0.18,0.72,,,,,,,,
2026-06-22T03:08:06Z,3.93,7.18,56.84,17.724,2.48,7.97,0.13,0.74,,,,,,,,
2026-06-22T03:09:39Z,3.41,7.19,56.65,17.808,2.5,7.97,0.13,0.68,,,,,,,,
2026-06-22T03:11:11Z,2.92,7.19,56.55,17.84,2.39,7.97,0.14,1.01,,,,,,,,
2026-06-22T03:12:43Z,2.42,7.21,56.52,17.873,2.35,7.99,0.13,0.66,,,,,,,,
2026-06-22T03:14:15Z,1.94,7.22,56.54,17.867,2.43,7.99,0.13,0.65,,,,,,,,
2026-06-22T03:15:48Z,1.44,7.22,56.49,17.878,2.47,8,0.13,0.61,,,,,,,,
2026-06-22T03:17:21Z,0.95,7.23,56.45,17.88,2.37,8.01,0.11,0.78,,,,,,,,
2026-06-22T07:02:01Z,6.07,7.15,63.12,15.19,2.54,7.69,0.15,0.81,,,,,,,,
2026-06-22T07:03:34Z,5.48,7.17,62.93,15.265,2.64,7.71,0.16,0.82,,,,,,,,
2026-06-22T07:05:07Z,4.94,7.16,62.89,15.296,2.61,7.71,0.17,0.86,,,,,,,,
2026-06-22T07:06:40Z,4.47,7.19,61.96,15.711,2.66,7.76,0.16,0.8,,,,,,,,
2026-06-22T07:08:13Z,3.96,7.23,57.38,17.441,2.46,7.98,0.15,0.68,,,,,,,,
2026-06-22T07:09:46Z,3.47,7.21,57.18,17.541,2.49,7.98,0.17,0.68,,,,,,,,
2026-06-22T07:11:19Z,2.95,7.21,57.04,17.563,2.42,7.99,0.17,0.81,,,,,,,,
2026-06-22T07:12:52Z,2.46,7.21,56.99,17.578,2.43,7.98,0.16,0.84,,,,,,,,
2026-06-22T07:14:25Z,1.94,7.21,56.99,17.577,2.43,7.99,0.12,0.66,,,,,,,,
2026-06-22T07:15:58Z,1.46,7.22,56.97,17.581,2.37,7.99,0.1,0.71,,,,,,,,
2026-06-22T07:17:31Z,0.97,7.22,57.01,17.567,2.56,7.99,0.14,0.85,,,,,,,,
2026-06-22T11:02:03Z,6.1,7.21,63,15.467,2.46,7.68,0.15,0.67,,,,,,,,
2026-06-22T11:03:37Z,5.5,7.21,62.99,15.476,2.46,7.66,0.13,0.72,,,,,,,,
2026-06-22T11:05:10Z,4.98,7.21,62.84,15.555,2.59,7.65,0.17,0.73,,,,,,,,
2026-06-22T11:06:43Z,4.48,7.22,62.72,15.587,2.52,7.68,0.14,0.74,,,,,,,,
2026-06-22T11:08:16Z,3.98,7.26,59.76,16.638,2.54,7.84,0.13,0.67,,,,,,,,
2026-06-22T11:09:49Z,3.49,7.2,58.23,17.067,2.43,7.88,0.14,0.7,,,,,,,,
2026-06-22T11:11:22Z,2.98,7.17,57.56,17.209,2.45,7.89,0.16,0.69,,,,,,,,
2026-06-22T11:12:55Z,2.48,7.18,57.4,17.221,2.42,7.9,0.15,0.72,,,,,,,,
2026-06-22T11:14:28Z,1.98,7.18,57.45,17.214,2.41,7.9,0.12,0.69,,,,,,,,
2026-06-22T11:16:01Z,1.48,7.18,57.45,17.226,2.37,7.91,0.14,0.69,,,,,,,,
2026-06-22T11:17:34Z,0.99,7.19,57.46,17.217,2.31,7.91,0.15,0.69,,,,,,,,
2026-06-22T15:01:57Z,6.02,7.17,63.48,15.322,2.54,7.69,0.14,0.71,,,,,,,,
2026-06-22T15:03:30Z,5.44,7.17,63.58,15.251,2.77,7.69,0.16,0.7,,,,,,,,
2026-06-22T15:05:03Z,4.93,7.19,63.56,15.268,2.58,7.7,0.14,0.72,,,,,,,,
2026-06-22T15:06:35Z,4.45,7.21,63.5,15.316,2.57,7.71,0.12,0.62,,,,,,,,
2026-06-22T15:08:08Z,3.92,7.22,60.87,16.28,2.43,7.84,0.13,0.71,,,,,,,,
2026-06-22T15:09:40Z,3.44,7.17,58.65,16.775,2.49,7.92,0.13,0.59,,,,,,,,
2026-06-22T15:11:12Z,2.93,7.18,58.57,16.807,2.35,7.92,0.15,0.56,,,,,,,,
2026-06-22T15:12:44Z,2.45,7.17,58.45,16.822,2.39,7.92,0.18,0.86,,,,,,,,
2026-06-22T15:14:17Z,1.93,7.18,58.33,16.846,2.52,7.91,0.18,0.78,,,,,,,,
2026-06-22T15:15:49Z,1.45,7.18,58.32,16.862,2.45,7.92,0.14,0.62,,,,,,,,
2026-06-22T15:17:22Z,0.94,7.17,58.18,16.907,2.39,7.89,0.13,0.72,,,,,,,,
2026-06-22T19:01:56Z,6.07,7.14,63.82,15.157,2.67,7.67,0.15,0.62,,,,,,,,
2026-06-22T19:03:29Z,5.42,7.18,63.69,15.223,2.53,7.7,0.15,0.63,,,,,,,,
2026-06-22T19:05:01Z,4.9,7.2,63.62,15.267,2.52,7.71,0.12,0.62,,,,,,,,
2026-06-22T19:06:33Z,4.42,7.24,63.11,15.467,2.42,7.73,0.17,0.61,,,,,,,,
2026-06-22T19:08:05Z,3.91,7.23,61.88,15.945,2.38,7.79,0.17,0.64,,,,,,,,
2026-06-22T19:09:37Z,3.41,7.22,58.54,17.014,2.36,7.94,0.12,0.65,,,,,,,,
2026-06-22T19:11:09Z,2.89,7.19,58.13,17.227,2.39,7.93,0.14,0.64,,,,,,,,
2026-06-22T19:12:41Z,2.42,7.18,58.08,17.258,2.33,7.92,0.14,0.61,,,,,,,,
2026-06-22T19:14:13Z,1.91,7.17,57.93,17.342,2.26,7.91,0.14,0.58,,,,,,,,
2026-06-22T19:15:45Z,1.43,7.16,57.8,17.405,2.31,7.92,0.11,0.52,,,,,,,,
2026-06-22T19:17:17Z,0.92,7.17,57.76,17.46,2.32,7.92,0.15,0.54,,,,,,,,
2026-06-22T23:01:56Z,6.08,7.13,63.73,15.181,2.72,7.67,0.1,0.69,,,,,,,,
2026-06-22T23:03:29Z,5.4,7.17,63.62,15.218,2.59,7.69,0.12,0.7,,,,,,,,
2026-06-22T23:05:01Z,4.91,7.21,63.25,15.355,2.56,7.72,0.14,0.64,,,,,,,,
2026-06-22T23:06:33Z,4.42,7.38,60.58,16.284,2.41,7.96,0.17,0.71,,,,,,,,
2026-06-22T23:08:05Z,3.92,7.31,58.63,17.075,2.29,8.03,0.15,0.66,,,,,,,,
2026-06-22T23:09:37Z,3.41,7.27,57.97,17.396,2.32,8.02,0.15,0.64,,,,,,,,
2026-06-22T23:11:09Z,2.91,7.25,57.73,17.529,2.28,8.01,0.16,0.7,,,,,,,,
2026-06-22T23:12:41Z,2.41,7.25,57.75,17.539,2.41,8.01,0.15,0.7,,,,,,,,
2026-06-22T23:14:13Z,1.91,7.25,57.8,17.554,2.33,8.01,0.12,0.62,,,,,,,,
2026-06-22T23:15:45Z,1.41,7.25,57.84,17.575,2.27,8.01,0.14,0.75,,,,,,,,
2026-06-22T23:17:17Z,0.91,7.26,57.81,17.579,2.3,8.01,0.1,0.61,,,,,,,,
2026-06-23T03:01:56Z,6.06,7,63.85,15.159,2.72,7.63,0.18,0.93,,,,,,,,
2026-06-23T03:03:29Z,5.44,7.08,63.78,15.151,2.51,7.66,0.16,0.78,,,,,,,,
2026-06-23T03:05:02Z,4.9,7.15,63.62,15.219,2.48,7.69,0.14,0.76,,,,,,,,
2026-06-23T03:06:34Z,4.42,7.2,63.14,15.421,2.47,7.73,0.16,0.87,,,,,,,,
2026-06-23T03:08:06Z,3.92,7.04,60.55,16.447,3.22,7.75,0.17,0.75,,,,,,,,
2026-06-23T03:09:38Z,3.42,7.32,57.79,17.098,2.53,8.01,0.14,0.76,,,,,,,,
2026-06-23T03:11:10Z,2.94,7.3,56.06,17.61,2.35,8.08,0.17,0.83,,,,,,,,
2026-06-23T03:12:42Z,2.46,7.3,55.92,17.665,2.3,8.09,0.16,0.78,,,,,,,,
2026-06-23T03:14:15Z,1.93,7.31,56.15,17.712,2.52,8.1,0.15,0.77,,,,,,,,
2026-06-23T03:15:47Z,1.45,7.31,56.23,17.728,2.15,8.1,0.18,0.92,,,,,,,,
2026-06-23T03:17:20Z,0.95,7.33,56.61,17.716,2.29,8.11,0.12,0.75,,,,,,,,
2026-06-23T07:02:01Z,6.08,7.1,64.55,14.433,2.63,7.63,0.15,0.77,,,,,,,,
2026-06-23T07:03:34Z,5.48,7.12,64.51,14.469,2.65,7.63,0.17,0.78,,,,,,,,
2026-06-23T07:05:07Z,4.98,7.11,64.42,14.557,2.54,7.63,0.18,0.79,,,,,,,,
2026-06-23T07:06:40Z,4.47,7.11,64.34,14.625,2.56,7.64,0.14,0.81,,,,,,,,
2026-06-23T07:08:13Z,3.96,7.14,64.07,14.804,2.48,7.66,0.22,0.82,,,,,,,,
2026-06-23T07:09:46Z,3.47,7.28,60.83,15.951,2.53,7.86,0.16,0.97,,,,,,,,
2026-06-23T07:11:19Z,2.96,7.3,56.74,17.182,2.38,8.04,0.14,0.71,,,,,,,,
2026-06-23T07:12:52Z,2.46,7.28,56.41,17.398,2.5,8.05,0.15,0.75,,,,,,,,
2026-06-23T07:14:25Z,1.95,7.27,56.37,17.45,2.48,8.05,0.2,0.8,,,,,,,,
2026-06-23T07:15:58Z,1.47,7.27,56.35,17.455,2.26,8.05,0.15,0.77,,,,,,,,
2026-06-23T07:17:31Z,0.98,7.27,56.35,17.463,2.36,8.05,0.14,0.93,,,,,,,,
2026-06-23T11:01:59Z,6.01,7.1,64.78,14.248,2.48,7.61,0.18,0.96,,,,,,,,
2026-06-23T11:03:32Z,5.48,7.11,64.87,14.203,2.54,7.62,0.18,0.81,,,,,,,,
2026-06-23T11:05:05Z,4.97,7.14,64.8,14.28,2.59,7.63,0.19,0.85,,,,,,,,
2026-06-23T11:06:38Z,4.47,7.17,64.66,14.375,2.54,7.64,0.17,0.76,,,,,,,,
2026-06-23T11:08:11Z,3.96,7.3,63.15,15.244,2.48,7.76,0.16,0.72,,,,,,,,
2026-06-23T11:09:44Z,3.48,7.26,61.88,15.832,2.59,7.81,0.22,0.93,,,,,,,,
2026-06-23T11:11:17Z,2.98,7.22,57.27,16.954,2.39,7.96,0.19,0.8,,,,,,,,
2026-06-23T11:12:50Z,2.49,7.2,56.83,17.141,2.33,7.98,0.22,0.7,,,,,,,,
2026-06-23T11:14:23Z,1.99,7.19,56.81,17.165,2.33,7.98,0.21,0.89,,,,,,,,
2026-06-23T11:16:00Z,1.44,7.2,56.8,17.178,2.23,7.98,0.19,0.76,,,,,,,,
2026-06-23T11:17:33Z,1,7.2,56.8,17.181,2.25,7.98,0.16,0.73,,,,,,,,
2026-06-23T15:01:58Z,6.06,7,65.11,14.09,2.81,7.57,0.12,0.63,,,,,,,,
2026-06-23T15:03:31Z,5.46,6.99,65.19,14.003,2.68,7.56,0.15,0.67,,,,,,,,
2026-06-23T15:05:04Z,4.96,7.04,65.09,14.085,2.63,7.58,0.15,0.69,,,,,,,,
2026-06-23T15:06:37Z,4.45,7.14,64.76,14.371,2.56,7.64,0.14,0.65,,,,,,,,
2026-06-23T15:08:10Z,3.95,7.25,64.01,15.074,2.5,7.73,0.17,0.69,,,,,,,,
2026-06-23T15:09:42Z,3.46,7.22,61.21,16.024,2.45,7.81,0.15,0.85,,,,,,,,
2026-06-23T15:11:15Z,2.94,7.19,58.03,16.669,2.13,7.93,0.2,0.8,,,,,,,,
2026-06-23T15:12:48Z,2.44,7.18,57.59,16.87,2.31,7.94,0.16,0.73,,,,,,,,
2026-06-23T15:14:21Z,1.94,7.19,57.51,16.906,2.17,7.95,0.2,0.7,,,,,,,,
2026-06-23T15:15:54Z,1.45,7.2,57.44,16.938,2.34,7.95,0.19,0.76,,,,,,,,
2026-06-23T15:17:27Z,0.95,7.23,57.35,16.963,2.21,7.98,0.22,0.67,,,,,,,,
2026-06-23T19:01:56Z,6.08,7.07,65.17,14.103,2.71,7.59,0.16,0.66,,,,,,,,
2026-06-23T19:03:29Z,5.4,7.11,65.27,14.016,2.67,7.6,0.18,0.61,,,,,,,,
2026-06-23T19:05:01Z,4.86,7.12,65.25,14.038,2.62,7.6,0.18,0.62,,,,,,,,
2026-06-23T19:06:33Z,4.41,7.14,65.16,14.109,2.62,7.61,0.19,0.68,,,,,,,,
2026-06-23T19:08:05Z,3.92,7.3,63.65,14.928,2.41,7.75,0.18,0.77,,,,,,,,
2026-06-23T19:09:37Z,3.4,7.36,60.46,16.281,2.35,7.95,0.2,0.84,,,,,,,,
2026-06-23T19:11:09Z,2.89,7.33,57.46,16.736,2.39,8.12,0.2,0.8,,,,,,,,
2026-06-23T19:12:41Z,2.42,7.35,57.32,16.823,2.36,8.14,0.18,0.73,,,,,,,,
2026-06-23T19:14:13Z,1.88,7.36,57.3,16.93,2.34,8.13,0.18,0.71,,,,,,,,
2026-06-23T19:15:45Z,1.44,7.35,57.44,17.014,2.27,8.11,0.16,0.77,,,,,,,,
2026-06-23T19:17:17Z,0.92,7.36,57.63,17.225,2.27,8.1,0.14,0.71,,,,,,,,
2026-06-23T23:01:56Z,6.08,7,65.36,13.942,2.76,7.56,0.16,0.69,,,,,,,,
2026-06-23T23:03:29Z,5.42,7.11,65.34,13.94,2.65,7.59,0.15,0.76,,,,,,,,
2026-06-23T23:05:01Z,4.89,7.13,65.3,13.963,2.64,7.61,0.19,0.82,,,,,,,,
2026-06-23T23:06:33Z,4.4,7.19,65.19,14.018,2.6,7.62,0.18,0.83,,,,,,,,
2026-06-23T23:08:05Z,3.93,7.35,64.01,14.75,2.36,7.75,0.14,0.81,,,,,,,,
2026-06-23T23:09:37Z,3.4,7.96,60.73,16.447,2.35,8.77,0.18,0.79,,,,,,,,
2026-06-23T23:11:09Z,2.9,7.42,58.05,17.583,2.3,8.18,0.17,0.79,,,,,,,,
2026-06-23T23:12:41Z,2.43,7.42,57.92,17.689,2.24,8.19,0.14,0.77,,,,,,,,
2026-06-23T23:14:13Z,1.9,7.44,57.72,17.806,2.4,8.22,0.17,0.8,,,,,,,,
2026-06-23T23:15:45Z,1.45,7.46,57.67,17.962,2.23,8.24,0.14,0.69,,,,,,,,
2026-06-23T23:17:18Z,0.92,7.46,57.75,18.123,2.37,8.24,0.16,0.73,,,,,,,,
2026-06-24T03:01:56Z,6.05,7.27,65.2,13.962,2.57,7.65,0.18,0.86,,,,,,,,
2026-06-24T03:03:29Z,5.41,7.27,65.21,13.958,2.68,7.66,0.16,0.9,,,,,,,,
2026-06-24T03:05:01Z,4.93,7.39,64.64,14.307,2.56,7.73,0.16,0.84,,,,,,,,
2026-06-24T03:06:33Z,4.41,7.37,64.52,14.409,2.55,7.73,0.19,0.85,,,,,,,,
2026-06-24T03:08:05Z,3.93,7.37,64.41,14.49,2.49,7.73,0.19,0.86,,,,,,,,
2026-06-24T03:09:37Z,3.42,7.53,62.49,15.42,2.3,7.94,0.17,1.03,,,,,,,,
2026-06-24T03:11:09Z,2.91,7.49,59.01,17.227,2.43,8.19,0.18,0.9,,,,,,,,
2026-06-24T03:12:41Z,2.42,7.56,58.38,17.579,2.46,8.32,0.19,0.96,,,,,,,,
2026-06-24T03:14:13Z,1.91,7.53,58.07,17.769,2.69,8.32,0.17,0.93,,,,,,,,
2026-06-24T03:15:45Z,1.42,7.53,58.01,17.805,2.25,8.32,0.19,1.01,,,,,,,,
2026-06-24T03:17:17Z,0.94,7.52,58,17.81,2.44,8.32,0.16,0.83,,,,,,,,
2026-06-24T07:01:58Z,6.02,7.17,65.17,13.932,2.47,7.64,0.17,0.85,,,,,,,,
2026-06-24T07:03:31Z,5.46,7.4,64.9,14.184,2.5,7.75,0.16,0.72,,,,,,,,
2026-06-24T07:05:04Z,4.97,7.43,64.82,14.249,2.53,7.76,0.18,0.84,,,,,,,,
2026-06-24T07:06:37Z,4.46,7.49,64.69,14.377,2.55,7.8,0.21,0.8,,,,,,,,
2026-06-24T07:08:10Z,3.96,7.46,64.56,14.438,2.51,7.8,0.18,0.8,,,,,,,,
2026-06-24T07:09:43Z,3.47,7.4,62.67,15.485,2.52,7.9,0.15,0.88,,,,,,,,
2026-06-24T07:11:16Z,2.96,7.59,59.23,17.125,2.41,8.29,0.19,0.93,,,,,,,,
2026-06-24T07:12:49Z,2.46,7.44,58.05,17.624,2.33,8.22,0.21,0.83,,,,,,,,
2026-06-24T07:14:22Z,1.95,7.42,58.04,17.632,2.3,8.21,0.16,0.89,,,,,,,,
2026-06-24T07:15:55Z,1.46,7.43,58.03,17.648,2.42,8.21,0.18,0.81,,,,,,,,
2026-06-24T07:17:28Z,0.98,7.42,58.01,17.637,2.4,8.21,0.17,0.81,,,,,,,,
2026-06-24T11:02:03Z,6.09,7.19,65.27,13.979,2.4,7.63,0.16,0.83,,,,,,,,
2026-06-24T11:03:37Z,5.5,7.2,65.35,13.935,2.42,7.64,0.18,0.71,,,,,,,,
2026-06-24T11:05:10Z,4.98,7.2,65.35,13.947,2.41,7.64,0.17,0.69,,,,,,,,
2026-06-24T11:06:43Z,4.46,7.22,65.26,14.049,2.45,7.65,0.17,0.71,,,,,,,,
2026-06-24T11:08:16Z,3.97,7.34,64.69,14.69,2.28,7.73,0.18,0.67,,,,,,,,
2026-06-24T11:09:49Z,3.48,7.43,60.08,16.87,2.28,8.06,0.17,0.88,,,,,,,,
2026-06-24T11:11:22Z,2.98,7.36,57.93,17.176,2.29,8.11,0.21,0.91,,,,,,,,
2026-06-24T11:12:55Z,2.48,7.33,57.6,17.25,2.36,8.12,0.18,0.9,,,,,,,,
2026-06-24T11:14:28Z,1.98,7.33,57.61,17.26,2.17,8.12,0.21,0.82,,,,,,,,
2026-06-24T11:16:01Z,1.5,7.33,57.68,17.255,2.33,8.12,0.22,1.01,,,,,,,,
2026-06-24T11:17:34Z,0.98,7.33,57.64,17.26,2.33,8.12,0.16,0.73,,,,,,,,
2026-06-24T15:01:57Z,6.01,7.15,65.28,14.01,2.55,7.63,0.14,0.63,,,,,,,,
2026-06-24T15:03:30Z,5.45,7.15,65.47,13.891,2.52,7.62,0.17,0.65,,,,,,,,
2026-06-24T15:05:03Z,4.94,7.17,65.49,13.93,2.36,7.63,0.19,0.63,,,,,,,,
2026-06-24T15:06:35Z,4.44,7.18,65.41,13.938,2.41,7.63,0.17,0.63,,,,,,,,
2026-06-24T15:08:08Z,3.94,7.32,64.46,14.848,2.25,7.73,0.19,0.82,,,,,,,,
2026-06-24T15:09:41Z,3.45,7.46,61.61,16.186,2.39,7.97,0.18,0.97,,,,,,,,
2026-06-24T15:11:14Z,2.95,7.39,58.61,16.806,2.46,8.1,0.21,0.89,,,,,,,,
2026-06-24T15:12:47Z,2.45,7.36,58.31,16.946,2.2,8.12,0.19,0.77,,,,,,,,
2026-06-24T15:14:20Z,1.94,7.35,58.1,17.009,2.12,8.13,0.2,1.02,,,,,,,,
2026-06-24T15:15:53Z,1.44,7.36,58.08,17.023,2.03,8.14,0.16,0.98,,,,,,,,
2026-06-24T15:17:26Z,0.95,7.37,58.12,17.036,2.25,8.14,0.19,0.87,,,,,,,,
2026-06-24T19:01:56Z,6.09,7.18,65.49,13.873,2.49,7.62,0.13,0.66,,,,,,,,
2026-06-24T19:03:29Z,5.39,7.18,65.55,13.843,2.62,7.61,0.15,0.64,,,,,,,,
2026-06-24T19:05:01Z,4.91,7.18,65.55,13.84,2.51,7.61,0.15,0.71,,,,,,,,
2026-06-24T19:06:33Z,4.41,7.2,65.47,13.904,2.47,7.62,0.17,0.66,,,,,,,,
2026-06-24T19:08:05Z,3.9,7.27,64.94,14.398,2.37,7.67,0.19,0.76,,,,,,,,
2026-06-24T19:09:37Z,3.41,7.47,61.58,16.257,2.16,8,0.19,0.93,,,,,,,,
2026-06-24T19:11:09Z,2.88,7.51,60.3,16.719,2.23,8.12,0.18,1,,,,,,,,
2026-06-24T19:12:41Z,2.38,7.47,58.36,17.066,2.22,8.23,0.2,0.9,,,,,,,,
2026-06-24T19:14:13Z,1.91,7.61,58.6,17.231,2.39,8.35,0.18,0.83,,,,,,,,
2026-06-24T19:15:45Z,1.4,7.59,58.4,17.382,2.41,8.35,0.2,0.77,,,,,,,,
2026-06-24T19:17:17Z,0.9,7.58,58.8,17.973,2.27,8.33,0.17,0.69,,,,,,,,
2026-06-24T23:01:57Z,6.08,7.18,65.55,13.827,2.62,7.6,0.14,0.81,,,,,,,,
2026-06-24T23:03:30Z,5.43,7.2,65.59,13.807,2.53,7.6,0.18,0.8,,,,,,,,
2026-06-24T23:05:02Z,4.91,7.23,65.46,13.924,2.4,7.63,0.17,0.8,,,,,,,,
2026-06-24T23:06:34Z,4.42,7.27,65.28,14.116,2.34,7.66,0.17,0.75,,,,,,,,
2026-06-24T23:08:06Z,3.91,7.43,63.69,15.092,2.38,7.87,0.16,0.9,,,,,,,,
2026-06-24T23:09:38Z,3.42,7.64,58.43,17.855,2.3,8.4,0.2,0.88,,,,,,,,
2026-06-24T23:11:10Z,2.88,7.59,57.66,17.991,2.24,8.38,0.18,0.87,,,,,,,,
2026-06-24T23:12:42Z,2.43,7.59,57.64,18.011,2.51,8.38,0.2,0.89,,,,,,,,
2026-06-24T23:14:14Z,1.9,7.58,57.64,18.03,2.38,8.38,0.22,0.96,,,,,,,,
2026-06-24T23:15:46Z,1.4,7.59,57.65,18.032,2.4,8.38,0.23,0.96,,,,,,,,
2026-06-24T23:17:18Z,0.92,7.59,57.65,18.047,2.28,8.39,0.21,0.9,,,,,,,,
2026-06-25T03:01:56Z,6.04,7.15,65.42,13.984,2.71,7.61,0.16,0.95,,,,,,,,
2026-06-25T03:03:29Z,5.44,7.15,65.47,13.955,2.8,7.6,0.18,0.95,,,,,,,,
2026-06-25T03:05:01Z,4.93,7.15,65.45,13.979,2.78,7.6,0.19,0.97,,,,,,,,
2026-06-25T03:06:33Z,4.41,7.14,65.39,14.029,2.71,7.6,0.23,0.98,,,,,,,,
2026-06-25T03:08:05Z,3.93,7.14,65.17,14.218,2.58,7.61,0.19,0.92,,,,,,,,
2026-06-25T03:09:37Z,3.43,7.6,63.65,15.366,2.39,7.94,0.18,1.12,,,,,,,,
2026-06-25T03:11:09Z,2.95,7.6,57.63,17.622,2.41,8.39,0.22,1.05,,,,,,,,
2026-06-25T03:12:42Z,2.43,7.61,57.75,17.904,2.44,8.42,0.16,1.13,,,,,,,,
2026-06-25T03:14:14Z,1.94,7.62,58,18.032,2.43,8.44,0.21,0.85,,,,,,,,
2026-06-25T03:15:46Z,1.43,7.61,58.49,18.264,2.34,8.46,0.22,0.88,,,,,,,,
2026-06-25T03:17:18Z,0.94,7.61,58.52,18.277,2.25,8.45,0.17,0.88,,,,,,,,
2026-06-25T07:02:01Z,6.09,7.09,65.47,13.918,2.46,7.6,0.17,0.91,,,,,,,,
2026-06-25T07:03:35Z,5.46,7.1,65.6,13.842,2.66,7.58,0.19,0.86,,,,,,,,
2026-06-25T07:05:08Z,4.97,7.18,65.48,13.952,2.53,7.61,0.18,0.97,,,,,,,,
2026-06-25T07:06:41Z,4.45,7.19,65.33,14.077,2.53,7.63,0.18,0.88,,,,,,,,
2026-06-25T07:08:14Z,3.97,7.21,65.28,14.122,2.63,7.64,0.23,1.34,,,,,,,,
2026-06-25T07:09:47Z,3.46,7.35,64.42,14.62,2.48,7.75,0.18,1.12,,,,,,,,
2026-06-25T07:11:20Z,2.96,7.6,61.11,15.659,2.66,8.02,0.36,10.96,,,,,,,,
2026-06-25T07:12:53Z,2.47,7.55,57.76,17.181,2.71,8.3,0.22,1.25,,,,,,,,
2026-06-25T07:14:26Z,1.95,7.51,57.49,17.383,2.48,8.3,0.21,1.13,,,,,,,,
2026-06-25T07:15:59Z,1.48,7.5,57.47,17.431,2.46,8.3,0.33,1.29,,,,,,,,
2026-06-25T07:17:32Z,0.98,7.53,57.53,17.512,2.46,8.33,0.33,1.44,,,,,,,,
2026-06-25T11:01:59Z,6.03,7.17,65.37,13.984,2.47,7.64,0.16,0.94,,,,,,,,
2026-06-25T11:03:32Z,5.46,7.3,65.41,13.888,2.42,7.69,0.19,0.79,,,,,,,,
2026-06-25T11:05:05Z,4.97,7.26,65.47,13.861,2.42,7.67,0.18,0.83,,,,,,,,
2026-06-25T11:06:38Z,4.45,7.4,65.38,13.945,2.45,7.73,0.18,0.83,,,,,,,,
2026-06-25T11:08:11Z,3.96,7.54,65.11,14.15,2.42,7.8,0.2,0.88,,,,,,,,
2026-06-25T11:09:44Z,3.46,7.44,64.8,14.573,2.31,7.76,0.18,0.95,,,,,,,,
2026-06-25T11:11:17Z,2.96,7.56,62.65,15.658,2.46,7.95,0.21,1.57,,,,,,,,
2026-06-25T11:12:50Z,2.47,7.46,57.82,17.03,2.71,8.21,0.28,1.36,,,,,,,,
2026-06-25T11:14:23Z,1.96,7.45,57.68,17.221,2.71,8.22,0.22,1.01,,,,,,,,
2026-06-25T11:15:56Z,1.48,7.45,57.57,17.274,2.34,8.23,0.21,1.17,,,,,,,,
2026-06-25T11:17:29Z,0.98,7.44,57.55,17.305,2.48,8.23,0.24,0.87,,,,,,,,
2026-06-25T15:01:59Z,6.02,7.15,65.49,13.87,2.45,7.61,0.16,0.77,,,,,,,,
2026-06-25T15:03:32Z,5.48,7.21,65.58,13.885,2.3,7.62,0.21,0.77,,,,,,,,
2026-06-25T15:05:05Z,4.96,7.21,65.56,13.89,2.39,7.63,0.17,0.71,,,,,,,,
2026-06-25T15:06:38Z,4.46,7.23,65.55,13.945,2.4,7.64,0.19,0.76,,,,,,,,
2026-06-25T15:08:11Z,3.96,7.25,65.41,14.104,2.37,7.66,0.18,0.63,,,,,,,,
2026-06-25T15:09:44Z,3.46,7.47,64.35,15.024,2.24,7.84,0.2,0.85,,,,,,,,
2026-06-25T15:11:17Z,2.95,7.49,61.76,16.112,2.28,8.02,0.23,1.11,,,,,,,,
2026-06-25T15:12:50Z,2.47,7.48,59.95,16.602,2.61,8.11,0.21,2.05,,,,,,,,
2026-06-25T15:14:23Z,1.98,7.41,57.73,16.974,2.42,8.18,0.24,1.58,,,,,,,,
2026-06-25T15:15:56Z,1.46,7.41,57.63,17.047,2.39,8.19,0.23,1.18,,,,,,,,
2026-06-25T15:17:29Z,0.98,7.4,57.62,17.059,2.55,8.19,0.25,1.24,,,,,,,,
2026-06-25T19:01:57Z,6.03,7.09,65.63,13.796,2.5,7.58,0.15,0.67,,,,,,,,
2026-06-25T19:03:30Z,5.44,7.13,65.65,13.784,2.46,7.59,0.14,0.67,,,,,,,,
2026-06-25T19:05:03Z,4.9,7.14,65.6,13.832,2.55,7.6,0.16,0.71,,,,,,,,
2026-06-25T19:06:35Z,4.45,7.17,65.59,13.883,2.46,7.61,0.15,0.65,,,,,,,,
2026-06-25T19:08:07Z,3.95,7.2,65.57,13.919,2.4,7.62,0.17,0.81,,,,,,,,
2026-06-25T19:09:40Z,3.42,7.25,65.26,14.239,2.34,7.66,0.14,0.77,,,,,,,,
2026-06-25T19:11:12Z,2.92,7.41,63.82,15.257,2.31,7.82,0.17,1.04,,,,,,,,
2026-06-25T19:12:44Z,2.44,7.51,59.79,16.472,2.34,8.13,0.26,1.33,,,,,,,,
2026-06-25T19:14:17Z,1.93,7.51,58.15,16.847,2.46,8.26,0.24,12.43,,,,,,,,
2026-06-25T19:15:50Z,1.46,7.51,58.03,16.88,2.48,8.28,0.26,1.27,,,,,,,,
2026-06-25T19:17:23Z,0.93,7.51,58.01,16.886,2.47,8.28,0.24,1.16,,,,,,,,
2026-06-25T23:01:55Z,6.09,6.95,65.67,13.797,2.87,7.54,0.14,0.58,,,,,,,,
2026-06-25T23:03:28Z,5.4,6.97,65.76,13.729,2.74,7.53,0.14,0.66,,,,,,,,
2026-06-25T23:05:00Z,4.92,7.03,65.68,13.795,2.69,7.55,0.16,0.65,,,,,,,,
2026-06-25T23:06:32Z,4.39,7.06,65.66,13.807,2.57,7.55,0.13,0.71,,,,,,,,
2026-06-25T23:08:04Z,3.9,7.07,65.62,13.862,2.57,7.54,0.19,0.8,,,,,,,,
2026-06-25T23:09:36Z,3.42,7.12,65.47,14.024,2.56,7.58,0.19,0.82,,,,,,,,
2026-06-25T23:11:08Z,2.9,7.16,65.27,14.242,2.4,7.62,0.17,1.06,,,,,,,,
2026-06-25T23:12:40Z,2.41,7.63,58.05,16.744,2.55,8.36,0.27,1.35,,,,,,,,
2026-06-25T23:14:12Z,1.9,7.67,58.06,16.889,2.67,8.44,0.32,1.15,,,,,,,,
2026-06-25T23:15:44Z,1.43,7.69,58.09,17.011,2.77,8.46,0.27,1.32,,,,,,,,
2026-06-25T23:17:16Z,0.94,7.7,58.19,17.152,2.51,8.47,0.23,1.09,,,,,,,,
2026-06-26T03:01:58Z,6.07,7.21,65.75,13.702,2.59,7.6,0.18,0.81,,,,,,,,
2026-06-26T03:03:31Z,5.46,7.2,65.75,13.707,2.5,7.6,0.21,0.86,,,,,,,,
2026-06-26T03:05:04Z,4.96,7.2,65.63,13.808,2.39,7.61,0.2,0.9,,,,,,,,
2026-06-26T03:06:37Z,4.46,7.22,65.57,13.881,2.38,7.62,0.2,1.05,,,,,,,,
2026-06-26T03:08:10Z,3.95,7.23,65.56,13.921,2.45,7.62,0.18,1.01,,,,,,,,
2026-06-26T03:09:43Z,3.46,7.27,65.14,14.19,2.46,7.66,0.24,1.34,,,,,,,,
2026-06-26T03:11:16Z,2.95,7.46,62.04,15.486,2.52,7.99,0.22,0.94,,,,,,,,
2026-06-26T03:12:49Z,2.46,7.33,63.5,14.986,2.55,7.81,0.22,1.44,,,,,,,,
2026-06-26T03:14:22Z,1.94,7.47,62.07,15.392,2.47,7.88,0.26,1.32,,,,,,,,
2026-06-26T03:15:55Z,1.47,7.68,58.89,17.038,2.51,8.39,0.26,1.39,,,,,,,,
2026-06-26T03:17:28Z,0.98,7.68,58.39,17.345,2.43,8.45,0.27,1.62,,,,,,,,
2026-06-26T07:02:00Z,6.01,7.2,65.69,13.692,2.43,7.62,0.16,0.93,,,,,,,,
2026-06-26T07:03:33Z,5.49,7.18,65.86,13.583,2.47,7.6,0.19,0.98,,,,,,,,
2026-06-26T07:05:06Z,4.95,7.19,65.86,13.583,2.35,7.61,0.19,0.91,,,,,,,,
2026-06-26T07:06:39Z,4.47,7.22,65.79,13.648,2.38,7.62,0.2,0.93,,,,,,,,
2026-06-26T07:08:12Z,3.98,7.25,65.62,13.776,2.4,7.64,0.2,0.91,,,,,,,,
2026-06-26T07:09:45Z,3.48,7.49,63.65,14.811,2.32,7.86,0.25,1.15,,,,,,,,
2026-06-26T07:11:18Z,2.97,7.52,61.57,15.606,2.6,8.01,0.27,1.26,,,,,,,,
2026-06-26T07:12:51Z,2.46,7.56,61.09,15.913,2.41,8.09,0.29,1.43,,,,,,,,
2026-06-26T07:14:24Z,1.98,7.62,58.76,16.702,2.43,8.35,0.29,1.34,,,,,,,,
2026-06-26T07:15:57Z,1.5,7.61,58.62,16.771,2.78,8.37,0.31,1.1,,,,,,,,
2026-06-26T07:17:30Z,0.99,7.61,58.58,16.78,2.38,8.38,0.28,1.21,,,,,,,,
2026-06-26T11:01:59Z,6,7.13,65.83,13.591,2.58,7.6,0.16,0.82,,,,,,,,
2026-06-26T11:03:32Z,5.49,7.12,65.89,13.549,2.45,7.59,0.19,0.95,,,,,,,,
2026-06-26T11:05:05Z,4.98,7.13,65.89,13.56,2.59,7.59,0.22,0.89,,,,,,,,
2026-06-26T11:06:38Z,4.48,7.16,65.8,13.622,2.35,7.6,0.18,0.95,,,,,,,,
2026-06-26T11:08:11Z,3.97,7.3,65.58,13.802,2.46,7.67,0.2,0.93,,,,,,,,
2026-06-26T11:09:44Z,3.48,7.33,64.3,14.405,2.46,7.74,0.22,1.26,,,,,,,,
2026-06-26T11:11:17Z,2.97,7.51,61.39,15.758,2.46,8.03,0.24,1.13,,,,,,,,
2026-06-26T11:12:50Z,2.46,7.48,59.64,16.181,2.34,8.13,0.3,2.16,,,,,,,,
2026-06-26T11:14:23Z,1.96,7.53,58.86,16.381,2.6,8.26,0.27,1.24,,,,,,,,
2026-06-26T11:15:56Z,1.47,7.53,58.85,16.379,2.37,8.25,0.27,1.31,,,,,,,,
2026-06-26T11:17:29Z,1,7.53,58.84,16.395,2.48,8.26,0.27,1.19,,,,,,,,
2026-06-26T15:01:58Z,6.06,7.1,65.73,13.584,2.76,7.59,0.18,1.07,,,,,,,,
2026-06-26T15:03:31Z,5.46,7.1,65.76,13.553,2.51,7.58,0.17,0.81,,,,,,,,
2026-06-26T15:05:04Z,4.95,7.13,65.69,13.588,2.61,7.6,0.19,0.86,,,,,,,,
2026-06-26T15:06:36Z,4.45,7.17,65.5,13.69,2.47,7.62,0.2,0.95,,,,,,,,
2026-06-26T15:08:08Z,3.97,7.21,65.28,13.824,2.38,7.63,0.17,1,,,,,,,,
2026-06-26T15:09:41Z,3.46,7.46,62.64,15.124,2.44,7.86,0.23,1.26,,,,,,,,
2026-06-26T15:11:14Z,2.94,7.55,59.58,15.876,2.52,8.2,0.3,1.23,,,,,,,,
2026-06-26T15:12:46Z,2.47,7.56,59.5,15.926,2.54,8.23,0.28,1.22,,,,,,,,
2026-06-26T15:14:19Z,1.97,7.57,59.47,15.944,2.23,8.23,0.27,1.12,,,,,,,,
2026-06-26T15:15:52Z,1.46,7.57,59.45,15.957,2.32,8.24,0.32,1.09,,,,,,,,
2026-06-26T15:17:25Z,0.95,7.58,59.38,15.994,2.5,8.26,0.29,1.14,,,,,,,,
2026-06-26T19:01:56Z,6.06,7.16,65.71,13.538,2.54,7.6,0.15,0.81,,,,,,,,
2026-06-26T19:03:29Z,5.43,7.17,65.72,13.528,2.63,7.59,0.2,0.89,,,,,,,,
2026-06-26T19:05:01Z,4.88,7.18,65.69,13.578,2.57,7.59,0.17,0.8,,,,,,,,
2026-06-26T19:06:33Z,4.4,7.2,65.65,13.631,2.45,7.6,0.18,0.96,,,,,,,,
2026-06-26T19:08:05Z,3.94,7.3,65.05,13.997,2.39,7.66,0.21,1.19,,,,,,,,
2026-06-26T19:09:38Z,3.39,7.58,62.05,15.362,2.54,8.02,0.26,1.59,,,,,,,,
2026-06-26T19:11:10Z,2.92,7.66,60.71,15.768,2.57,8.19,0.24,1.36,,,,,,,,
2026-06-26T19:12:42Z,2.38,7.73,60.16,16.048,2.63,8.33,0.33,1.14,,,,,,,,
2026-06-26T19:14:14Z,1.9,7.74,60.09,16.108,2.58,8.33,0.3,1.36,,,,,,,,
2026-06-26T19:15:46Z,1.41,7.7,60.15,16.486,2.52,8.29,0.2,0.8,,,,,,,,
2026-06-26T19:17:18Z,0.9,7.67,60.11,16.954,2.51,8.33,0.23,0.74,,,,,,,,
2026-06-26T23:01:56Z,6.06,7.18,65.77,13.534,2.89,7.58,0.2,1.07,,,,,,,,
2026-06-26T23:03:29Z,5.41,7.19,65.75,13.557,2.71,7.58,0.21,1.93,,,,,,,,
2026-06-26T23:05:01Z,4.89,7.24,65.74,13.568,2.49,7.6,0.23,1.05,,,,,,,,
2026-06-26T23:06:33Z,4.4,7.25,65.56,13.731,2.4,7.61,0.21,1.05,,,,,,,,
2026-06-26T23:08:05Z,3.92,7.31,65.39,13.849,2.42,7.66,0.2,1.07,,,,,,,,
2026-06-26T23:09:37Z,3.42,7.91,62.14,15.578,2.56,8.33,0.25,1.09,,,,,,,,
2026-06-26T23:11:09Z,2.9,7.66,63.35,15.203,2.48,7.97,0.2,1.2,,,,,,,,
2026-06-26T23:12:41Z,2.42,7.82,60.11,17.142,2.62,8.46,0.26,1.25,,,,,,,,
2026-06-26T23:14:13Z,1.9,7.84,60.17,17.048,2.54,8.47,0.25,1.2,,,,,,,,
2026-06-26T23:15:45Z,1.43,7.79,60.22,17.256,2.54,8.44,0.24,1.34,,,,,,,,
2026-06-26T23:17:17Z,0.92,7.81,60.27,17.272,2.47,8.45,0.23,1.19,,,,,,,,
2026-06-27T03:01:56Z,6.06,7.03,65.76,13.724,3.03,7.54,0.22,1.11,,,,,,,,
2026-06-27T03:03:29Z,5.44,7.04,65.76,13.72,3.1,7.55,0.26,1.37,,,,,,,,
2026-06-27T03:05:02Z,4.9,7.06,65.72,13.76,3.26,7.56,0.22,1.33,,,,,,,,
2026-06-27T03:06:34Z,4.4,7.09,65.62,13.855,3,7.56,0.22,2.3,,,,,,,,
2026-06-27T03:08:06Z,3.95,7.11,65.53,13.925,2.85,7.57,0.23,1.48,,,,,,,,
2026-06-27T03:09:39Z,3.42,7.17,65.26,14.127,2.76,7.6,0.23,1.97,,,,,,,,
2026-06-27T03:11:11Z,2.92,7.78,59.11,16.884,2.65,8.47,0.33,1.11,,,,,,,,
2026-06-27T03:12:43Z,2.4,7.79,59.15,16.983,2.72,8.48,0.29,1.87,,,,,,,,
2026-06-27T03:14:15Z,1.94,7.81,59.3,17.057,2.53,8.5,0.35,1.42,,,,,,,,
2026-06-27T03:15:47Z,1.44,7.81,59.48,17.171,2.67,8.51,0.32,1.81,,,,,,,,
2026-06-27T03:17:19Z,0.95,7.83,59.73,17.271,2.46,8.52,0.24,1.13,,,,,,,,
2026-06-27T07:02:01Z,6.08,6.91,65.57,13.947,2.83,7.55,0.22,1.32,,,,,,,,
2026-06-27T07:03:35Z,5.47,6.92,65.74,13.798,3.22,7.53,0.24,1.15,,,,,,,,
2026-06-27T07:05:08Z,4.97,6.96,65.68,13.837,3,7.54,0.24,1.54,,,,,,,,
2026-06-27T07:06:41Z,4.46,6.97,65.61,13.899,2.87,7.55,0.21,1.35,,,,,,,,
2026-06-27T07:08:14Z,3.98,7.08,65.28,14.144,2.7,7.59,0.3,1.45,,,,,,,,
2026-06-27T07:09:47Z,3.45,7.68,59.75,16.397,2.72,8.28,0.31,1.36,,,,,,,,
2026-06-27T07:11:20Z,2.98,7.68,59.19,16.715,2.82,8.4,0.32,1.38,,,,,,,,
2026-06-27T07:12:53Z,2.45,7.69,59.18,16.75,2.9,8.41,0.32,1.51,,,,,,,,
2026-06-27T07:14:26Z,1.95,7.71,59.19,16.787,2.65,8.43,0.32,1.66,,,,,,,,
2026-06-27T07:15:59Z,1.46,7.72,59.19,16.813,3.32,8.45,0.21,1.43,,,,,,,,
2026-06-27T07:17:32Z,0.98,7.72,59.2,16.799,2.76,8.45,0.31,0.93,,,,,,,,
2026-06-27T11:01:59Z,6.01,7.01,65.67,13.713,2.72,7.57,0.22,0.89,,,,,,,,
2026-06-27T11:03:32Z,5.49,7.02,65.77,13.65,2.66,7.56,0.25,1.3,,,,,,,,
2026-06-27T11:05:05Z,4.96,7.06,65.71,13.718,2.65,7.57,0.23,1.35,,,,,,,,
2026-06-27T11:06:38Z,4.46,7.13,65.53,13.873,2.58,7.6,0.23,1.02,,,,,,,,
2026-06-27T11:08:11Z,3.97,7.18,65.41,14,2.61,7.61,0.26,1.6,,,,,,,,
2026-06-27T11:09:44Z,3.47,7.17,65.26,14.124,2.51,7.63,0.23,1.54,,,,,,,,
2026-06-27T11:11:17Z,2.97,7.51,60.92,15.461,2.84,8.03,0.34,1.89,,,,,,,,
2026-06-27T11:12:50Z,2.47,7.59,59.33,16.267,2.56,8.28,0.35,2.71,,,,,,,,
2026-06-27T11:14:23Z,1.96,7.6,59.16,16.371,3.1,8.29,0.36,1.67,,,,,,,,
2026-06-27T11:15:56Z,1.48,7.59,59.14,16.403,2.97,8.29,0.38,1.17,,,,,,,,
2026-06-27T11:17:29Z,0.99,7.59,59.13,16.413,2.79,8.29,0.29,1.46,,,,,,,,
2026-06-27T15:01:57Z,6.02,7.16,65.74,13.629,2.85,7.62,0.21,1.21,,,,,,,,
2026-06-27T15:03:30Z,5.45,7.18,65.89,13.513,2.65,7.6,0.21,1.33,,,,,,,,
2026-06-27T15:05:03Z,4.94,7.22,65.86,13.543,2.45,7.61,0.24,1.16,,,,,,,,
2026-06-27T15:06:35Z,4.44,7.41,65.68,13.674,2.47,7.7,0.2,1.36,,,,,,,,
2026-06-27T15:08:07Z,3.96,7.38,65.67,13.691,2.53,7.67,0.19,1.17,,,,,,,,
2026-06-27T15:09:40Z,3.46,7.46,65.44,13.869,2.53,7.73,0.2,1.27,,,,,,,,
2026-06-27T15:11:13Z,2.94,7.52,62.31,14.6,2.85,7.82,0.24,2.15,,,,,,,,
2026-06-27T15:12:45Z,2.45,7.59,59.54,15.971,2.45,8.23,0.45,1.43,,,,,,,,
2026-06-27T15:14:18Z,1.93,7.59,59.29,16.127,2.7,8.26,0.33,1.26,,,,,,,,
2026-06-27T15:15:51Z,1.46,7.6,59.23,16.175,2.7,8.27,0.33,1.69,,,,,,,,
2026-06-27T15:17:24Z,0.94,7.6,59.23,16.197,2.66,8.27,0.32,1.7,,,,,,,,
2026-06-27T19:01:56Z,6.06,7.16,65.92,13.5,3.03,7.55,0.17,1.21,,,,,,,,
2026-06-27T19:03:29Z,5.39,7.14,65.9,13.535,2.73,7.46,0.23,1.11,,,,,,,,
2026-06-27T19:05:01Z,4.89,7.18,65.82,13.613,2.6,7.47,0.2,1.2,,,,,,,,
2026-06-27T19:06:33Z,4.38,7.33,65.19,14.067,2.57,7.57,0.26,1.46,,,,,,,,
2026-06-27T19:08:05Z,3.9,7.75,60.23,16.01,2.78,8.24,0.34,1.46,,,,,,,,
2026-06-27T19:09:37Z,3.4,7.75,59.79,16.472,2.73,8.3,0.29,1.58,,,,,,,,
2026-06-27T19:11:09Z,2.92,7.75,59.74,16.504,2.83,8.3,0.3,1.41,,,,,,,,
2026-06-27T19:12:41Z,2.42,7.75,59.73,16.561,2.73,8.31,0.29,1.29,,,,,,,,
2026-06-27T19:14:13Z,1.89,7.75,59.71,16.597,2.69,8.31,0.32,1.39,,,,,,,,
2026-06-27T19:15:45Z,1.44,7.75,59.69,16.632,2.68,8.33,0.3,1.15,,,,,,,,
2026-06-27T19:17:17Z,0.92,7.75,59.67,16.672,2.87,8.34,0.28,1.21,,,,,,,,
2026-06-27T23:01:55Z,6.06,7.21,65.89,13.575,3.01,7.58,0.23,1.3,,,,,,,,
2026-06-27T23:03:28Z,5.43,7.3,65.82,13.621,2.75,7.59,0.24,1.54,,,,,,,,
2026-06-27T23:05:00Z,4.89,7.29,65.77,13.676,2.66,7.6,0.24,1.57,,,,,,,,
2026-06-27T23:06:32Z,4.43,7.95,60.18,16.676,2.85,8.54,0.31,1.5,,,,,,,,
2026-06-27T23:08:04Z,3.94,7.88,60.14,16.851,2.79,8.49,0.3,1.36,,,,,,,,
2026-06-27T23:09:36Z,3.4,7.89,60.12,16.804,2.75,8.49,0.28,1.93,,,,,,,,
2026-06-27T23:11:08Z,2.92,7.86,60.11,16.823,2.85,8.49,0.31,1.48,,,,,,,,
2026-06-27T23:12:40Z,2.39,7.87,60.11,16.878,2.71,8.47,0.3,1.48,,,,,,,,
2026-06-27T23:14:12Z,1.93,7.87,60.11,16.916,2.79,8.48,0.29,1.54,,,,,,,,
2026-06-27T23:15:44Z,1.44,7.87,60.11,16.977,2.71,8.48,0.28,1.4,,,,,,,,
2026-06-27T23:17:16Z,0.94,7.88,60.14,17.146,2.71,8.5,0.27,1.12,,,,,,,,
2026-06-28T03:01:56Z,6.04,7.14,65.84,13.703,2.93,7.56,0.25,1.56,,,,,,,,
2026-06-28T03:03:29Z,5.44,7.51,62.46,15.516,3.09,7.95,0.28,1.81,,,,,,,,
2026-06-28T03:05:02Z,4.9,7.66,61.09,16.336,3.01,8.3,0.3,1.54,,,,,,,,
2026-06-28T03:06:34Z,4.44,7.68,60.88,16.448,2.93,8.34,0.25,1.44,,,,,,,,
2026-06-28T03:08:07Z,3.91,7.69,60.72,16.495,3.02,8.36,0.32,1.6,,,,,,,,
2026-06-28T03:09:39Z,3.44,7.7,60.61,16.508,2.97,8.36,0.27,1.56,,,,,,,,
2026-06-28T03:11:11Z,2.93,7.69,60.68,16.492,2.83,8.34,0.3,1.56,,,,,,,,
2026-06-28T03:12:44Z,2.42,7.69,60.74,16.481,2.9,8.34,0.29,1.87,,,,,,,,
2026-06-28T03:14:16Z,1.91,7.69,60.74,16.484,3,8.34,0.26,1.52,,,,,,,,
2026-06-28T03:15:48Z,1.44,7.69,60.7,16.5,2.91,8.35,0.31,1.8,,,,,,,,
2026-06-28T03:17:21Z,0.94,7.83,60.18,16.954,2.98,8.57,0.29,1.38,,,,,,,,
2026-06-28T07:02:01Z,6.07,6.94,65.7,13.922,3.22,7.55,0.22,1.73,,,,,,,,
2026-06-28T07:03:34Z,5.47,7.66,62.18,15.808,3.11,8.24,0.34,1.46,,,,,,,,
2026-06-28T07:04:57Z,4.94,7.65,61.83,16.004,3.18,8.3,0.32,1.96,,,,,,,,
2026-06-28T07:06:29Z,4.46,7.65,61.7,16.052,3.05,8.31,0.33,1.7,,,,,,,,
2026-06-28T07:08:02Z,3.98,7.67,61.25,16.186,2.8,8.37,0.28,1.05,,,,,,,,
2026-06-28T07:09:35Z,3.45,7.67,60.89,16.265,3.16,8.39,0.28,1.93,,,,,,,,
2026-06-28T07:11:08Z,2.96,7.66,60.87,16.273,3.08,8.39,0.3,1.53,,,,,,,,
2026-06-28T07:12:41Z,2.46,7.67,60.91,16.277,3.13,8.39,0.32,1.74,,,,,,,,
2026-06-28T07:14:14Z,1.96,7.65,60.74,16.295,3.24,8.37,0.33,1.55,,,,,,,,
2026-06-28T07:15:47Z,1.5,7.64,60.67,16.314,3.11,8.36,0.31,1.57,,,,,,,,
2026-06-28T07:17:20Z,0.96,7.64,60.73,16.31,3.36,8.36,0.31,2.86,,,,,,,,
2026-06-28T11:02:01Z,6.07,6.85,65.74,13.943,2.96,7.53,0.26,1.73,,,,,,,,
2026-06-28T11:03:34Z,5.48,7.03,65.22,14.388,2.95,7.59,0.25,1.54,,,,,,,,
2026-06-28T11:05:07Z,4.95,7.57,62.57,15.491,2.8,8.15,0.33,1.58,,,,,,,,
2026-06-28T11:06:40Z,4.46,7.59,62.44,15.568,3.17,8.18,0.29,1.67,,,,,,,,
2026-06-28T11:08:13Z,3.99,7.67,62.02,15.745,3.05,8.32,0.36,1.11,,,,,,,,
2026-06-28T11:09:46Z,3.46,7.69,61.79,15.833,2.78,8.36,0.26,1.19,,,,,,,,
2026-06-28T11:11:19Z,2.97,7.62,61.14,15.929,3.16,8.33,0.32,1.36,,,,,,,,
2026-06-28T11:12:52Z,2.46,7.6,61.24,15.938,3.07,8.32,0.32,1.55,,,,,,,,
2026-06-28T11:14:25Z,1.95,7.6,61.11,15.955,2.97,8.32,0.31,1.34,,,,,,,,
2026-06-28T11:15:58Z,1.47,7.61,61.17,15.946,3.08,8.33,0.45,1.59,,,,,,,,
2026-06-28T11:17:31Z,1,7.61,61.12,15.953,3.17,8.32,0.33,1.4,,,,,,,,
2026-06-28T15:02:00Z,6.11,7.11,65.64,13.821,3.07,7.57,0.26,1.69,,,,,,,,
2026-06-28T15:03:34Z,5.46,7.33,65.22,14.174,2.9,7.68,0.29,1.47,,,,,,,,
2026-06-28T15:05:07Z,4.91,7.46,64.85,14.433,2.83,7.77,0.26,1.82,,,,,,,,
2026-06-28T15:06:39Z,4.44,7.55,62.96,15.156,3.02,8.03,0.27,2.06,,,,,,,,
2026-06-28T15:08:11Z,3.95,7.57,62.41,15.39,3.11,8.13,0.29,1.75,,,,,,,,
2026-06-28T15:09:44Z,3.44,7.57,62.23,15.454,3.14,8.14,0.24,1.41,,,,,,,,
2026-06-28T15:11:16Z,2.94,7.6,61.44,15.674,2.98,8.29,0.31,1.35,,,,,,,,
2026-06-28T15:12:49Z,2.43,7.61,61.32,15.712,2.83,8.32,0.31,1.4,,,,,,,,
2026-06-28T15:14:21Z,1.93,7.62,61.28,15.73,3.08,8.33,0.28,1.66,,,,,,,,
2026-06-28T15:15:53Z,1.45,7.63,61.27,15.735,2.87,8.34,0.35,1.19,,,,,,,,
2026-06-28T15:17:26Z,0.94,7.63,61.28,15.737,3.1,8.34,0.25,1.49,,,,,,,,
2026-06-28T19:01:56Z,6.08,7.02,65.83,13.774,3.19,7.54,0.22,1.52,,,,,,,,
2026-06-28T19:03:29Z,5.42,7.37,65.59,14.042,2.93,7.67,0.26,1.89,,,,,,,,
2026-06-28T19:05:01Z,4.9,7.68,61.74,15.723,3.18,8.3,0.3,1.55,,,,,,,,
2026-06-28T19:06:33Z,4.42,7.77,61.5,15.931,3,8.4,0.29,1.94,,,,,,,,
2026-06-28T19:08:05Z,3.92,7.79,61.53,16.002,3.01,8.43,0.27,1.32,,,,,,,,
2026-06-28T19:09:37Z,3.41,7.8,61.54,16.058,2.85,8.43,0.27,1.37,,,,,,,,
2026-06-28T19:11:09Z,2.9,7.8,61.53,16.069,2.87,8.43,0.3,1.39,,,,,,,,
2026-06-28T19:12:41Z,2.43,7.81,61.54,16.082,2.82,8.43,0.29,1.35,,,,,,,,
2026-06-28T19:14:13Z,1.92,7.81,61.56,16.103,2.83,8.43,0.3,1.4,,,,,,,,
2026-06-28T19:15:45Z,1.44,7.81,61.57,16.152,2.92,8.42,0.25,0.84,,,,,,,,
2026-06-28T19:17:17Z,0.91,7.82,61.56,16.126,2.85,8.43,0.3,1.19,,,,,,,,
2026-06-28T23:01:56Z,6.06,7.11,65.73,13.882,3.09,7.52,0.22,1.83,,,,,,,,
2026-06-28T23:03:29Z,5.41,7.3,65.08,14.328,2.9,7.65,0.24,1.45,,,,,,,,
2026-06-28T23:05:01Z,4.9,7.92,61.75,16.444,3.07,8.55,0.29,1.4,,,,,,,,
2026-06-28T23:06:33Z,4.4,7.82,61.71,16.513,2.91,8.49,0.28,1.33,,,,,,,,
2026-06-28T23:08:05Z,3.88,7.81,61.66,16.563,2.84,8.48,0.27,1.28,,,,,,,,
2026-06-28T23:09:37Z,3.43,7.8,61.59,16.614,3.01,8.48,0.28,1.3,,,,,,,,
2026-06-28T23:11:09Z,2.89,7.8,61.11,16.783,2.97,8.54,0.26,1.42,,,,,,,,
2026-06-28T23:12:41Z,2.42,7.8,61.01,16.812,3.1,8.55,0.29,1.41,,,,,,,,
2026-06-28T23:14:13Z,1.9,7.81,60.96,16.834,3,8.55,0.29,1.44,,,,,,,,
2026-06-28T23:15:45Z,1.41,7.81,60.94,16.845,3.08,8.58,0.23,1.01,,,,,,,,
2026-06-28T23:17:17Z,0.91,7.82,60.95,16.845,3.2,8.59,0.23,0.85,,,,,,,,
2026-06-29T03:01:56Z,6.04,7.17,65.45,14.174,3.01,7.63,0.22,2.54,,,,,,,,
2026-06-29T03:03:29Z,5.44,7.59,63.03,15.242,3.13,8.05,0.27,2.11,,,,,,,,
2026-06-29T03:05:02Z,4.93,7.79,62.14,15.91,2.92,8.39,0.29,1.69,,,,,,,,
2026-06-29T03:06:34Z,4.4,8.04,61.48,16.419,3.48,8.7,0.32,2.06,,,,,,,,
2026-06-29T03:08:06Z,3.93,8.11,61.44,16.529,3.2,8.78,0.35,1.19,,,,,,,,
2026-06-29T03:09:38Z,3.44,8.02,61.42,16.552,3.45,8.72,0.32,1.73,,,,,,,,
2026-06-29T03:11:10Z,2.95,7.89,61.07,16.631,3.17,8.66,0.27,1.78,,,,,,,,
2026-06-29T03:12:43Z,2.44,7.86,60.96,16.669,3.21,8.66,0.32,1.86,,,,,,,,
2026-06-29T03:14:15Z,1.94,7.86,60.92,16.703,3.08,8.66,0.28,1.67,,,,,,,,
2026-06-29T03:15:47Z,1.45,7.86,60.9,16.729,2.89,8.68,0.29,1.73,,,,,,,,
2026-06-29T03:17:20Z,0.94,7.88,60.94,16.846,2.94,8.69,0.29,1.06,,,,,,,,
2026-06-29T07:02:01Z,6.06,7.1,65.21,14.561,3.15,7.67,0.3,1.63,,,,,,,,
2026-06-29T07:03:34Z,5.48,7.56,62.67,15.73,3.72,8.31,0.4,1.56,,,,,,,,
2026-06-29T07:05:07Z,4.98,7.68,62.06,16.151,3.63,8.49,0.36,1.73,,,,,,,,
2026-06-29T07:06:40Z,4.47,7.76,61.82,16.205,3.47,8.56,0.36,2.36,,,,,,,,
2026-06-29T07:08:13Z,3.98,7.8,61.8,16.217,3.61,8.6,0.31,1.84,,,,,,,,
2026-06-29T07:09:46Z,3.46,7.85,61.77,16.256,3.2,8.63,0.34,2.03,,,,,,,,
2026-06-29T07:11:19Z,2.98,7.82,61.57,16.302,2.64,8.61,0.31,1.92,,,,,,,,
2026-06-29T07:12:52Z,2.48,7.8,61.5,16.314,3.16,8.6,0.34,2.18,,,,,,,,
2026-06-29T07:14:25Z,1.96,7.72,61.36,16.339,3.4,8.54,0.28,1.39,,,,,,,,
2026-06-29T07:15:58Z,1.44,7.71,61.37,16.349,3.34,8.54,0.32,1.58,,,,,,,,
2026-06-29T07:17:31Z,0.98,7.76,61.32,16.376,2.96,8.6,0.34,1.45,,,,,,,,
2026-06-29T11:02:03Z,6.08,7.44,65.66,14.239,2.85,7.77,0.28,1.23,,,,,,,,
2026-06-29T11:03:37Z,5.49,7.6,65.47,14.416,2.96,7.87,0.25,1.74,,,,,,,,
2026-06-29T11:05:10Z,5,7.65,65.25,14.586,2.88,7.95,0.27,1.65,,,,,,,,
2026-06-29T11:06:43Z,4.49,7.75,63.79,15.261,3.17,8.19,0.27,1.83,,,,,,,,
2026-06-29T11:08:16Z,3.98,7.68,62.81,15.684,2.88,8.3,0.31,1.71,,,,,,,,
2026-06-29T11:09:49Z,3.47,7.67,61.8,16.009,3.39,8.44,0.32,1.88,,,,,,,,
2026-06-29T11:11:22Z,2.98,7.67,61.48,16.107,3.12,8.49,0.36,1.8,,,,,,,,
2026-06-29T11:12:55Z,2.47,7.67,61.48,16.127,3.26,8.49,0.39,1.59,,,,,,,,
2026-06-29T11:14:28Z,1.96,7.67,61.46,16.142,3.21,8.49,0.32,1.63,,,,,,,,
2026-06-29T11:16:01Z,1.5,7.66,61.49,16.14,3.1,8.49,0.34,1.67,,,,,,,,
2026-06-29T11:17:34Z,0.98,7.66,61.53,16.14,3.17,8.48,0.34,1.46,,,,,,,,
2026-06-29T15:02:01Z,6.09,7.45,66.19,14.096,3.14,7.74,0.25,1.72,,,,,,,,
2026-06-29T15:03:35Z,5.46,7.49,66.22,14.086,2.78,7.76,0.25,1.88,,,,,,,,
2026-06-29T15:05:08Z,4.97,7.56,66.08,14.193,2.81,7.8,0.27,1.61,,,,,,,,
2026-06-29T15:06:41Z,4.45,7.72,65.46,14.547,2.67,7.97,0.25,1.67,,,,,,,,
2026-06-29T15:08:13Z,3.96,7.85,64.49,15.045,2.84,8.23,0.25,1.58,,,,,,,,
2026-06-29T15:09:46Z,3.45,7.76,62.69,15.552,2.69,8.41,0.26,1.74,,,,,,,,
2026-06-29T15:11:19Z,2.95,7.69,61.59,15.841,3.15,8.47,0.27,1.92,,,,,,,,
2026-06-29T15:12:52Z,2.44,7.69,61.55,15.867,3.23,8.48,0.33,1.67,,,,,,,,
2026-06-29T15:14:25Z,1.94,7.69,61.54,15.88,3.47,8.48,0.3,1.61,,,,,,,,
2026-06-29T15:15:58Z,1.46,7.7,61.54,15.891,2.96,8.49,0.36,1.72,,,,,,,,
2026-06-29T15:17:31Z,0.93,7.7,61.56,15.902,2.93,8.49,0.33,1.66,,,,,,,,
2026-06-29T19:01:56Z,6.06,7.48,66.25,14.082,3.11,7.68,0.25,1.84,,,,,,,,
2026-06-29T19:03:29Z,5.42,7.6,66.15,14.157,2.87,7.75,0.27,1.67,,,,,,,,
2026-06-29T19:05:01Z,4.9,7.38,65.53,14.526,2.88,7.69,0.26,1.81,,,,,,,,
2026-06-29T19:06:33Z,4.44,7.88,62.06,15.977,3.27,8.54,0.31,1.44,,,,,,,,
2026-06-29T19:08:05Z,3.91,7.92,62.08,16.012,3.06,8.56,0.32,1.48,,,,,,,,
2026-06-29T19:09:37Z,3.42,7.92,62.05,16.047,3.16,8.56,0.29,1.28,,,,,,,,
2026-06-29T19:11:09Z,2.89,7.93,62.12,16.021,2.97,8.56,0.32,1.61,,,,,,,,
2026-06-29T19:12:41Z,2.45,7.94,62.11,16.044,3.12,8.58,0.32,1.56,,,,,,,,
2026-06-29T19:14:13Z,1.91,7.93,62.12,16.049,3.06,8.58,0.3,1.19,,,,,,,,
2026-06-29T19:15:45Z,1.43,7.93,62.12,16.039,2.88,8.57,0.28,1.24,,,,,,,,
2026-06-29T19:17:17Z,0.94,7.93,62.12,16.05,2.88,8.58,0.26,0.92,,,,,,,,
2026-06-29T23:01:56Z,6.08,7.84,63.02,15.873,4.28,8.47,0.34,1.64,,,,,,,,
2026-06-29T23:03:29Z,5.43,7.88,62.79,16.083,3.12,8.57,0.29,1.55,,,,,,,,
2026-06-29T23:05:01Z,4.91,7.9,62.67,16.166,3.15,8.59,0.27,1.29,,,,,,,,
2026-06-29T23:06:33Z,4.43,7.9,62.6,16.208,3.17,8.61,0.3,1.39,,,,,,,,
2026-06-29T23:08:05Z,3.92,7.9,62.6,16.222,3.05,8.63,0.3,1.5,,,,,,,,
2026-06-29T23:09:37Z,3.42,7.91,62.54,16.243,3,8.62,0.34,1.52,,,,,,,,
2026-06-29T23:11:09Z,2.89,7.91,62.55,16.246,3.05,8.62,0.32,1.58,,,,,,,,
2026-06-29T23:12:41Z,2.42,7.92,62.49,16.257,3.1,8.62,0.31,1.61,,,,,,,,
2026-06-29T23:14:13Z,1.91,7.91,62.45,16.277,3.21,8.61,0.3,1.59,,,,,,,,
2026-06-29T23:15:45Z,1.46,7.91,62.46,16.282,3.06,8.61,0.29,1.16,,,,,,,,
2026-06-29T23:17:18Z,0.92,7.91,62.44,16.286,3.18,8.63,0.25,1.08,,,,,,,,
2026-06-30T03:01:56Z,6.05,7.42,64.22,15.217,4.01,7.96,0.3,2.19,,,,,,,,
2026-06-30T03:03:29Z,5.44,7.78,62.39,16.199,3.84,8.63,0.32,1.91,,,,,,,,
2026-06-30T03:05:02Z,4.91,7.84,62.1,16.341,3.71,8.68,0.32,2,,,,,,,,
2026-06-30T03:06:34Z,4.42,7.85,62.04,16.354,3.64,8.69,0.38,1.8,,,,,,,,
2026-06-30T03:08:06Z,3.91,7.85,62.06,16.355,3.77,8.69,0.4,2.51,,,,,,,,
2026-06-30T03:09:38Z,3.44,7.86,61.92,16.383,3.51,8.7,0.33,1.88,,,,,,,,
2026-06-30T03:11:10Z,2.94,7.87,61.9,16.392,3.59,8.7,0.28,1.77,,,,,,,,
2026-06-30T03:12:42Z,2.45,7.88,61.91,16.411,3.65,8.71,0.38,2.23,,,,,,,,
2026-06-30T03:14:14Z,1.94,7.88,61.86,16.416,3.46,8.71,0.32,2.02,,,,,,,,
2026-06-30T03:15:47Z,1.44,7.9,61.92,16.438,3.44,8.73,0.33,1.9,,,,,,,,
2026-06-30T03:17:20Z,0.94,8.04,62.18,16.554,3.38,8.83,0.33,1.64,,,,,,,,
2026-06-30T07:02:02Z,6.07,7.74,62.98,15.881,3.98,8.39,0.39,3.3,,,,,,,,
2026-06-30T07:03:35Z,5.48,7.77,62.61,16.054,4.54,8.59,0.38,2.69,,,,,,,,
2026-06-30T07:05:08Z,4.97,7.78,62.55,16.08,3.92,8.6,0.35,1.88,,,,,,,,
2026-06-30T07:06:41Z,4.46,7.8,62.21,16.126,3.93,8.66,0.36,1.79,,,,,,,,
2026-06-30T07:08:14Z,3.96,7.81,62.02,16.138,3.7,8.66,0.37,3.49,,,,,,,,
2026-06-30T07:09:47Z,3.48,7.81,61.98,16.148,3.43,8.66,0.34,2.47,,,,,,,,
2026-06-30T07:11:20Z,2.96,7.81,62.03,16.148,3.85,8.66,0.47,1.98,,,,,,,,
2026-06-30T07:12:53Z,2.47,7.81,62,16.145,3.55,8.66,0.37,2.25,,,,,,,,
2026-06-30T07:14:26Z,1.95,7.81,62.06,16.15,3.7,8.66,0.34,1.71,,,,,,,,
2026-06-30T07:15:59Z,1.5,7.82,62.03,16.153,3.35,8.66,0.35,1.67,,,,,,,,
2026-06-30T07:17:32Z,0.98,7.82,62.04,16.144,3.58,8.66,0.32,2.04,,,,,,,,
2026-06-30T11:02:00Z,6,7.64,65.58,14.742,3.88,7.99,0.37,2.27,,,,,,,,
2026-06-30T11:03:33Z,5.48,7.67,65.66,14.564,3.31,7.99,0.32,2.01,,,,,,,,
2026-06-30T11:05:06Z,4.97,7.74,65.3,14.708,3.09,8.08,0.35,1.71,,,,,,,,
2026-06-30T11:06:39Z,4.48,7.74,63.08,15.539,3.87,8.47,0.51,1.67,,,,,,,,
2026-06-30T11:08:12Z,4,7.71,62.6,15.785,3.72,8.51,0.31,2.09,,,,,,,,
2026-06-30T11:09:45Z,3.48,7.72,62.47,15.823,3.79,8.54,0.35,2.14,,,,,,,,
2026-06-30T11:11:18Z,3,7.73,62.34,15.872,3.85,8.57,0.54,2.42,,,,,,,,
2026-06-30T11:12:51Z,2.51,7.73,62.31,15.885,3.64,8.58,0.42,2.33,,,,,,,,
2026-06-30T11:14:24Z,1.98,7.73,62.33,15.899,3.48,8.58,0.42,3.04,,,,,,,,
2026-06-30T11:15:57Z,1.51,7.73,62.33,15.904,3.74,8.57,0.34,2.37,,,,,,,,
2026-06-30T11:17:30Z,0.99,7.73,62.3,15.903,3.67,8.58,0.39,2.18,,,,,,,,
2026-06-30T15:01:59Z,6.03,7.7,66.48,14.23,3.53,7.97,0.24,1.7,,,,,,,,
2026-06-30T15:03:32Z,5.46,7.74,66.56,14.078,2.69,7.94,0.25,2.1,,,,,,,,
2026-06-30T15:05:05Z,4.94,7.75,66.59,14.081,2.87,7.95,0.25,1.7,,,,,,,,
2026-06-30T15:06:38Z,4.45,7.82,66.2,14.26,2.79,8.04,0.24,1.46,,,,,,,,
2026-06-30T15:08:11Z,3.94,7.86,64.26,14.986,3.01,8.35,0.29,1.88,,,,,,,,
2026-06-30T15:09:43Z,3.46,7.8,63.04,15.381,3.25,8.52,0.31,2.46,,,,,,,,
2026-06-30T15:11:16Z,2.94,7.76,62.46,15.625,3.26,8.55,0.39,1.81,,,,,,,,
2026-06-30T15:12:48Z,2.46,7.76,62.41,15.663,3.68,8.56,0.4,1.66,,,,,,,,
2026-06-30T15:14:21Z,1.92,7.77,62.41,15.683,3.38,8.56,0.35,1.65,,,,,,,,
2026-06-30T15:15:53Z,1.43,7.77,62.4,15.694,3.01,8.57,0.3,1.65,,,,,,,,
2026-06-30T15:17:25Z,0.96,7.78,62.38,15.705,3.55,8.57,0.36,1.85,,,,,,,,
2026-06-30T17:37:01Z,6.07,7.59,66.82,13.77,3.01,7.57,0.23,1.51,,,,,,,,
2026-06-30T17:38:34Z,5.41,7.61,66.83,13.761,3.04,7.58,0.25,1.65,,,,,,,,
2026-06-30T17:40:06Z,4.88,7.63,66.57,13.91,2.66,7.61,0.24,1.7,,,,,,,,
2026-06-30T17:41:38Z,4.4,7.66,66.55,13.938,3.24,7.62,0.22,1.56,,,,,,,,
2026-06-30T17:43:10Z,3.88,7.75,65.76,14.36,3.03,7.75,0.25,1.54,,,,,,,,
2026-06-30T17:44:42Z,3.37,7.96,64.58,14.881,3.13,8.12,0.3,1.95,,,,,,,,
2026-06-30T17:46:14Z,2.9,7.78,62.58,15.335,3.18,8.19,0.39,1.9,,,,,,,,
2026-06-30T17:47:46Z,2.4,7.63,62.16,15.522,3.62,8.15,0.34,2.05,,,,,,,,
2026-06-30T17:49:18Z,1.88,7.75,62.35,15.635,3.99,8.25,0.45,1.78,,,,,,,,
2026-06-30T17:50:50Z,1.39,7.81,62.41,15.705,3.27,8.29,0.35,2.28,,,,,,,,
2026-06-30T17:52:22Z,0.92,7.89,62.44,15.827,3.78,8.33,0.3,1.65,,,,,,,,
2026-06-30T19:01:56Z,6.06,7.7,66.88,13.694,2.95,7.61,0.23,1.6,,,,,,,,
2026-06-30T19:03:29Z,5.41,7.73,66.8,13.717,2.9,7.59,0.26,1.52,,,,,,,,
2026-06-30T19:05:01Z,4.89,7.76,66.67,13.776,2.77,7.6,0.24,1.45,,,,,,,,
2026-06-30T19:06:33Z,4.38,7.77,66.59,13.821,2.86,7.61,0.24,1.44,,,,,,,,
2026-06-30T19:08:05Z,3.91,7.78,66.53,13.841,2.78,7.62,0.25,1,,,,,,,,
2026-06-30T19:09:37Z,3.41,8.13,64.66,14.889,2.8,8.19,0.28,0.93,,,,,,,,
2026-06-30T19:11:09Z,2.9,7.99,63.87,15.174,3.14,8.2,0.35,1.47,,,,,,,,
2026-06-30T19:12:41Z,2.43,7.88,62.51,15.591,3.05,8.24,0.37,1.97,,,,,,,,
2026-06-30T19:14:13Z,1.9,8.03,62.53,15.712,3.38,8.36,0.3,1.85,,,,,,,,
2026-06-30T19:15:45Z,1.41,8.1,62.54,15.861,3.12,8.41,0.34,1.89,,,,,,,,
2026-06-30T19:17:17Z,0.91,8.01,62.43,16.298,3.19,8.38,0.35,1.86,,,,,,,,
2026-06-30T23:01:56Z,6.08,7.63,67.32,13.348,2.91,7.66,0.22,1.54,,,,,,,,
2026-06-30T23:03:29Z,5.41,7.64,67.34,13.324,2.81,7.62,0.24,1.74,,,,,,,,
2026-06-30T23:05:01Z,4.9,7.66,67.27,13.349,2.78,7.65,0.26,1.63,,,,,,,,
2026-06-30T23:06:33Z,4.44,7.72,67.13,13.429,2.66,7.69,0.26,1.59,,,,,,,,
2026-06-30T23:08:05Z,3.92,8.07,66.07,14.06,2.8,8.12,0.26,1.77,,,,,,,,
2026-06-30T23:09:37Z,3.42,8.21,64.72,14.79,2.84,8.41,0.3,1.93,,,,,,,,
2026-06-30T23:11:09Z,2.89,8.27,62.65,16.195,3.3,8.66,0.39,1.71,,,,,,,,
2026-06-30T23:12:41Z,2.43,8.19,62.8,16.32,3.26,8.59,0.32,1.74,,,,,,,,
2026-06-30T23:14:13Z,1.91,8.19,62.75,16.366,3.23,8.55,0.34,1.62,,,,,,,,
2026-06-30T23:15:45Z,1.44,8.22,62.7,16.453,3.17,8.58,0.36,1.78,,,,,,,,
2026-06-30T23:17:17Z,0.92,8.25,62.77,16.691,3.17,8.58,0.34,1.48,,,,,,,,
2026-07-01T03:02:05Z,6.13,7.59,67.48,13.025,2.77,7.56,0.26,1.62,,,,,,,,
2026-07-01T03:03:39Z,5.44,7.62,67.52,13.039,2.79,7.44,0.25,1.65,,,,,,,,
2026-07-01T03:05:12Z,4.94,7.64,67.44,13.127,2.76,7.45,0.23,1.6,,,,,,,,
2026-07-01T03:06:45Z,4.45,7.7,67.26,13.206,2.75,7.51,0.27,1.76,,,,,,,,
2026-07-01T03:08:17Z,3.96,7.82,66.97,13.422,2.74,7.59,0.25,1.67,,,,,,,,
2026-07-01T03:09:50Z,3.45,8.22,64.99,14.693,2.82,8.25,0.29,1.99,,,,,,,,
2026-07-01T03:11:23Z,2.94,8.12,63.92,15.13,3.14,8.28,0.36,2.12,,,,,,,,
2026-07-01T03:12:56Z,2.45,8.14,63.7,15.391,3.13,8.33,0.33,2.96,,,,,,,,
2026-07-01T03:14:29Z,1.92,8.19,63.01,16.182,3.61,8.46,0.43,1.88,,,,,,,,
2026-07-01T03:16:01Z,1.46,8.19,62.89,16.329,3.03,8.49,0.3,1.71,,,,,,,,
2026-07-01T03:17:34Z,0.95,8.18,62.86,16.357,2.94,8.51,0.32,1.78,,,,,,,,
2026-07-01T07:02:02Z,6.03,7.54,67.68,12.868,2.56,7.72,0.22,1.32,,,,,,,,
2026-07-01T07:03:35Z,5.47,7.56,67.78,12.83,2.6,7.6,0.25,1.32,,,,,,,,
2026-07-01T07:05:08Z,4.97,7.72,67.1,13.327,2.6,7.73,0.25,1.46,,,,,,,,
2026-07-01T07:06:41Z,4.47,7.76,67,13.481,2.69,7.75,0.24,1.44,,,,,,,,
2026-07-01T07:08:14Z,3.96,7.78,66.88,13.557,2.59,7.77,0.28,1.53,,,,,,,,
2026-07-01T07:09:47Z,3.47,7.91,66.36,13.815,2.89,7.92,0.3,1.5,,,,,,,,
2026-07-01T07:11:20Z,2.95,8.1,65.13,14.505,3,8.25,0.31,1.99,,,,,,,,
2026-07-01T07:12:53Z,2.48,8.07,63.85,15.312,2.9,8.48,0.39,1.94,,,,,,,,
2026-07-01T07:14:26Z,1.96,8.12,63.04,15.8,3.28,8.57,0.45,2.08,,,,,,,,
2026-07-01T07:15:59Z,1.47,8.11,62.95,15.857,3.36,8.59,0.37,2.38,,,,,,,,
2026-07-01T07:17:32Z,0.98,8.14,62.93,15.876,3.25,8.6,0.47,1.13,,,,,,,,
2026-07-01T11:02:07Z,6.08,7.41,68.06,12.595,2.68,7.7,0.24,1.29,,,,,,,,
2026-07-01T11:03:40Z,5.5,7.44,67.91,12.705,2.72,7.58,0.24,1.37,,,,,,,,
2026-07-01T11:05:13Z,4.98,7.45,67.91,12.719,2.61,7.56,0.27,2.46,,,,,,,,
2026-07-01T11:06:46Z,4.48,7.48,67.82,12.775,2.93,7.56,0.26,1.58,,,,,,,,
2026-07-01T11:08:19Z,3.99,7.67,67.28,13.161,2.65,7.66,0.26,1.77,,,,,,,,
2026-07-01T11:09:52Z,3.49,7.98,66.22,13.93,2.89,8.03,0.25,1.56,,,,,,,,
2026-07-01T11:11:25Z,2.98,8.14,64.12,15.165,3.08,8.52,0.34,1.67,,,,,,,,
2026-07-01T11:12:58Z,2.49,8.08,63.44,15.391,3.47,8.54,0.39,2.11,,,,,,,,
2026-07-01T11:14:31Z,1.97,8.04,62.99,15.54,3.17,8.56,0.37,2.27,,,,,,,,
2026-07-01T11:16:04Z,1.5,8.05,62.96,15.551,3.01,8.56,0.39,2.11,,,,,,,,
2026-07-01T11:17:37Z,0.98,8.02,62.96,15.571,3.14,8.57,0.38,1.93,,,,,,,,
2026-07-01T15:02:02Z,6.05,7.38,67.9,12.71,2.79,7.73,0.24,1.16,,,,,,,,
2026-07-01T15:03:35Z,5.46,7.38,68.04,12.615,2.76,7.61,0.28,1.34,,,,,,,,
2026-07-01T15:05:08Z,4.96,7.39,68.04,12.614,2.86,7.54,0.27,1.34,,,,,,,,
2026-07-01T15:06:41Z,4.44,7.45,67.82,12.788,2.52,7.56,0.25,1.43,,,,,,,,
2026-07-01T15:08:14Z,3.94,7.53,67.52,13.017,2.53,7.6,0.26,1.51,,,,,,,,
2026-07-01T15:09:46Z,3.46,7.73,66.39,13.722,2.76,7.82,0.25,1.53,,,,,,,,
2026-07-01T15:11:19Z,2.95,7.95,63.89,14.925,3.04,8.45,0.38,3.42,,,,,,,,
2026-07-01T15:12:52Z,2.45,8.01,63.24,15.235,3.85,8.56,0.35,1.8,,,,,,,,
2026-07-01T15:14:25Z,1.94,8.03,63.2,15.256,3.47,8.56,0.41,1.76,,,,,,,,
2026-07-01T15:15:58Z,1.45,8.04,63.2,15.27,2.78,8.57,0.34,2.08,,,,,,,,
2026-07-01T15:17:31Z,0.94,8.04,63.19,15.277,2.92,8.57,0.42,1.93,,,,,,,,
2026-07-01T19:01:59Z,6.06,7.4,68.04,12.593,2.65,7.66,0.21,1.01,,,,,,,,
2026-07-01T19:03:32Z,5.4,7.39,68.09,12.568,2.7,7.6,0.21,1.36,,,,,,,,
2026-07-01T19:05:04Z,4.91,7.4,68.09,12.571,2.61,7.38,0.24,1.42,,,,,,,,
2026-07-01T19:06:36Z,4.43,7.42,68.03,12.627,2.65,7.34,0.26,1.35,,,,,,,,
2026-07-01T19:08:08Z,3.92,7.73,66.97,13.326,2.84,7.58,0.25,1.35,,,,,,,,
2026-07-01T19:09:40Z,3.4,7.9,66.23,13.867,2.86,7.81,0.28,1.57,,,,,,,,
2026-07-01T19:11:12Z,2.9,8.2,63.16,15.436,3.4,8.57,0.41,1.93,,,,,,,,
2026-07-01T19:12:44Z,2.4,8.19,63.28,15.866,3.12,8.6,0.35,1.7,,,,,,,,
2026-07-01T19:14:16Z,1.9,8.19,63.27,15.922,3.09,8.62,0.43,1.65,,,,,,,,
2026-07-01T19:15:48Z,1.4,8.18,63.26,15.981,3.11,8.64,0.28,0.98,,,,,,,,
2026-07-01T19:17:20Z,0.93,8.17,63.26,15.991,3.08,8.67,0.31,0.92,,,,,,,,
2026-07-01T23:01:59Z,6.06,7.39,68.02,12.615,2.75,7.71,0.24,1.71,,,,,,,,
2026-07-01T23:03:32Z,5.43,7.44,68.1,12.558,2.78,7.65,0.21,1.63,,,,,,,,
2026-07-01T23:05:04Z,4.92,7.46,68.1,12.558,2.51,7.61,0.26,1.96,,,,,,,,
2026-07-01T23:06:36Z,4.39,7.44,68.11,12.59,2.5,7.47,0.26,1.63,,,,,,,,
2026-07-01T23:08:08Z,3.93,7.6,67.96,12.764,2.52,7.48,0.26,2.01,,,,,,,,
2026-07-01T23:09:40Z,3.39,8.46,66.82,13.625,2.62,8.34,0.28,1.93,,,,,,,,
2026-07-01T23:11:12Z,2.9,8.5,63.53,15.905,3.23,8.78,0.4,1.61,,,,,,,,
2026-07-01T23:12:44Z,2.41,8.39,63.46,16.275,3.1,8.79,0.35,1.55,,,,,,,,
2026-07-01T23:14:16Z,1.92,8.25,63.45,16.774,2.99,8.74,0.32,1.5,,,,,,,,
2026-07-01T23:15:48Z,1.42,8.18,63.46,16.939,3.2,8.73,0.32,1.59,,,,,,,,
2026-07-01T23:17:20Z,0.94,8.17,63.45,16.956,3.09,8.74,0.37,1.36,,,,,,,,
2026-07-02T03:02:01Z,6.08,7.34,68.22,12.536,2.9,7.62,0.27,1.77,,,,,,,,
2026-07-02T03:03:34Z,5.44,7.37,68.22,12.523,2.73,7.57,0.25,2.1,,,,,,,,
2026-07-02T03:05:06Z,4.94,7.41,68.19,12.535,2.69,7.55,0.27,1.7,,,,,,,,
2026-07-02T03:06:38Z,4.45,7.45,68.13,12.557,2.53,7.38,0.28,1.72,,,,,,,,
2026-07-02T03:08:11Z,3.92,7.54,68.09,12.606,2.6,7.44,0.27,1.61,,,,,,,,
2026-07-02T03:09:43Z,3.44,7.61,67.85,12.867,2.6,7.55,0.26,1.7,,,,,,,,
2026-07-02T03:11:16Z,2.94,7.9,66.13,14.088,2.93,7.95,0.35,3.02,,,,,,,,
2026-07-02T03:12:48Z,2.46,8.03,63.72,15.274,3.05,8.46,0.38,2.98,,,,,,,,
2026-07-02T03:14:21Z,1.94,8.23,63.55,16.335,3.15,8.69,0.35,2.13,,,,,,,,
2026-07-02T03:15:54Z,1.45,8.26,63.46,16.548,3.15,8.76,0.42,1.82,,,,,,,,
2026-07-02T03:17:27Z,0.93,8.26,63.45,16.55,3.06,8.77,0.38,2.46,,,,,,,,
2026-07-02T07:02:02Z,6.04,7.67,67.84,12.778,2.64,7.76,0.24,1.44,,,,,,,,
2026-07-02T07:03:35Z,5.47,7.83,67.31,13.173,2.77,7.87,0.28,1.64,,,,,,,,
2026-07-02T07:05:08Z,4.96,7.87,67.2,13.293,2.7,7.9,0.28,1.7,,,,,,,,
2026-07-02T07:06:41Z,4.46,7.88,67.14,13.341,2.78,7.91,0.28,1.6,,,,,,,,
2026-07-02T07:08:14Z,3.96,7.89,67.07,13.402,2.59,7.93,0.28,1.72,,,,,,,,
2026-07-02T07:09:47Z,3.47,7.91,67.01,13.426,2.63,7.96,0.3,1.49,,,,,,,,
2026-07-02T07:11:20Z,2.95,7.99,66.58,13.672,2.87,8.09,0.31,2.96,,,,,,,,
2026-07-02T07:12:53Z,2.46,8.1,65.71,14.302,2.89,8.31,0.32,2.23,,,,,,,,
2026-07-02T07:14:26Z,1.97,8.07,65.58,14.409,2.96,8.33,0.36,2.22,,,,,,,,
2026-07-02T07:15:59Z,1.46,8.06,65.04,14.803,3.09,8.49,0.31,2.22,,,,,,,,
2026-07-02T07:17:32Z,0.97,8.15,64.16,15.459,3.02,8.65,0.39,1.92,,,,,,,,
2026-07-02T11:02:07Z,6.08,7.47,68,12.528,2.88,7.76,0.22,1.43,,,,,,,,
2026-07-02T11:03:41Z,5.5,7.48,68.15,12.426,2.72,7.67,0.28,1.55,,,,,,,,
2026-07-02T11:05:14Z,4.98,7.48,68.18,12.409,2.8,7.61,0.28,1.77,,,,,,,,
2026-07-02T11:06:47Z,4.5,7.52,68.14,12.435,2.73,7.6,0.26,1.52,,,,,,,,
2026-07-02T11:08:20Z,3.97,7.75,67.35,13.134,2.64,7.74,0.29,1.55,,,,,,,,
2026-07-02T11:09:53Z,3.47,7.99,66.67,13.65,2.8,7.99,0.28,2.05,,,,,,,,
2026-07-02T11:11:26Z,2.98,8.11,64.74,14.904,3.06,8.5,0.4,1.87,,,,,,,,
2026-07-02T11:12:59Z,2.48,8.07,63.9,15.359,2.92,8.62,0.36,1.85,,,,,,,,
2026-07-02T11:14:32Z,1.98,8.06,63.81,15.404,3.01,8.63,0.39,1.76,,,,,,,,
2026-07-02T11:16:05Z,1.49,8.07,63.81,15.409,3.52,8.64,0.39,1.78,,,,,,,,
2026-07-02T11:17:38Z,1,8.06,63.8,15.413,3.76,8.64,0.43,1.51,,,,,,,,
2026-07-02T15:02:05Z,6.09,7.5,67.92,12.534,2.78,7.77,0.23,1.5,,,,,,,,
2026-07-02T15:03:39Z,5.46,7.51,68.01,12.467,2.93,7.69,0.23,1.53,,,,,,,,
2026-07-02T15:05:12Z,4.94,7.51,67.92,12.526,2.8,7.67,0.23,1.37,,,,,,,,
2026-07-02T15:06:45Z,4.45,7.5,67.88,12.56,2.73,7.64,0.27,1.35,,,,,,,,
2026-07-02T15:08:18Z,3.95,7.53,67.78,12.632,2.66,7.65,0.25,1.26,,,,,,,,
2026-07-02T15:09:50Z,3.47,7.86,65.7,14.039,2.72,8.04,0.36,1.91,,,,,,,,
2026-07-02T15:11:23Z,2.96,8.02,64.56,14.789,3.13,8.49,0.4,2.17,,,,,,,,
2026-07-02T15:12:56Z,2.45,8.06,64,15.031,3.04,8.63,0.35,1.92,,,,,,,,
2026-07-02T15:14:29Z,1.96,8.07,63.9,15.08,2.98,8.67,0.35,1.71,,,,,,,,
2026-07-02T15:16:02Z,1.45,8.11,63.84,15.132,3.09,8.7,0.4,1.81,,,,,,,,
2026-07-02T15:17:35Z,0.95,8.12,63.83,15.147,3.01,8.7,0.36,1.62,,,,,,,,
2026-07-02T19:01:59Z,6.06,7.47,68,12.411,2.67,7.7,0.22,1.49,,,,,,,,
2026-07-02T19:03:32Z,5.39,7.49,67.99,12.431,2.67,7.64,0.22,1.47,,,,,,,,
2026-07-02T19:05:04Z,4.89,7.51,67.91,12.476,2.63,7.6,0.25,1.42,,,,,,,,
2026-07-02T19:06:36Z,4.42,7.54,67.88,12.527,2.58,7.57,0.25,1.41,,,,,,,,
2026-07-02T19:08:08Z,3.92,7.58,67.77,12.6,2.58,7.59,0.21,1.34,,,,,,,,
2026-07-02T19:09:40Z,3.41,7.98,65.85,14.011,3.04,8.2,0.36,2.05,,,,,,,,
2026-07-02T19:11:12Z,2.93,8.41,64.17,15.108,3.07,8.8,0.37,1.85,,,,,,,,
2026-07-02T19:12:44Z,2.42,8.44,64.16,15.517,3.3,8.78,0.31,1.71,,,,,,,,
2026-07-02T19:14:16Z,1.92,8.23,64.1,15.903,2.89,8.72,0.33,1.3,,,,,,,,
2026-07-02T19:15:48Z,1.42,8.25,64.03,16.031,2.94,8.74,0.35,1.36,,,,,,,,
2026-07-02T19:17:20Z,0.9,8.24,64.05,16.097,2.99,8.76,0.28,1.02,,,,,,,,
2026-07-02T23:01:59Z,6.06,7.55,67.99,12.507,2.83,7.76,0.25,1.48,,,,,,,,
2026-07-02T23:03:32Z,5.43,7.54,68.03,12.481,2.75,7.69,0.25,2.14,,,,,,,,
2026-07-02T23:05:04Z,4.9,7.58,67.94,12.533,2.76,7.68,0.27,2.47,,,,,,,,
2026-07-02T23:06:36Z,4.4,7.62,67.89,12.551,2.67,7.66,0.27,1.71,,,,,,,,
2026-07-02T23:08:08Z,3.92,7.68,67.78,12.701,2.68,7.71,0.25,1.57,,,,,,,,
2026-07-02T23:09:40Z,3.41,7.72,67.68,12.797,2.63,7.84,0.24,1.72,,,,,,,,
2026-07-02T23:11:12Z,2.92,9.02,63.85,15.911,3.42,9.02,0.39,1.87,,,,,,,,
2026-07-02T23:12:44Z,2.43,8.29,63.49,16.393,3.13,8.83,0.39,1.6,,,,,,,,
2026-07-02T23:14:16Z,1.91,8.33,64.16,16.661,3.03,8.81,0.28,1.38,,,,,,,,
2026-07-02T23:15:48Z,1.42,8.33,64.22,16.716,3.01,8.82,0.31,1.43,,,,,,,,
2026-07-02T23:17:20Z,0.91,8.25,64.23,17.153,2.98,8.77,0.31,1.35,,,,,,,,
2026-07-03T03:02:03Z,6.13,7.44,67.98,12.534,2.78,7.74,0.27,2.03,,,,,,,,
2026-07-03T03:03:37Z,5.42,7.49,68.14,12.453,2.76,7.68,0.27,3.17,,,,,,,,
2026-07-03T03:05:09Z,4.92,7.51,68.16,12.45,2.87,7.64,0.28,1.94,,,,,,,,
2026-07-03T03:06:41Z,4.43,7.59,68,12.528,2.75,7.62,0.25,1.46,,,,,,,,
2026-07-03T03:08:13Z,3.93,7.66,67.93,12.696,2.64,7.64,0.28,2.04,,,,,,,,
2026-07-03T03:09:45Z,3.43,7.72,67.44,13.19,2.87,7.7,0.28,1.98,,,,,,,,
2026-07-03T03:11:17Z,2.92,8.17,65.18,15.246,3.1,8.41,0.36,2.21,,,,,,,,
2026-07-03T03:12:49Z,2.46,8.17,64.43,15.86,3.28,8.6,0.33,1.72,,,,,,,,
2026-07-03T03:14:22Z,1.93,8.24,63.95,16.573,3.12,8.71,0.37,2.51,,,,,,,,
2026-07-03T03:15:55Z,1.44,8.28,63.83,16.698,2.95,8.74,0.33,1.84,,,,,,,,
2026-07-03T03:17:28Z,0.94,8.29,63.79,16.733,3.21,8.77,0.31,1.75,,,,,,,,
2026-07-03T07:02:05Z,6.08,7.43,67.81,12.562,3.19,7.74,0.3,1.92,,,,,,,,
2026-07-03T07:03:39Z,5.47,7.44,67.98,12.436,2.61,7.66,0.29,1.75,,,,,,,,
2026-07-03T07:05:12Z,4.95,7.45,68.04,12.421,2.76,7.6,0.34,1.68,,,,,,,,
2026-07-03T07:06:45Z,4.46,7.64,67.98,12.542,2.55,7.64,0.26,1.86,,,,,,,,
2026-07-03T07:08:18Z,3.97,7.67,67.88,12.634,2.69,7.65,0.3,2.26,,,,,,,,
2026-07-03T07:09:51Z,3.48,7.69,67.76,12.767,2.68,7.67,0.29,1.78,,,,,,,,
2026-07-03T07:11:24Z,2.98,7.74,67.63,12.963,2.38,7.7,0.32,1.9,,,,,,,,
2026-07-03T07:12:57Z,2.49,8.42,64.89,15.336,3.38,8.51,0.34,2.47,,,,,,,,
2026-07-03T07:14:30Z,1.98,8.2,63.69,16.214,3.34,8.72,0.38,1.79,,,,,,,,
2026-07-03T07:16:03Z,1.49,8.3,63.74,16.345,3.4,8.77,0.36,2.17,,,,,,,,
2026-07-03T07:17:36Z,0.98,8.34,63.78,16.412,2.97,8.81,0.39,1.88,,,,,,,,
2026-07-03T11:02:07Z,6.1,7.6,67.96,12.558,2.74,7.78,0.24,1.47,,,,,,,,
2026-07-03T11:03:41Z,5.5,7.6,68.14,12.505,2.58,7.71,0.27,1.62,,,,,,,,
2026-07-03T11:05:14Z,4.98,7.65,68.1,12.635,2.54,7.72,0.24,1.34,,,,,,,,
2026-07-03T11:06:47Z,4.48,7.67,68.12,12.675,2.61,7.71,0.25,1.46,,,,,,,,
2026-07-03T11:08:20Z,3.98,7.72,68.11,12.802,2.57,7.72,0.26,1.31,,,,,,,,
2026-07-03T11:09:53Z,3.48,7.73,67.99,13,2.68,7.75,0.26,1.31,,,,,,,,
2026-07-03T11:11:26Z,2.96,7.83,67.64,13.472,2.66,7.81,0.27,1.3,,,,,,,,
2026-07-03T11:12:59Z,2.48,8,65.66,14.606,2.68,8.27,0.38,1.63,,,,,,,,
2026-07-03T11:14:32Z,1.98,8.15,63.92,15.656,2.88,8.74,0.36,2.06,,,,,,,,
2026-07-03T11:16:05Z,1.49,8.16,63.64,15.908,3.23,8.77,0.41,2.02,,,,,,,,
2026-07-03T11:17:38Z,0.98,8.17,63.59,15.943,3.01,8.77,0.38,1.92,,,,,,,,
2026-07-03T15:02:05Z,6.09,7.43,68.15,12.527,2.62,7.72,0.23,1.39,,,,,,,,
2026-07-03T15:03:39Z,5.45,7.46,68.31,12.44,2.65,7.65,0.25,1.52,,,,,,,,
2026-07-03T15:05:12Z,4.95,7.47,68.31,12.452,2.54,7.6,0.22,1.64,,,,,,,,
2026-07-03T15:06:45Z,4.45,7.5,68.32,12.48,2.57,7.58,0.21,1.39,,,,,,,,
2026-07-03T15:08:18Z,3.94,7.59,68.26,12.743,2.62,7.61,0.23,1.32,,,,,,,,
2026-07-03T15:09:51Z,3.44,7.76,67.56,13.097,2.69,7.73,0.24,1.67,,,,,,,,
2026-07-03T15:11:23Z,2.96,7.79,67.79,13.504,2.9,7.75,0.23,1.32,,,,,,,,
2026-07-03T15:12:56Z,2.44,8.04,65.3,14.764,2.93,8.36,0.31,1.6,,,,,,,,
2026-07-03T15:14:29Z,1.95,8.12,63.65,15.655,3.18,8.67,0.31,1.49,,,,,,,,
2026-07-03T15:16:02Z,1.45,8.12,63.62,15.686,3.11,8.68,0.33,1.79,,,,,,,,
2026-07-03T15:17:35Z,0.94,8.13,63.62,15.704,3.1,8.7,0.32,1.73,,,,,,,,
2026-07-03T19:01:59Z,6.05,7.46,68.34,12.437,2.85,7.61,0.21,1.41,,,,,,,,
2026-07-03T19:03:32Z,5.42,7.48,68.41,12.423,2.49,7.57,0.26,1.26,,,,,,,,
2026-07-03T19:05:05Z,4.88,7.47,68.41,12.425,2.7,7.44,0.24,1.38,,,,,,,,
2026-07-03T19:06:37Z,4.38,7.49,68.38,12.453,2.69,7.37,0.25,1.39,,,,,,,,
2026-07-03T19:08:09Z,3.91,7.76,67.99,12.903,2.75,7.51,0.26,1.42,,,,,,,,
2026-07-03T19:09:41Z,3.42,8.03,67.02,14.111,2.6,7.88,0.25,1.33,,,,,,,,
2026-07-03T19:11:13Z,2.88,8.19,65.24,15.052,3.06,8.37,0.3,1.71,,,,,,,,
2026-07-03T19:12:45Z,2.42,8.16,65.83,14.836,2.92,8.27,0.29,2.16,,,,,,,,
2026-07-03T19:14:17Z,1.94,8.22,64.06,15.905,3.14,8.56,0.32,1.44,,,,,,,,
2026-07-03T19:15:49Z,1.42,8.23,63.87,16.231,2.99,8.66,0.24,0.97,,,,,,,,
2026-07-03T19:17:21Z,0.91,8.2,63.85,16.415,2.99,8.71,0.23,0.76,,,,,,,,
2026-07-03T23:01:59Z,6.06,7.48,68.27,12.427,2.84,7.65,0.22,1.84,,,,,,,,
2026-07-03T23:03:32Z,5.39,7.52,68.35,12.461,2.95,7.59,0.26,1.63,,,,,,,,
2026-07-03T23:05:04Z,4.9,7.53,68.35,12.464,2.82,7.57,0.28,1.53,,,,,,,,
2026-07-03T23:06:36Z,4.39,7.58,68.25,12.588,2.72,7.43,0.3,1.62,,,,,,,,
2026-07-03T23:08:08Z,3.9,7.72,67.88,12.995,2.7,7.5,0.25,1.7,,,,,,,,
2026-07-03T23:09:40Z,3.39,7.89,67.27,13.509,2.83,7.76,0.27,1.98,,,,,,,,
2026-07-03T23:11:12Z,2.92,8.21,65.08,15.556,2.88,8.36,0.32,1.91,,,,,,,,
2026-07-03T23:12:44Z,2.41,8.23,64.59,16.123,2.8,8.48,0.28,1.58,,,,,,,,
2026-07-03T23:14:16Z,1.88,8.24,64.49,16.254,3.15,8.52,0.28,1.46,,,,,,,,
2026-07-03T23:15:48Z,1.43,8.25,64.4,16.387,2.88,8.58,0.3,1.22,,,,,,,,
2026-07-03T23:17:20Z,0.93,8.24,64.35,16.633,3.06,8.58,0.24,1,,,,,,,,
2026-07-04T03:01:59Z,6.05,7.39,68.14,12.566,2.89,7.73,0.26,2.48,,,,,,,,
2026-07-04T03:03:32Z,5.41,7.4,68.39,12.403,2.66,7.64,0.31,2.58,,,,,,,,
2026-07-04T03:05:04Z,4.9,7.47,68.44,12.392,2.83,7.61,0.27,1.66,,,,,,,,
2026-07-04T03:06:36Z,4.44,7.54,68.36,12.47,2.7,7.57,0.25,1.8,,,,,,,,
2026-07-04T03:08:09Z,3.9,7.65,68.29,12.57,2.67,7.54,0.29,1.96,,,,,,,,
2026-07-04T03:09:41Z,3.4,8.1,66.4,14.335,3.03,8.03,0.32,2.02,,,,,,,,
2026-07-04T03:11:13Z,2.92,8.17,64.83,16.061,3.03,8.36,0.35,1.98,,,,,,,,
2026-07-04T03:12:45Z,2.41,8.21,64.75,16.173,2.96,8.42,0.27,2.05,,,,,,,,
2026-07-04T03:14:17Z,1.92,8.21,64.72,16.212,3,8.45,0.28,2.3,,,,,,,,
2026-07-04T03:15:49Z,1.42,8.22,64.62,16.422,2.97,8.49,0.3,1.74,,,,,,,,
2026-07-04T03:17:21Z,0.93,8.25,64.54,16.569,2.94,8.54,0.27,1.65,,,,,,,,
2026-07-04T07:02:04Z,6.08,7.59,68.38,12.426,2.66,7.72,0.23,1.42,,,,,,,,
2026-07-04T07:03:37Z,5.48,7.6,68.47,12.426,2.67,7.68,0.22,1.44,,,,,,,,
2026-07-04T07:05:10Z,4.96,7.66,68.54,12.463,2.53,7.66,0.25,1.2,,,,,,,,
2026-07-04T07:06:43Z,4.46,7.81,68.33,12.719,2.54,7.73,0.27,1.37,,,,,,,,
2026-07-04T07:08:16Z,3.96,7.85,68,13.012,2.64,7.77,0.25,1.69,,,,,,,,
2026-07-04T07:09:49Z,3.46,7.83,67.96,13.051,2.64,7.74,0.27,1.53,,,,,,,,
2026-07-04T07:11:22Z,2.97,7.97,67.55,13.457,2.65,7.83,0.32,1.7,,,,,,,,
2026-07-04T07:12:55Z,2.48,8.03,66.27,14.617,2.88,8.06,0.3,1.78,,,,,,,,
2026-07-04T07:14:28Z,1.96,8.18,64.96,15.871,3.02,8.41,0.32,1.84,,,,,,,,
2026-07-04T07:16:01Z,1.47,8.16,64.74,16.004,2.89,8.44,0.35,1.24,,,,,,,,
2026-07-04T07:17:34Z,0.96,8.18,64.71,16.024,3.11,8.45,0.3,1.72,,,,,,,,
2026-07-04T11:02:06Z,6.11,7.52,68.42,12.663,2.66,7.69,0.24,1.17,,,,,,,,
2026-07-04T11:03:40Z,5.52,7.52,68.58,12.56,2.73,7.63,0.23,1.2,,,,,,,,
2026-07-04T11:05:13Z,4.98,7.53,68.61,12.558,2.62,7.61,0.29,1.22,,,,,,,,
2026-07-04T11:06:46Z,4.49,7.56,68.58,12.668,2.44,7.61,0.26,0.88,,,,,,,,
2026-07-04T11:08:19Z,3.99,7.57,68.54,12.762,2.5,7.61,0.25,1.43,,,,,,,,
2026-07-04T11:09:52Z,3.48,7.81,67.68,13.826,2.62,7.74,0.25,1.08,,,,,,,,
2026-07-04T11:11:25Z,2.99,7.91,67.18,14.328,2.72,7.85,0.29,1.25,,,,,,,,
2026-07-04T11:12:58Z,2.5,8.08,65.68,15.367,3.09,8.16,0.31,1.54,,,,,,,,
2026-07-04T11:14:31Z,1.98,8.06,64.82,15.688,3.01,8.38,0.34,2.47,,,,,,,,
2026-07-04T11:16:04Z,1.5,8.06,64.82,15.697,2.47,8.39,0.31,1.61,,,,,,,,
2026-07-04T11:17:37Z,0.98,8.07,64.83,15.71,2.69,8.39,0.32,1.66,,,,,,,,
2026-07-04T15:02:07Z,6.1,7.37,68.75,12.412,2.53,7.6,0.24,1.22,,,,,,,,
2026-07-04T15:03:41Z,5.48,7.36,68.79,12.4,2.71,7.55,0.25,1.23,,,,,,,,
2026-07-04T15:05:14Z,4.92,7.41,68.77,12.462,2.57,7.39,0.21,1.04,,,,,,,,
2026-07-04T15:06:46Z,4.45,7.43,68.74,12.519,2.7,7.3,0.22,1.12,,,,,,,,
2026-07-04T15:08:19Z,3.94,7.52,68.62,12.681,2.5,7.36,0.24,1.14,,,,,,,,
2026-07-04T15:09:51Z,3.46,7.85,67.6,13.698,2.73,7.61,0.26,1.27,,,,,,,,
2026-07-04T15:11:24Z,2.95,7.96,66.7,14.581,2.64,7.84,0.27,1.47,,,,,,,,
2026-07-04T15:12:57Z,2.45,8.04,65.17,15.239,3.21,8.21,0.27,1.35,,,,,,,,
2026-07-04T15:14:30Z,1.96,8.05,65.14,15.282,3.01,8.25,0.27,1.36,,,,,,,,
2026-07-04T15:16:03Z,1.46,8.07,65.11,15.303,3.08,8.27,0.24,1.24,,,,,,,,
2026-07-04T15:17:36Z,0.96,8.07,65.07,15.316,2.72,8.3,0.26,1.16,,,,,,,,
2026-07-04T19:01:59Z,6.08,7.39,68.75,12.484,2.83,7.53,0.21,1.24,,,,,,,,
2026-07-04T19:03:32Z,5.4,7.4,68.77,12.483,2.93,7.51,0.22,1.18,,,,,,,,
2026-07-04T19:05:04Z,4.89,7.42,68.78,12.51,2.8,7.52,0.22,1.19,,,,,,,,
2026-07-04T19:06:36Z,4.38,7.47,68.75,12.63,2.52,7.51,0.2,1.08,,,,,,,,
2026-07-04T19:08:08Z,3.9,7.59,68.38,13.078,2.55,7.58,0.2,1.18,,,,,,,,
2026-07-04T19:09:40Z,3.4,8.03,66.23,14.687,2.79,8.02,0.27,1.35,,,,,,,,
2026-07-04T19:11:12Z,2.9,8.11,65.64,15.125,2.91,8.24,0.24,1.34,,,,,,,,
2026-07-04T19:12:44Z,2.42,8.19,65.29,15.343,2.89,8.36,0.24,1.25,,,,,,,,
2026-07-04T19:14:16Z,1.91,8.21,65.23,15.376,2.93,8.4,0.24,1.26,,,,,,,,
2026-07-04T19:15:48Z,1.43,8.2,65.22,15.483,3,8.4,0.24,1.19,,,,,,,,
2026-07-04T19:17:20Z,0.92,8.14,65.17,16.074,2.77,8.39,0.22,1.11,,,,,,,,
2026-07-04T23:01:59Z,6.07,7.45,68.67,12.604,2.52,7.62,0.21,1.17,,,,,,,,
2026-07-04T23:03:32Z,5.44,7.46,68.65,12.625,2.7,7.58,0.22,1.23,,,,,,,,
2026-07-04T23:05:04Z,4.91,7.52,68.57,12.706,2.59,7.57,0.23,1.22,,,,,,,,
2026-07-04T23:06:36Z,4.42,7.55,68.4,12.868,2.69,7.52,0.23,1.15,,,,,,,,
2026-07-04T23:08:08Z,3.92,7.63,68.19,13.081,2.67,7.54,0.23,1.27,,,,,,,,
2026-07-04T23:09:40Z,3.4,7.94,67.28,13.894,2.65,7.76,0.25,1.46,,,,,,,,
2026-07-04T23:11:12Z,2.91,7.98,67.08,14.071,2.72,7.88,0.25,1.46,,,,,,,,
2026-07-04T23:12:44Z,2.44,8.03,66.54,14.555,2.7,8.02,0.25,1.45,,,,,,,,
2026-07-04T23:14:16Z,1.91,8.1,65.96,15.215,2.85,8.16,0.21,1.1,,,,,,,,
2026-07-04T23:15:48Z,1.42,8.14,65.77,15.48,2.82,8.23,0.19,0.83,,,,,,,,
2026-07-04T23:17:20Z,0.92,8.13,65.76,15.55,2.91,8.23,0.2,0.76,,,,,,,,
2026-07-05T03:01:59Z,6.05,7.57,68.5,12.667,2.55,7.68,0.21,1.29,,,,,,,,
2026-07-05T03:03:32Z,5.42,7.54,68.56,12.641,2.74,7.63,0.23,2.69,,,,,,,,
2026-07-05T03:05:04Z,4.9,7.58,68.51,12.7,2.73,7.63,0.2,1.31,,,,,,,,
2026-07-05T03:06:36Z,4.42,7.64,68.41,12.817,2.67,7.54,0.22,1.23,,,,,,,,
2026-07-05T03:08:08Z,3.92,7.69,68.17,13.029,2.57,7.58,0.23,1.36,,,,,,,,
2026-07-05T03:09:40Z,3.41,7.96,66.7,14.512,2.58,7.86,0.26,1.43,,,,,,,,
2026-07-05T03:11:12Z,2.94,8.09,66.07,15.221,2.65,8.12,0.29,1.57,,,,,,,,
2026-07-05T03:12:44Z,2.43,8.14,65.98,15.425,2.81,8.18,0.23,1.42,,,,,,,,
2026-07-05T03:14:16Z,1.92,8.18,65.88,15.66,2.75,8.29,0.26,1.32,,,,,,,,
2026-07-05T03:15:48Z,1.44,8.17,65.78,15.751,2.83,8.3,0.19,1.32,,,,,,,,
2026-07-05T03:17:20Z,0.94,8.17,65.78,15.75,2.78,8.3,0.25,1.29,,,,,,,,
2026-07-05T07:02:05Z,6.1,7.49,68.49,12.615,2.81,7.66,0.19,1.16,,,,,,,,
2026-07-05T07:03:39Z,5.48,7.49,68.58,12.582,2.57,7.6,0.22,1.11,,,,,,,,
2026-07-05T07:05:12Z,4.94,7.58,68.51,12.681,2.63,7.63,0.23,1.29,,,,,,,,
2026-07-05T07:06:45Z,4.47,7.67,68.37,12.865,2.67,7.63,0.24,1.45,,,,,,,,
2026-07-05T07:08:18Z,3.97,7.73,68.3,12.937,2.8,7.67,0.21,1.2,,,,,,,,
2026-07-05T07:09:51Z,3.47,7.92,67.84,13.342,2.67,7.77,0.24,1.35,,,,,,,,
2026-07-05T07:11:24Z,2.95,8.06,66.04,15.274,2.86,8.13,0.3,1.48,,,,,,,,
2026-07-05T07:12:57Z,2.47,8.09,65.8,15.583,2.86,8.25,0.26,1.34,,,,,,,,
2026-07-05T07:14:30Z,1.96,8.07,65.77,15.652,2.77,8.26,0.28,1.23,,,,,,,,
2026-07-05T07:16:03Z,1.48,8.09,65.77,15.655,2.78,8.26,0.24,1.28,,,,,,,,
2026-07-05T07:17:36Z,0.99,8.09,65.76,15.639,2.7,8.27,0.25,1.21,,,,,,,,
2026-07-05T11:02:06Z,6.1,7.4,68.52,12.67,2.68,7.63,0.2,1.08,,,,,,,,
2026-07-05T11:03:40Z,5.51,7.39,68.63,12.615,2.52,7.57,0.24,1.13,,,,,,,,
2026-07-05T11:05:13Z,4.97,7.45,68.63,12.673,2.65,7.56,0.24,1.19,,,,,,,,
2026-07-05T11:06:46Z,4.49,7.44,68.65,12.647,2.52,7.52,0.23,1.03,,,,,,,,
2026-07-05T11:08:19Z,3.98,7.49,68.55,12.819,2.48,7.53,0.21,1.08,,,,,,,,
2026-07-05T11:09:52Z,3.49,7.74,67.98,13.565,2.71,7.6,0.27,1.33,,,,,,,,
2026-07-05T11:11:25Z,2.99,8.05,65.8,15.343,2.77,8.18,0.32,1.4,,,,,,,,
2026-07-05T11:12:58Z,2.49,8.08,65.59,15.5,2.98,8.26,0.32,1.12,,,,,,,,
2026-07-05T11:14:31Z,1.97,8.06,65.48,15.509,2.86,8.28,0.29,1.32,,,,,,,,
2026-07-05T11:16:04Z,1.51,8.07,65.47,15.515,2.89,8.29,0.28,1.23,,,,,,,,
2026-07-05T11:17:37Z,0.98,8.07,65.46,15.527,2.77,8.29,0.3,1.21,,,,,,,,
2026-07-05T15:02:05Z,6.09,7.33,68.7,12.53,2.66,7.57,0.2,1.1,,,,,,,,
2026-07-05T15:03:39Z,5.46,7.32,68.73,12.55,2.65,7.54,0.23,1.11,,,,,,,,
2026-07-05T15:05:12Z,4.93,7.33,68.74,12.571,2.63,7.53,0.2,1.16,,,,,,,,
2026-07-05T15:06:44Z,4.46,7.35,68.73,12.592,2.54,7.5,0.19,1.12,,,,,,,,
2026-07-05T15:08:17Z,3.95,7.42,68.72,12.73,2.49,7.52,0.21,1.04,,,,,,,,
2026-07-05T15:09:50Z,3.44,7.8,67.24,14.227,2.67,7.77,0.24,1.67,,,,,,,,
2026-07-05T15:11:23Z,2.95,7.95,66.13,14.961,2.78,8.08,0.26,1.59,,,,,,,,
2026-07-05T15:12:56Z,2.45,8.02,65.56,15.211,3.1,8.31,0.27,1.73,,,,,,,,
2026-07-05T15:14:29Z,1.93,7.96,65.62,15.237,2.72,8.21,0.26,1.18,,,,,,,,
2026-07-05T15:16:02Z,1.45,8.01,65.47,15.249,2.6,8.3,0.28,1.3,,,,,,,,
2026-07-05T15:17:35Z,0.95,8.1,65.44,15.267,2.78,8.41,0.26,1.31,,,,,,,,
2026-07-05T19:01:58Z,6.1,7.21,68.78,12.51,2.9,7.54,0.22,1.22,,,,,,,,
2026-07-05T19:03:31Z,5.39,7.32,68.77,12.554,2.53,7.49,0.21,1.13,,,,,,,,
2026-07-05T19:05:03Z,4.93,7.34,68.75,12.573,2.56,7.5,0.2,1.11,,,,,,,,
2026-07-05T19:06:35Z,4.41,7.43,68.76,12.744,2.52,7.5,0.22,1.07,,,,,,,,
2026-07-05T19:08:07Z,3.89,7.64,68.25,13.461,2.54,7.6,0.22,1.15,,,,,,,,
2026-07-05T19:09:39Z,3.38,7.76,67.84,13.813,2.49,7.68,0.23,1.17,,,,,,,,
2026-07-05T19:11:11Z,2.91,7.95,66.7,14.602,2.65,7.92,0.26,1.35,,,,,,,,
2026-07-05T19:12:43Z,2.41,8.13,65.5,15.398,2.95,8.35,0.25,1.22,,,,,,,,
2026-07-05T19:14:15Z,1.91,8.19,65.48,15.646,2.95,8.44,0.22,1.07,,,,,,,,
2026-07-05T19:15:47Z,1.43,8.17,65.42,15.926,2.76,8.38,0.22,0.68,,,,,,,,
2026-07-05T19:17:19Z,0.92,8.19,65.27,16.124,2.8,8.44,0.23,0.55,,,,,,,,
2026-07-05T23:01:58Z,6.09,7.3,68.69,12.577,2.65,7.58,0.18,1.84,,,,,,,,
2026-07-05T23:03:31Z,5.39,7.36,68.74,12.596,2.57,7.55,0.22,1.28,,,,,,,,
2026-07-05T23:05:03Z,4.89,7.43,68.72,12.671,2.63,7.53,0.19,1.31,,,,,,,,
2026-07-05T23:06:35Z,4.43,7.46,68.73,12.736,2.54,7.42,0.22,1.24,,,,,,,,
2026-07-05T23:08:07Z,3.92,7.53,68.62,12.92,2.69,7.41,0.2,1.17,,,,,,,,
2026-07-05T23:09:39Z,3.41,7.7,68.37,13.344,2.46,7.53,0.22,1.11,,,,,,,,
2026-07-05T23:11:11Z,2.91,8.05,66.98,14.453,2.67,7.88,0.26,1.19,,,,,,,,
2026-07-05T23:12:43Z,2.39,8.26,65.68,15.621,2.93,8.45,0.27,1.33,,,,,,,,
2026-07-05T23:14:15Z,1.9,8.21,65.58,16.264,2.74,8.27,0.22,1.07,,,,,,,,
2026-07-05T23:15:47Z,1.41,8.2,65.45,16.53,2.9,8.32,0.2,1.07,,,,,,,,
2026-07-05T23:17:19Z,0.93,8.27,65.72,16.949,2.72,8.35,0.17,0.89,,,,,,,,
2026-07-06T03:02:00Z,6.02,7.34,68.67,12.77,2.68,7.63,0.2,1.43,,,,,,,,
2026-07-06T03:03:33Z,5.44,7.36,68.76,12.755,2.66,7.57,0.2,1.24,,,,,,,,
2026-07-06T03:05:05Z,4.92,7.43,68.71,12.823,2.51,7.57,0.25,1.47,,,,,,,,
2026-07-06T03:06:37Z,4.42,7.63,68.61,12.97,2.61,7.61,0.22,1.28,,,,,,,,
2026-07-06T03:08:09Z,3.94,7.82,68.37,13.298,2.52,7.67,0.22,1.29,,,,,,,,
2026-07-06T03:09:41Z,3.43,7.99,67.18,14.24,2.8,7.88,0.26,1.69,,,,,,,,
2026-07-06T03:11:13Z,2.92,8.14,66.61,14.822,2.77,8.13,0.41,1.33,,,,,,,,
2026-07-06T03:12:45Z,2.41,8.13,66.15,15.478,3.07,8.13,0.24,1.4,,,,,,,,
2026-07-06T03:14:17Z,1.94,8.23,65.86,15.861,2.87,8.35,0.32,2.23,,,,,,,,
2026-07-06T03:15:50Z,1.43,8.24,65.72,16.236,2.64,8.31,0.24,1.33,,,,,,,,
2026-07-06T03:17:23Z,0.93,8.25,65.7,16.473,3.03,8.37,0.22,1.37,,,,,,,,
2026-07-06T07:02:05Z,6.1,7.56,68.42,12.97,2.86,7.68,0.21,1.22,,,,,,,,
2026-07-06T07:03:39Z,5.46,7.56,68.59,12.83,2.82,7.63,0.24,1.2,,,,,,,,
2026-07-06T07:05:12Z,4.95,7.54,68.67,12.827,2.71,7.6,0.24,1.23,,,,,,,,
2026-07-06T07:06:45Z,4.46,7.71,68.58,12.937,2.64,7.62,0.23,1.12,,,,,,,,
2026-07-06T07:08:18Z,3.96,7.86,68,13.486,2.75,7.72,0.26,0.8,,,,,,,,
2026-07-06T07:09:51Z,3.48,7.94,67.7,14.07,2.57,7.79,0.25,1.03,,,,,,,,
2026-07-06T07:11:24Z,2.97,8.04,66.78,14.661,3.18,7.97,0.25,1.61,,,,,,,,
2026-07-06T07:12:57Z,2.48,8.75,65.99,15.635,2.9,8.67,0.3,1.53,,,,,,,,
2026-07-06T07:14:30Z,1.95,8.09,65.86,16.025,2.82,8.11,0.27,1.3,,,,,,,,
2026-07-06T07:16:03Z,1.49,8.08,65.76,16.266,2.75,8.12,0.25,1.36,,,,,,,,
2026-07-06T07:17:36Z,0.98,8.23,65.62,16.459,2.87,8.43,0.26,1.1,,,,,,,,
2026-07-06T11:02:07Z,6.1,7.5,68.52,13.001,2.58,7.63,0.22,1.35,,,,,,,,
2026-07-06T11:03:41Z,5.5,7.51,68.71,12.878,2.66,7.59,0.22,1.23,,,,,,,,
2026-07-06T11:05:14Z,4.96,7.51,68.73,12.878,2.53,7.58,0.2,1.12,,,,,,,,
2026-07-06T11:06:47Z,4.47,7.56,68.73,12.908,2.47,7.56,0.24,1.15,,,,,,,,
2026-07-06T11:08:20Z,3.97,7.67,68.58,13.107,2.44,7.59,0.2,1.14,,,,,,,,
2026-07-06T11:09:53Z,3.47,8.03,67.98,13.97,2.78,7.77,0.25,1.84,,,,,,,,
2026-07-06T11:11:26Z,2.96,7.98,66.63,15.466,2.93,7.91,0.26,1.25,,,,,,,,
2026-07-06T11:12:59Z,2.47,8.22,65.69,15.77,2.71,8.32,0.23,1.24,,,,,,,,
2026-07-06T11:14:32Z,1.97,7.94,65.66,16.218,2.91,8.07,0.3,1.11,,,,,,,,
2026-07-06T11:16:05Z,1.5,7.92,65.64,16.243,2.75,8.05,0.28,1.13,,,,,,,,
2026-07-06T11:17:38Z,0.99,7.91,65.65,16.243,2.74,8.05,0.27,1.11,,,,,,,,
2026-07-06T15:02:04Z,6.11,7.39,68.63,12.944,2.78,7.6,0.18,1.22,,,,,,,,
2026-07-06T15:03:38Z,5.47,7.39,68.81,12.849,2.56,7.57,0.23,1.36,,,,,,,,
2026-07-06T15:05:11Z,4.92,7.4,68.82,12.849,2.57,7.54,0.19,1.23,,,,,,,,
2026-07-06T15:06:43Z,4.47,7.43,68.82,12.972,2.47,7.52,0.23,1.1,,,,,,,,
2026-07-06T15:08:16Z,3.94,7.5,68.79,13.149,2.43,7.53,0.19,1,,,,,,,,
2026-07-06T15:09:48Z,3.45,7.55,68.69,13.596,2.62,7.55,0.18,1.01,,,,,,,,
2026-07-06T15:11:21Z,2.94,7.91,67.22,14.929,2.65,7.82,0.21,1.1,,,,,,,,
2026-07-06T15:12:54Z,2.45,7.89,65.67,15.999,2.81,8.01,0.19,0.86,,,,,,,,
2026-07-06T15:14:27Z,1.94,7.9,65.63,16.03,2.85,8.04,0.23,0.85,,,,,,,,
2026-07-06T15:16:00Z,1.45,7.92,65.63,16.039,2.53,8.05,0.19,0.86,,,,,,,,
2026-07-06T15:17:33Z,0.96,7.91,65.63,16.043,2.87,8.06,0.24,0.88,,,,,,,,
2026-07-06T19:01:59Z,6.08,7.28,68.72,12.808,2.69,7.61,0.19,1.58,,,,,,,,
2026-07-06T19:03:32Z,5.41,7.33,68.86,12.77,2.62,7.55,0.21,1.33,,,,,,,,
2026-07-06T19:05:04Z,4.89,7.37,68.88,12.808,2.59,7.52,0.22,1.16,,,,,,,,
2026-07-06T19:06:36Z,4.43,7.4,68.89,12.849,2.64,7.46,0.2,1.18,,,,,,,,
2026-07-06T19:08:08Z,3.9,7.49,68.88,13.124,2.57,7.44,0.19,1.07,,,,,,,,
2026-07-06T19:09:40Z,3.41,7.54,68.86,13.324,2.45,7.46,0.19,1.02,,,,,,,,
2026-07-06T19:11:12Z,2.9,7.62,68.77,13.839,2.51,7.46,0.2,1.01,,,,,,,,
2026-07-06T19:12:44Z,2.37,8.2,66.41,15.67,2.68,8.12,0.19,1.05,,,,,,,,
2026-07-06T19:14:16Z,1.91,8.1,65.65,16.201,2.82,8.15,0.21,0.84,,,,,,,,
2026-07-06T19:15:48Z,1.42,8.1,65.75,16.262,2.6,8.17,0.17,0.74,,,,,,,,
2026-07-06T19:17:20Z,0.92,8.09,65.77,16.447,2.69,8.15,0.2,0.81,,,,,,,,
2026-07-06T23:01:58Z,6.09,7.29,68.74,12.832,3.19,7.61,0.23,1.34,,,,,,,,
2026-07-06T23:03:31Z,5.42,7.35,68.81,12.807,2.93,7.57,0.25,1.54,,,,,,,,
2026-07-06T23:05:03Z,4.89,7.34,68.83,12.814,2.99,7.55,0.23,1.58,,,,,,,,
2026-07-06T23:06:35Z,4.4,7.4,68.83,12.825,2.71,7.52,0.24,1.07,,,,,,,,
2026-07-06T23:08:07Z,3.87,7.47,68.87,12.899,2.55,7.5,0.22,1.2,,,,,,,,
2026-07-06T23:09:39Z,3.42,7.53,68.89,13.15,2.41,7.49,0.18,1.14,,,,,,,,
2026-07-06T23:11:11Z,2.9,7.68,68.77,13.521,2.37,7.55,0.22,1.15,,,,,,,,
2026-07-06T23:12:43Z,2.4,7.99,68.45,14.06,2.55,7.76,0.18,1.14,,,,,,,,
2026-07-06T23:14:15Z,1.91,8.39,65.86,16.221,2.65,8.4,0.25,0.86,,,,,,,,
2026-07-06T23:15:47Z,1.41,8.28,65.72,16.643,2.4,8.38,0.2,0.79,,,,,,,,
2026-07-06T23:17:19Z,0.92,8.11,65.81,17.692,2.37,8.19,0.17,0.61,,,,,,,,
2026-07-07T03:02:00Z,6.04,7.34,68.76,12.829,3.2,7.59,0.26,1.78,,,,,,,,
2026-07-07T03:03:33Z,5.43,7.36,68.87,12.812,2.65,7.55,0.24,1.55,,,,,,,,
2026-07-07T03:05:05Z,4.93,7.36,68.89,12.822,2.7,7.53,0.24,1.42,,,,,,,,
2026-07-07T03:06:37Z,4.43,7.43,68.93,12.87,2.62,7.52,0.24,1.32,,,,,,,,
2026-07-07T03:08:09Z,3.93,7.54,68.9,13.058,2.47,7.56,0.21,1.33,,,,,,,,
2026-07-07T03:09:41Z,3.43,7.65,68.79,13.258,2.49,7.6,0.19,0.86,,,,,,,,
2026-07-07T03:11:13Z,2.94,7.73,68.77,13.424,2.52,7.63,0.18,1.27,,,,,,,,
2026-07-07T03:12:45Z,2.43,7.78,68.56,13.831,2.54,7.67,0.22,1.49,,,,,,,,
2026-07-07T03:14:17Z,1.94,8.08,67.84,14.607,2.57,7.9,0.22,1.2,,,,,,,,
2026-07-07T03:15:50Z,1.43,8.23,67.14,15.441,3.06,8.09,0.18,1.01,,,,,,,,
2026-07-07T03:17:22Z,0.95,8.97,66.43,16.156,2.69,8.92,0.22,1.09,,,,,,,,
2026-07-07T07:02:02Z,6.03,7.38,68.9,12.866,2.61,7.64,0.2,1.32,,,,,,,,
2026-07-07T07:03:35Z,5.46,7.37,68.94,12.855,2.7,7.58,0.21,1.29,,,,,,,,
2026-07-07T07:05:08Z,4.98,7.37,68.93,12.868,2.77,7.57,0.23,1.53,,,,,,,,
2026-07-07T07:06:41Z,4.46,7.73,68.75,13.154,2.55,7.67,0.21,1.09,,,,,,,,
2026-07-07T07:08:14Z,3.94,7.72,68.75,13.282,2.59,7.67,0.2,1.2,,,,,,,,
2026-07-07T07:09:47Z,3.47,7.67,68.52,13.626,2.49,7.66,0.19,1.1,,,,,,,,
2026-07-07T07:11:20Z,2.95,8.09,67.87,14.526,2.45,7.92,0.23,1.13,,,,,,,,
2026-07-07T07:12:53Z,2.46,8.14,67.06,15.35,2.9,8.12,0.25,1.16,,,,,,,,
2026-07-07T07:14:26Z,1.97,8.56,66.2,16.102,2.98,8.55,0.33,1.18,,,,,,,,
2026-07-07T07:15:59Z,1.48,8.88,66.07,16.61,2.59,8.91,0.29,0.98,,,,,,,,
2026-07-07T07:17:32Z,0.98,8.04,65.71,16.949,3.12,8.23,0.24,0.77,,,,,,,,
2026-07-07T11:02:03Z,6.01,7.46,68.77,12.993,2.52,7.65,0.2,1.23,,,,,,,,
2026-07-07T11:03:36Z,5.46,7.45,68.81,12.995,2.3,7.6,0.2,1.16,,,,,,,,
2026-07-07T11:05:09Z,4.98,7.43,68.86,12.962,2.61,7.59,0.22,1.12,,,,,,,,
2026-07-07T11:06:42Z,4.49,7.46,68.84,13,2.66,7.58,0.21,1.16,,,,,,,,
2026-07-07T11:08:15Z,3.96,7.57,68.75,13.208,2.53,7.62,0.22,1.07,,,,,,,,
2026-07-07T11:09:48Z,3.48,7.96,68.55,13.578,2.54,7.83,0.21,1.24,,,,,,,,
2026-07-07T11:11:21Z,3,8.15,68.01,14.163,2.61,7.96,0.23,1.12,,,,,,,,
2026-07-07T11:12:54Z,2.48,8.45,66.79,15.561,2.97,8.4,0.31,1.17,,,,,,,,
2026-07-07T11:14:27Z,1.98,8,65.87,16.199,2.48,8.16,0.25,0.82,,,,,,,,
2026-07-07T11:16:00Z,1.5,7.94,65.71,16.353,2.52,8.14,0.3,0.73,,,,,,,,
2026-07-07T11:17:33Z,0.98,7.94,65.7,16.381,2.68,8.14,0.22,0.73,,,,,,,,
2026-07-07T15:02:01Z,6,7.36,68.86,13.011,2.67,7.64,0.21,1.1,,,,,,,,
2026-07-07T15:03:34Z,5.47,7.34,68.93,12.965,2.6,7.57,0.18,1.09,,,,,,,,
2026-07-07T15:05:07Z,4.95,7.32,68.95,12.961,2.52,7.55,0.18,1.15,,,,,,,,
2026-07-07T15:06:40Z,4.44,7.32,68.93,12.97,2.54,7.53,0.21,1.06,,,,,,,,
2026-07-07T15:08:13Z,3.94,7.35,68.91,13.01,2.37,7.53,0.19,0.9,,,,,,,,
2026-07-07T15:09:46Z,3.45,7.35,68.84,13.163,2.37,7.53,0.19,0.85,,,,,,,,
2026-07-07T15:11:19Z,2.95,7.83,68.1,14.248,2.37,7.7,0.22,0.96,,,,,,,,
2026-07-07T15:12:52Z,2.46,8.21,66.1,15.696,2.8,8.34,0.24,0.66,,,,,,,,
2026-07-07T15:14:25Z,1.96,8.19,65.99,15.786,2.53,8.36,0.19,0.71,,,,,,,,
2026-07-07T15:15:58Z,1.46,8.15,65.94,15.836,2.64,8.32,0.22,0.65,,,,,,,,
2026-07-07T15:17:31Z,0.96,8,65.77,15.962,2.42,8.19,0.21,0.64,,,,,,,,
2026-07-07T19:01:58Z,6.09,7.15,68.81,13.015,3.07,7.61,0.17,1.09,,,,,,,,
2026-07-07T19:03:31Z,5.38,7.2,68.99,12.914,2.77,7.54,0.18,1.02,,,,,,,,
2026-07-07T19:05:03Z,4.9,7.26,68.96,12.962,2.51,7.54,0.18,1.02,,,,,,,,
2026-07-07T19:06:35Z,4.4,7.3,68.94,12.979,2.63,7.54,0.2,1.02,,,,,,,,
2026-07-07T19:08:07Z,3.88,7.38,68.89,13.08,2.34,7.56,0.17,0.85,,,,,,,,
2026-07-07T19:09:39Z,3.42,7.39,68.89,13.152,2.2,7.57,0.17,0.85,,,,,,,,
2026-07-07T19:11:11Z,2.91,7.86,68.11,14.262,2.37,7.8,0.2,0.91,,,,,,,,
2026-07-07T19:12:43Z,2.4,8.28,66.09,15.925,2.55,8.42,0.26,0.7,,,,,,,,
2026-07-07T19:14:15Z,1.9,8.18,65.94,16.159,2.55,8.36,0.19,0.66,,,,,,,,
2026-07-07T19:15:47Z,1.43,8.13,65.9,16.399,2.59,8.32,0.2,0.66,,,,,,,,
2026-07-07T19:17:19Z,0.94,8.03,65.92,16.764,2.52,8.13,0.19,0.62,,,,,,,,
2026-07-07T23:01:59Z,6.06,7.3,68.97,12.96,2.74,7.57,0.16,1.73,,,,,,,,
2026-07-07T23:03:32Z,5.43,7.31,68.98,12.958,2.79,7.54,0.2,1.09,,,,,,,,
2026-07-07T23:05:05Z,4.9,7.33,68.97,12.979,2.73,7.48,0.18,1.08,,,,,,,,
2026-07-07T23:06:37Z,4.4,7.34,68.97,12.996,2.7,7.45,0.21,1.06,,,,,,,,
2026-07-07T23:08:09Z,3.91,7.42,68.89,13.134,2.31,7.47,0.21,0.91,,,,,,,,
2026-07-07T23:09:41Z,3.42,7.43,68.89,13.132,2.4,7.46,0.19,0.9,,,,,,,,
2026-07-07T23:11:13Z,2.9,7.45,68.89,13.143,2.46,7.47,0.19,0.9,,,,,,,,
2026-07-07T23:12:45Z,2.42,7.6,68.67,13.616,2.48,7.54,0.17,0.97,,,,,,,,
2026-07-07T23:14:17Z,1.94,7.85,68.13,14.262,2.33,7.67,0.19,0.88,,,,,,,,
2026-07-07T23:15:49Z,1.42,8.14,66.1,17.134,2.52,8.22,0.22,0.67,,,,,,,,
2026-07-07T23:17:21Z,0.91,8.11,65.95,17.373,2.6,8.27,0.19,0.61,,,,,,,,
2026-07-08T03:01:59Z,6.05,7.38,68.78,13.141,2.42,7.67,0.2,1.11,,,,,,,,
2026-07-08T03:03:32Z,5.4,7.37,68.9,13.088,2.55,7.61,0.25,1.28,,,,,,,,
2026-07-08T03:05:04Z,4.91,7.4,68.9,13.095,2.33,7.59,0.2,1.21,,,,,,,,
2026-07-08T03:06:36Z,4.43,7.43,68.9,13.118,2.6,7.59,0.24,1.39,,,,,,,,
2026-07-08T03:08:08Z,3.92,7.68,68.82,13.241,2.41,7.64,0.22,1.12,,,,,,,,
2026-07-08T03:09:40Z,3.43,7.73,68.82,13.265,2.53,7.67,0.23,1.03,,,,,,,,
2026-07-08T03:11:12Z,2.91,8.14,68.4,14.074,2.44,7.92,0.26,1.25,,,,,,,,
2026-07-08T03:12:44Z,2.45,7.88,66.82,15.809,3.22,8.03,0.2,0.91,,,,,,,,
2026-07-08T03:14:16Z,1.94,8.05,66.03,16.417,2.5,8.21,0.2,0.91,,,,,,,,
2026-07-08T03:15:49Z,1.42,8.2,66.17,16.884,2.59,8.3,0.23,0.77,,,,,,,,
2026-07-08T03:17:21Z,0.92,8.17,66.02,17.351,2.24,8.42,0.21,0.69,,,,,,,,
2026-07-08T07:02:05Z,6.09,7.28,68.81,13.192,2.63,7.63,0.23,1.16,,,,,,,,
2026-07-08T07:03:39Z,5.46,7.27,68.93,13.069,2.79,7.57,0.23,1.26,,,,,,,,
2026-07-08T07:05:12Z,4.96,7.31,68.97,13.046,2.42,7.56,0.19,1.15,,,,,,,,
2026-07-08T07:06:45Z,4.46,7.37,68.94,13.055,2.42,7.53,0.2,1.09,,,,,,,,
2026-07-08T07:08:18Z,3.96,7.38,68.94,13.062,2.33,7.52,0.22,1.01,,,,,,,,
2026-07-08T07:09:51Z,3.48,7.45,68.91,13.136,2.51,7.53,0.22,1.2,,,,,,,,
2026-07-08T07:11:24Z,2.97,7.64,68.7,13.441,2.37,7.6,0.19,1,,,,,,,,
2026-07-08T07:12:57Z,2.46,7.83,68.24,14.075,2.38,7.73,0.19,1.05,,,,,,,,
2026-07-08T07:14:30Z,1.98,8.02,66.18,16.504,2.49,8.13,0.3,0.79,,,,,,,,
2026-07-08T07:16:03Z,1.47,8,65.91,16.815,2.43,8.22,0.3,0.85,,,,,,,,
2026-07-08T07:17:36Z,0.98,8,65.89,16.824,2.75,8.23,0.3,0.68,,,,,,,,
2026-07-08T11:02:06Z,6.09,7.12,69.04,12.936,2.56,7.57,0.23,1.17,,,,,,,,
2026-07-08T11:03:40Z,5.48,7.09,69.06,12.91,2.61,7.52,0.2,0.9,,,,,,,,
2026-07-08T11:05:13Z,4.97,7.2,69.04,12.928,2.54,7.52,0.22,1.07,,,,,,,,
2026-07-08T11:06:46Z,4.49,7.29,69.01,13.005,2.48,7.52,0.24,1.22,,,,,,,,
2026-07-08T11:08:19Z,3.98,7.5,68.92,13.064,2.45,7.57,0.2,1.14,,,,,,,,
2026-07-08T11:09:52Z,3.46,7.62,68.83,13.17,2.45,7.62,0.21,0.99,,,,,,,,
2026-07-08T11:11:25Z,2.96,7.63,68.78,13.223,2.08,7.63,0.21,0.91,,,,,,,,
2026-07-08T11:12:58Z,2.5,7.73,68.47,13.708,2.37,7.74,0.19,0.94,,,,,,,,
2026-07-08T11:14:31Z,2,7.96,67.39,15.064,2.39,7.89,0.24,1.26,,,,,,,,
2026-07-08T11:16:04Z,1.5,7.93,66.17,16.103,3.12,8.11,0.43,0.68,,,,,,,,
2026-07-08T11:17:37Z,0.97,7.91,65.92,16.39,2.42,8.14,0.34,0.62,,,,,,,,
2026-07-08T15:02:04Z,6.08,7.14,68.98,12.926,2.93,7.56,0.14,0.89,,,,,,,,
2026-07-08T15:03:37Z,5.46,7.13,69.02,12.899,2.4,7.52,0.15,0.71,,,,,,,,
2026-07-08T15:05:10Z,4.94,7.13,69.01,12.917,2.6,7.52,0.19,0.87,,,,,,,,
2026-07-08T15:06:43Z,4.46,7.3,68.95,12.963,2.49,7.53,0.16,0.99,,,,,,,,
2026-07-08T15:08:16Z,3.95,7.51,68.87,13.104,2.39,7.59,0.18,0.82,,,,,,,,
2026-07-08T15:09:49Z,3.45,7.64,68.79,13.15,2.31,7.65,0.19,0.85,,,,,,,,
2026-07-08T15:11:22Z,2.96,7.6,68.74,13.431,2.63,7.67,0.19,0.8,,,,,,,,
2026-07-08T15:12:55Z,2.45,7.62,68.58,13.836,2.21,7.68,0.22,0.85,,,,,,,,
2026-07-08T15:14:28Z,1.96,7.73,67.83,14.737,2.75,7.78,0.21,0.83,,,,,,,,
2026-07-08T15:16:01Z,1.46,7.89,66.03,16.023,2.88,8.11,0.2,0.58,,,,,,,,
2026-07-08T15:17:34Z,0.94,7.89,65.91,16.127,2.56,8.15,0.21,0.57,,,,,,,,
2026-07-08T19:01:59Z,6.07,7.24,68.94,12.946,2.6,7.61,0.16,0.89,,,,,,,,
2026-07-08T19:03:32Z,5.42,7.23,68.97,12.877,2.39,7.56,0.17,0.79,,,,,,,,
2026-07-08T19:05:04Z,4.89,7.23,68.98,12.888,2.56,7.53,0.18,0.81,,,,,,,,
2026-07-08T19:06:36Z,4.42,7.27,68.96,12.919,2.5,7.53,0.17,0.84,,,,,,,,
2026-07-08T19:08:08Z,3.91,7.32,68.93,12.98,2.56,7.54,0.17,0.86,,,,,,,,
2026-07-08T19:09:40Z,3.4,7.42,68.86,13.071,2.39,7.57,0.17,0.73,,,,,,,,
2026-07-08T19:11:12Z,2.92,7.59,68.84,13.258,2.31,7.62,0.17,0.78,,,,,,,,
2026-07-08T19:12:44Z,2.44,7.58,68.78,13.38,2.43,7.63,0.17,0.7,,,,,,,,
2026-07-08T19:14:17Z,1.91,7.84,67.92,14.757,2.39,7.83,0.21,0.63,,,,,,,,
2026-07-08T19:15:49Z,1.42,8.03,66.05,16.461,2.65,8.27,0.18,0.49,,,,,,,,
2026-07-08T19:17:21Z,0.88,8.03,65.97,16.785,2.46,8.3,0.15,0.49,,,,,,,,
2026-07-08T23:01:59Z,6.05,7.33,68.8,13.043,2.52,7.62,0.2,1.04,,,,,,,,
2026-07-08T23:03:32Z,5.41,7.38,68.88,13.007,2.47,7.59,0.18,0.88,,,,,,,,
2026-07-08T23:05:04Z,4.91,7.52,68.92,13.098,2.25,7.61,0.19,1.02,,,,,,,,
2026-07-08T23:06:36Z,4.43,7.65,68.84,13.174,2.38,7.64,0.19,0.91,,,,,,,,
2026-07-08T23:08:08Z,3.93,7.66,68.84,13.191,2.41,7.64,0.19,1.2,,,,,,,,
2026-07-08T23:09:40Z,3.42,7.63,68.85,13.198,2.31,7.64,0.17,0.94,,,,,,,,
2026-07-08T23:11:12Z,2.92,7.74,68.8,13.268,2.32,7.69,0.18,0.92,,,,,,,,
2026-07-08T23:12:44Z,2.45,8.01,68.72,13.427,2.24,7.83,0.18,0.95,,,,,,,,
2026-07-08T23:14:17Z,1.94,7.89,67.97,14.542,2.43,7.85,0.2,1.01,,,,,,,,
2026-07-08T23:15:50Z,1.43,8.07,66.39,16.505,2.5,8.27,0.2,0.61,,,,,,,,
2026-07-08T23:17:22Z,0.9,8.02,66.12,16.769,2.59,8.34,0.23,0.61,,,,,,,,
2026-07-09T03:01:59Z,6.03,7.24,68.9,13.047,2.9,7.63,0.19,1.03,,,,,,,,
2026-07-09T03:03:32Z,5.41,7.26,68.97,12.999,2.61,7.54,0.22,1.1,,,,,,,,
2026-07-09T03:05:04Z,4.91,7.29,68.96,13.029,2.84,7.55,0.21,1.39,,,,,,,,
2026-07-09T03:06:36Z,4.43,7.35,68.95,13.075,2.4,7.51,0.21,1.08,,,,,,,,
2026-07-09T03:08:08Z,3.92,7.43,68.94,13.122,2.55,7.51,0.18,0.92,,,,,,,,
2026-07-09T03:09:40Z,3.44,7.63,68.91,13.232,2.45,7.53,0.18,1.04,,,,,,,,
2026-07-09T03:11:13Z,2.91,7.87,68.86,13.345,2.3,7.67,0.17,0.88,,,,,,,,
2026-07-09T03:12:45Z,2.42,8.24,67.17,15.593,2.23,8.24,0.23,0.99,,,,,,,,
2026-07-09T03:14:17Z,1.94,8.14,66.73,16.077,2.6,8.28,0.17,0.9,,,,,,,,
2026-07-09T03:15:50Z,1.42,8.08,66.35,16.525,2.44,8.33,0.22,0.71,,,,,,,,
2026-07-09T03:17:22Z,0.92,8.09,66.31,16.603,2.42,8.35,0.23,0.72,,,,,,,,
2026-07-09T07:02:02Z,6.04,7.45,68.93,12.979,2.34,7.63,0.2,1.01,,,,,,,,
2026-07-09T07:03:35Z,5.45,7.5,68.94,13.003,2.35,7.62,0.21,0.96,,,,,,,,
2026-07-09T07:05:08Z,4.94,7.7,68.83,13.29,2.35,7.68,0.2,0.97,,,,,,,,
2026-07-09T07:06:41Z,4.45,7.73,68.81,13.326,2.41,7.68,0.19,1.04,,,,,,,,
2026-07-09T07:08:14Z,3.96,7.89,68.77,13.463,2.18,7.76,0.21,1,,,,,,,,
2026-07-09T07:09:47Z,3.47,7.89,68.69,13.544,2.35,7.79,0.19,0.98,,,,,,,,
2026-07-09T07:11:20Z,2.95,7.95,68.65,13.604,2.28,7.82,0.2,0.95,,,,,,,,
2026-07-09T07:12:53Z,2.47,7.89,68.56,13.713,2.34,7.8,0.19,0.91,,,,,,,,
2026-07-09T07:14:26Z,1.98,7.96,68.38,13.993,2.29,7.85,0.2,0.98,,,,,,,,
2026-07-09T07:15:59Z,1.48,7.88,67.98,14.444,2.31,7.87,0.21,0.93,,,,,,,,
2026-07-09T07:17:32Z,0.96,8.01,66.9,15.662,2.32,8.15,0.25,0.72,,,,,,,,
2026-07-09T11:02:03Z,6.01,7.31,68.99,12.956,2.45,7.65,0.19,0.87,,,,,,,,
2026-07-09T11:03:36Z,5.48,7.31,69.04,12.917,2.38,7.6,0.22,0.85,,,,,,,,
2026-07-09T11:05:09Z,4.98,7.3,69.04,12.918,2.52,7.6,0.19,0.78,,,,,,,,
2026-07-09T11:06:42Z,4.48,7.36,69.01,12.954,2.4,7.6,0.22,0.85,,,,,,,,
2026-07-09T11:08:15Z,3.99,7.44,68.95,13.104,2.44,7.62,0.2,0.83,,,,,,,,
2026-07-09T11:09:48Z,3.47,7.5,68.76,13.366,2.54,7.66,0.22,0.79,,,,,,,,
2026-07-09T11:11:21Z,2.98,7.91,68.29,14.118,2.4,7.86,0.21,0.74,,,,,,,,
2026-07-09T11:12:54Z,2.5,7.76,67.8,14.621,2.32,7.89,0.24,0.74,,,,,,,,
2026-07-09T11:14:27Z,2.01,7.98,66.67,15.701,2.53,8.24,0.29,0.67,,,,,,,,
2026-07-09T11:16:00Z,1.5,7.94,66.57,15.787,2.38,8.26,0.27,0.66,,,,,,,,
2026-07-09T11:17:33Z,0.98,7.98,66.56,15.795,2.61,8.26,0.24,0.64,,,,,,,,
2026-07-09T15:02:02Z,6.04,7.28,69.02,12.917,2.47,7.61,0.18,0.8,,,,,,,,
2026-07-09T15:03:35Z,5.43,7.3,69.05,12.926,2.41,7.58,0.19,0.7,,,,,,,,
2026-07-09T15:05:08Z,4.94,7.29,69.06,12.914,2.46,7.56,0.23,0.71,,,,,,,,
2026-07-09T15:06:41Z,4.43,7.39,69,13.027,2.38,7.58,0.17,0.76,,,,,,,,
2026-07-09T15:08:13Z,3.95,7.47,68.95,13.201,2.34,7.6,0.21,0.83,,,,,,,,
2026-07-09T15:09:45Z,3.47,7.54,68.76,13.496,2.49,7.63,0.23,0.85,,,,,,,,
2026-07-09T15:11:18Z,2.94,7.57,68.84,13.466,2.33,7.63,0.21,0.83,,,,,,,,
2026-07-09T15:12:51Z,2.47,7.54,68.75,13.494,2.33,7.64,0.17,0.82,,,,,,,,
2026-07-09T15:14:24Z,1.97,7.65,67.89,14.395,2.38,7.78,0.22,0.88,,,,,,,,
2026-07-09T15:15:57Z,1.46,7.83,66.79,15.337,2.38,8.05,0.22,0.56,,,,,,,,
2026-07-09T15:17:30Z,0.94,7.9,66.7,15.423,2.39,8.12,0.2,0.58,,,,,,,,
2026-07-09T19:01:59Z,6.08,7.2,68.96,12.971,2.47,7.65,0.13,0.62,,,,,,,,
2026-07-09T19:03:32Z,5.41,7.21,69.05,12.953,2.44,7.59,0.17,0.65,,,,,,,,
2026-07-09T19:05:04Z,4.9,7.23,69.07,12.974,2.32,7.58,0.17,0.59,,,,,,,,
2026-07-09T19:06:36Z,4.42,7.22,69.06,12.989,2.51,7.57,0.18,0.67,,,,,,,,
2026-07-09T19:08:08Z,3.92,7.26,69.05,13.025,2.29,7.58,0.2,0.63,,,,,,,,
2026-07-09T19:09:40Z,3.4,7.34,68.98,13.167,2.3,7.6,0.2,0.66,,,,,,,,
2026-07-09T19:11:12Z,2.92,7.95,67.84,14.509,2.36,8.04,0.22,0.7,,,,,,,,
2026-07-09T19:12:44Z,2.43,7.92,66.89,15.343,2.53,8.19,0.23,0.63,,,,,,,,
2026-07-09T19:14:16Z,1.9,7.97,67.02,15.839,2.36,8.24,0.17,0.48,,,,,,,,
2026-07-09T19:15:48Z,1.42,7.95,66.93,16.081,2.42,8.23,0.16,0.46,,,,,,,,
2026-07-09T19:17:20Z,0.88,7.93,66.94,16.161,2.41,8.22,0.17,0.42,,,,,,,,
2026-07-09T23:02:02Z,6.05,7.22,69.07,12.929,2.55,7.6,0.17,0.75,,,,,,,,
2026-07-09T23:03:35Z,5.41,7.22,69.12,12.912,2.4,7.57,0.18,0.74,,,,,,,,
2026-07-09T23:05:07Z,4.94,7.21,69.12,12.935,2.36,7.56,0.18,0.76,,,,,,,,
2026-07-09T23:06:40Z,4.41,7.21,69.1,12.961,2.55,7.54,0.19,0.74,,,,,,,,
2026-07-09T23:08:12Z,3.94,7.24,69.05,13.039,2.35,7.54,0.17,0.7,,,,,,,,
2026-07-09T23:09:44Z,3.44,7.3,68.98,13.205,2.25,7.55,0.19,0.68,,,,,,,,
2026-07-09T23:11:16Z,2.94,7.42,68.85,13.342,2.25,7.6,0.19,0.67,,,,,,,,
2026-07-09T23:12:49Z,2.45,7.76,67.47,14.479,2.41,7.93,0.22,0.67,,,,,,,,
2026-07-09T23:14:22Z,1.96,7.94,66.97,15.836,2.54,8.18,0.24,0.63,,,,,,,,
2026-07-09T23:15:55Z,1.43,7.89,66.74,16.368,2.54,8.22,0.2,0.59,,,,,,,,
2026-07-09T23:17:27Z,0.95,7.9,66.81,16.468,2.42,8.24,0.19,0.53,,,,,,,,
2026-07-10T03:02:02Z,6.14,7.16,69.1,12.959,2.52,7.61,0.17,0.76,,,,,,,,
2026-07-10T03:03:36Z,5.42,7.2,69.09,12.954,2.43,7.57,0.17,0.88,,,,,,,,
2026-07-10T03:05:08Z,4.92,7.2,69.1,12.971,2.43,7.56,0.19,0.79,,,,,,,,
2026-07-10T03:06:40Z,4.43,7.22,69.08,12.98,2.62,7.54,0.2,0.77,,,,,,,,
2026-07-10T03:08:12Z,3.93,7.32,69.06,13.066,2.33,7.55,0.18,0.81,,,,,,,,
2026-07-10T03:09:44Z,3.42,7.37,69.03,13.107,2.42,7.57,0.2,0.76,,,,,,,,
2026-07-10T03:11:16Z,2.92,7.87,68.71,13.571,2.38,8.02,0.17,0.87,,,,,,,,
2026-07-10T03:12:48Z,2.44,8.04,67.78,14.738,2.66,8.14,0.25,0.89,,,,,,,,
2026-07-10T03:14:21Z,1.94,7.99,66.9,16.097,2.59,8.29,0.24,0.71,,,,,,,,
2026-07-10T03:15:54Z,1.43,8,66.89,16.241,2.27,8.29,0.23,0.63,,,,,,,,
2026-07-10T03:17:27Z,0.92,7.95,66.85,16.341,2.27,8.28,0.24,0.63,,,,,,,,
2026-07-10T07:02:02Z,6.02,7.24,69.06,12.991,2.39,7.63,0.15,0.74,,,,,,,,
2026-07-10T07:03:35Z,5.47,7.29,69.11,13.001,2.32,7.57,0.2,0.69,,,,,,,,
2026-07-10T07:05:08Z,4.98,7.39,69.06,13.05,2.43,7.61,0.18,0.78,,,,,,,,
2026-07-10T07:06:41Z,4.45,7.31,69.08,13.066,2.31,7.6,0.19,0.79,,,,,,,,
2026-07-10T07:08:14Z,3.97,7.32,69.07,13.069,2.45,7.6,0.21,0.69,,,,,,,,
2026-07-10T07:09:47Z,3.47,7.34,69.05,13.09,2.16,7.59,0.18,0.69,,,,,,,,
2026-07-10T07:11:20Z,2.95,7.52,69.02,13.147,2.37,7.66,0.18,0.71,,,,,,,,
2026-07-10T07:12:53Z,2.48,7.91,68.07,14.372,2.44,7.94,0.22,0.75,,,,,,,,
2026-07-10T07:14:26Z,1.98,7.9,67.07,15.637,2.37,8.19,0.24,0.56,,,,,,,,
2026-07-10T07:15:59Z,1.48,7.92,66.95,15.737,2.29,8.24,0.21,0.61,,,,,,,,
2026-07-10T07:17:32Z,0.97,7.94,66.92,15.751,2.39,8.25,0.25,0.66,,,,,,,,
2026-07-10T11:02:07Z,6.06,7.2,69.12,12.979,2.39,7.61,0.17,0.72,,,,,,,,
2026-07-10T11:03:40Z,5.51,7.21,69.17,12.947,2.36,7.57,0.18,0.7,,,,,,,,
2026-07-10T11:05:13Z,4.98,7.19,69.2,12.926,2.4,7.56,0.19,0.69,,,,,,,,
2026-07-10T11:06:46Z,4.49,7.27,69.13,13.002,2.43,7.59,0.21,0.68,,,,,,,,
2026-07-10T11:08:19Z,3.99,7.36,69.06,13.103,2.48,7.62,0.21,0.67,,,,,,,,
2026-07-10T11:09:52Z,3.48,7.37,68.83,13.41,2.25,7.64,0.22,0.67,,,,,,,,
2026-07-10T11:11:25Z,3,7.41,68.69,13.655,2.4,7.67,0.22,0.71,,,,,,,,
2026-07-10T11:12:58Z,2.5,7.67,67.96,14.506,2.36,7.87,0.22,0.67,,,,,,,,
2026-07-10T11:14:31Z,1.98,7.78,67.57,14.932,2.27,8,0.23,0.58,,,,,,,,
2026-07-10T11:16:04Z,1.49,7.79,67.06,15.243,2.45,8.11,0.28,0.57,,,,,,,,
2026-07-10T11:17:37Z,0.99,7.8,67.02,15.26,2.3,8.11,0.22,0.61,,,,,,,,
2026-07-10T15:02:02Z,6.04,7.15,68.96,13.031,2.53,7.62,0.19,0.64,,,,,,,,
2026-07-10T15:03:35Z,5.45,7.16,69.08,12.971,2.45,7.57,0.18,0.7,,,,,,,,
2026-07-10T15:05:08Z,4.97,7.18,69.04,13.01,2.47,7.57,0.19,0.76,,,,,,,,
2026-07-10T15:06:41Z,4.44,7.17,69.01,13.06,2.39,7.57,0.23,0.7,,,,,,,,
2026-07-10T15:08:14Z,3.95,7.19,69,13.072,2.45,7.57,0.19,0.61,,,,,,,,
2026-07-10T15:09:47Z,3.46,7.36,68.78,13.548,2.28,7.62,0.22,0.66,,,,,,,,
2026-07-10T15:11:20Z,2.93,7.74,67.38,14.725,2.47,8.02,0.23,0.55,,,,,,,,
2026-07-10T15:12:53Z,2.46,7.77,67.26,14.834,2.45,8.07,0.2,0.57,,,,,,,,
2026-07-10T15:14:26Z,1.96,7.78,67.24,14.86,2.45,8.09,0.25,0.61,,,,,,,,
2026-07-10T15:15:59Z,1.46,7.79,67.23,14.865,2.49,8.09,0.2,0.53,,,,,,,,
2026-07-10T15:17:32Z,0.94,7.78,67.22,14.885,2.32,8.09,0.19,0.56,,,,,,,,
2026-07-10T19:01:58Z,6.08,7.18,69.06,12.889,2.65,7.6,0.16,0.62,,,,,,,,
2026-07-10T19:03:31Z,5.4,7.18,69.1,12.875,2.67,7.52,0.17,0.6,,,,,,,,
2026-07-10T19:05:03Z,4.91,7.17,69.1,12.881,2.48,7.51,0.16,0.58,,,,,,,,
2026-07-10T19:06:35Z,4.37,7.17,69.11,12.924,2.46,7.53,0.18,0.65,,,,,,,,
2026-07-10T19:08:07Z,3.88,7.22,69.05,13.029,2.42,7.55,0.17,0.68,,,,,,,,
2026-07-10T19:09:39Z,3.4,7.29,68.94,13.179,2.29,7.59,0.19,0.61,,,,,,,,
2026-07-10T19:11:11Z,2.9,7.66,68.46,13.948,2.36,7.79,0.22,0.66,,,,,,,,
2026-07-10T19:12:43Z,2.41,7.95,67.31,15.049,2.36,8.2,0.23,0.54,,,,,,,,
2026-07-10T19:14:15Z,1.91,7.95,67.24,15.197,2.43,8.23,0.17,0.5,,,,,,,,
2026-07-10T19:15:47Z,1.43,8,67.23,15.262,2.36,8.26,0.2,0.44,,,,,,,,
2026-07-10T19:17:19Z,0.9,7.96,67.1,15.462,2.25,8.23,0.17,0.42,,,,,,,,
2026-07-10T23:01:59Z,6.06,7.34,69.03,13.055,2.52,7.66,0.18,0.61,,,,,,,,
2026-07-10T23:03:32Z,5.39,7.46,68.77,13.532,2.45,7.67,0.18,0.6,,,,,,,,
2026-07-10T23:05:04Z,4.92,7.43,68.86,13.391,2.49,7.66,0.17,0.58,,,,,,,,
2026-07-10T23:06:36Z,4.43,7.47,68.8,13.514,2.51,7.67,0.19,0.6,,,,,,,,
2026-07-10T23:08:08Z,3.92,7.45,68.82,13.395,2.49,7.68,0.21,0.6,,,,,,,,
2026-07-10T23:09:40Z,3.42,7.39,68.98,13.2,2.48,7.64,0.19,0.59,,,,,,,,
2026-07-10T23:11:12Z,2.92,7.49,68.79,13.561,2.39,7.69,0.19,0.61,,,,,,,,
2026-07-10T23:12:44Z,2.45,7.76,68.04,14.748,2.34,7.91,0.22,0.59,,,,,,,,
2026-07-10T23:14:17Z,1.92,7.87,67.66,15.251,2.45,8.1,0.24,0.59,,,,,,,,
2026-07-10T23:15:49Z,1.43,7.9,67.57,15.409,2.42,8.14,0.19,0.58,,,,,,,,
2026-07-10T23:17:21Z,0.9,7.89,67.57,15.461,2.4,8.15,0.18,0.57,,,,,,,,
2026-07-11T03:01:59Z,6.05,7.3,69.09,12.946,2.58,7.67,0.18,0.73,,,,,,,,
2026-07-11T03:03:32Z,5.4,7.28,69.15,12.914,2.54,7.61,0.2,0.74,,,,,,,,
2026-07-11T03:05:04Z,4.93,7.39,69.08,12.981,2.41,7.63,0.2,0.73,,,,,,,,
2026-07-11T03:06:36Z,4.43,7.45,69.01,13.118,2.45,7.65,0.2,0.72,,,,,,,,
2026-07-11T03:08:08Z,3.92,7.61,68.75,13.596,2.32,7.73,0.21,0.73,,,,,,,,
2026-07-11T03:09:40Z,3.43,7.88,67.76,15.102,2.32,8.05,0.24,0.64,,,,,,,,
2026-07-11T03:11:13Z,2.91,7.96,67.54,15.482,2.47,8.17,0.18,0.65,,,,,,,,
2026-07-11T03:12:45Z,2.44,7.96,67.56,15.568,2.36,8.19,0.2,0.65,,,,,,,,
2026-07-11T03:14:18Z,1.93,7.98,67.57,15.629,2.36,8.2,0.26,0.65,,,,,,,,
2026-07-11T03:15:51Z,1.44,7.99,67.55,15.687,2.43,8.22,0.21,0.59,,,,,,,,
2026-07-11T03:17:23Z,0.94,7.99,67.55,15.773,2.44,8.23,0.22,0.62,,,,,,,,
2026-07-11T07:02:02Z,6.04,7.39,69,13.087,2.32,7.69,0.19,0.65,,,,,,,,
2026-07-11T07:03:35Z,5.46,7.35,69.04,13.083,2.44,7.64,0.2,0.75,,,,,,,,
2026-07-11T07:05:08Z,4.99,7.36,69.04,13.09,2.68,7.63,0.2,0.69,,,,,,,,
2026-07-11T07:06:41Z,4.45,7.41,68.81,13.417,2.48,7.66,0.2,0.64,,,,,,,,
2026-07-11T07:08:14Z,3.97,7.43,68.76,13.439,2.32,7.67,0.22,0.64,,,,,,,,
2026-07-11T07:09:47Z,3.47,7.6,68.67,13.709,2.46,7.74,0.24,0.64,,,,,,,,
2026-07-11T07:11:20Z,2.96,7.74,67.91,14.872,2.44,7.92,0.28,0.64,,,,,,,,
2026-07-11T07:12:53Z,2.47,7.86,67.62,15.385,2.43,8.09,0.28,0.65,,,,,,,,
2026-07-11T07:14:26Z,1.97,7.88,67.54,15.507,2.33,8.14,0.25,0.59,,,,,,,,
2026-07-11T07:15:59Z,1.48,7.89,67.53,15.508,2.41,8.15,0.2,0.64,,,,,,,,
2026-07-11T07:17:32Z,0.98,7.89,67.53,15.504,2.35,8.16,0.25,0.6,,,,,,,,
2026-07-11T11:02:06Z,6.09,7.31,69.04,13.277,2.31,7.67,0.23,0.73,,,,,,,,
2026-07-11T11:03:40Z,5.48,7.29,69.13,13.208,2.54,7.61,0.21,0.76,,,,,,,,
2026-07-11T11:05:13Z,4.99,7.31,69.14,13.236,2.28,7.6,0.21,0.7,,,,,,,,
2026-07-11T11:06:46Z,4.48,7.29,69.14,13.24,2.47,7.59,0.23,0.65,,,,,,,,
2026-07-11T11:08:19Z,4,7.31,69.11,13.297,2.39,7.58,0.23,0.6,,,,,,,,
2026-07-11T11:09:52Z,3.47,7.47,68.9,13.77,2.36,7.66,0.25,0.61,,,,,,,,
2026-07-11T11:11:25Z,2.98,7.56,68.75,13.917,2.33,7.7,0.24,0.69,,,,,,,,
2026-07-11T11:12:58Z,2.51,7.95,67.8,15.271,2.43,8.13,0.23,0.56,,,,,,,,
2026-07-11T11:14:31Z,2,8.03,67.51,15.562,2.52,8.33,0.26,0.58,,,,,,,,
2026-07-11T11:16:04Z,1.5,8.03,67.5,15.606,2.45,8.38,0.24,0.56,,,,,,,,
2026-07-11T11:17:37Z,0.98,8.02,67.52,15.609,2.3,8.38,0.27,0.57,,,,,,,,
2026-07-11T15:02:04Z,6.09,7.18,69.16,13.093,2.38,7.64,0.16,0.59,,,,,,,,
2026-07-11T15:03:38Z,5.45,7.17,69.2,13.139,2.65,7.59,0.2,0.71,,,,,,,,
2026-07-11T15:05:11Z,4.95,7.2,69.2,13.148,2.18,7.57,0.15,0.76,,,,,,,,
2026-07-11T15:06:44Z,4.43,7.19,69.19,13.162,2.27,7.56,0.19,0.62,,,,,,,,
2026-07-11T15:08:16Z,3.95,7.25,69.14,13.258,2.67,7.57,0.21,0.6,,,,,,,,
2026-07-11T15:09:49Z,3.45,7.44,68.98,13.643,2.87,7.64,0.16,0.71,,,,,,,,
2026-07-11T15:11:21Z,2.97,7.68,68.44,14.515,2.36,7.84,0.2,0.62,,,,,,,,
2026-07-11T15:12:54Z,2.47,7.87,67.54,15.094,2.5,8.15,0.25,0.53,,,,,,,,
2026-07-11T15:14:27Z,1.95,7.88,67.51,15.142,2.41,8.2,0.2,0.53,,,,,,,,
2026-07-11T15:16:00Z,1.47,7.94,67.5,15.17,2.32,8.22,0.21,0.54,,,,,,,,
2026-07-11T15:17:33Z,0.95,7.94,67.51,15.209,2.37,8.24,0.17,0.51,,,,,,,,
2026-07-11T19:01:59Z,6.07,7.19,69.21,13.086,2.72,7.58,0.18,0.61,,,,,,,,
2026-07-11T19:03:32Z,5.42,7.22,69.23,13.105,2.61,7.53,0.16,0.6,,,,,,,,
2026-07-11T19:05:04Z,4.88,7.3,69.22,13.162,2.37,7.54,0.17,0.58,,,,,,,,
2026-07-11T19:06:36Z,4.38,7.33,69.19,13.251,2.37,7.55,0.17,0.61,,,,,,,,
2026-07-11T19:08:08Z,3.92,7.39,69.16,13.343,2.32,7.56,0.2,0.56,,,,,,,,
2026-07-11T19:09:40Z,3.4,7.57,68.98,13.787,2.27,7.65,0.19,0.64,,,,,,,,
2026-07-11T19:11:12Z,2.87,7.76,68.4,14.489,2.28,7.86,0.18,0.6,,,,,,,,
2026-07-11T19:12:44Z,2.43,7.95,67.85,15.111,2.5,8.12,0.21,0.54,,,,,,,,
2026-07-11T19:14:16Z,1.92,8.07,67.58,15.438,2.28,8.32,0.18,0.5,,,,,,,,
2026-07-11T19:15:48Z,1.4,8.03,67.58,15.622,2.32,8.28,0.17,0.44,,,,,,,,
2026-07-11T19:17:20Z,0.91,8.05,67.6,16.127,2.37,8.3,0.19,0.42,,,,,,,,
2026-07-11T23:01:58Z,6.08,7.13,69.2,13.089,3.22,7.58,0.17,0.72,,,,,,,,
2026-07-11T23:03:31Z,5.41,7.35,69.2,13.153,2.64,7.59,0.19,0.7,,,,,,,,
2026-07-11T23:05:03Z,4.91,7.38,69.21,13.179,2.58,7.58,0.2,0.72,,,,,,,,
2026-07-11T23:06:35Z,4.39,7.46,69.23,13.264,2.53,7.6,0.21,0.62,,,,,,,,
2026-07-11T23:08:07Z,3.89,7.5,69.24,13.446,2.18,7.61,0.19,0.65,,,,,,,,
2026-07-11T23:09:39Z,3.38,7.54,69.15,13.597,2.19,7.63,0.23,0.6,,,,,,,,
2026-07-11T23:11:11Z,2.9,7.89,68.66,14.306,2.35,7.9,0.21,0.73,,,,,,,,
2026-07-11T23:12:43Z,2.42,8.15,67.79,15.136,2.35,8.33,0.18,0.57,,,,,,,,
2026-07-11T23:14:15Z,1.92,8.2,67.75,15.621,2.48,8.41,0.2,0.52,,,,,,,,
2026-07-11T23:15:47Z,1.42,8.16,67.7,16.035,2.39,8.36,0.19,0.51,,,,,,,,
2026-07-11T23:17:19Z,0.9,8.12,67.74,16.641,2.33,8.32,0.16,0.46,,,,,,,,
2026-07-12T03:02:00Z,6.04,7.64,69.06,13.419,2.62,7.78,0.2,0.74,,,,,,,,
2026-07-12T03:03:33Z,5.42,7.6,69.14,13.327,2.5,7.74,0.17,0.72,,,,,,,,
2026-07-12T03:05:05Z,4.92,7.65,69.12,13.421,2.54,7.75,0.2,0.71,,,,,,,,
2026-07-12T03:06:37Z,4.41,7.64,69.09,13.476,2.47,7.74,0.2,0.78,,,,,,,,
2026-07-12T03:08:09Z,3.92,7.69,69.05,13.576,2.35,7.77,0.19,0.66,,,,,,,,
2026-07-12T03:09:41Z,3.43,7.74,68.95,13.68,2.49,7.82,0.22,0.69,,,,,,,,
2026-07-12T03:11:13Z,2.93,7.98,68.48,14.549,2.47,8.04,0.22,0.69,,,,,,,,
2026-07-12T03:12:45Z,2.44,8.06,68.38,14.967,2.48,8.14,0.21,0.63,,,,,,,,
2026-07-12T03:14:17Z,1.92,8.03,68.3,15.153,2.36,8.14,0.22,0.64,,,,,,,,
2026-07-12T03:15:49Z,1.43,8.07,68.04,15.897,2.4,8.24,0.2,0.6,,,,,,,,
2026-07-12T03:17:21Z,0.91,8.14,67.88,16.195,2.3,8.36,0.25,0.58,,,,,,,,
2026-07-12T07:02:02Z,6.02,7.41,69.25,13.003,2.5,7.72,0.2,0.77,,,,,,,,
2026-07-12T07:03:35Z,5.46,7.42,69.32,13.01,2.51,7.67,0.21,0.78,,,,,,,,
2026-07-12T07:05:08Z,4.97,7.46,69.34,13.078,2.5,7.66,0.19,0.9,,,,,,,,
2026-07-12T07:06:41Z,4.46,7.45,69.32,13.149,2.61,7.66,0.2,0.81,,,,,,,,
2026-07-12T07:08:14Z,3.97,7.52,69.28,13.293,2.35,7.68,0.18,0.71,,,,,,,,
2026-07-12T07:09:47Z,3.46,8.01,68.59,14.867,2.37,8.04,0.23,0.67,,,,,,,,
2026-07-12T07:11:20Z,2.95,7.95,68.25,15.645,2.53,8.07,0.2,0.6,,,,,,,,
2026-07-12T07:12:53Z,2.48,7.91,68.11,15.824,2.25,8.09,0.2,0.58,,,,,,,,
2026-07-12T07:14:26Z,1.98,7.97,68.03,15.95,2.53,8.12,0.22,0.59,,,,,,,,
2026-07-12T07:15:59Z,1.48,7.98,67.95,16.078,2.39,8.17,0.22,0.59,,,,,,,,
2026-07-12T07:17:32Z,0.98,7.99,67.9,16.178,2.39,8.23,0.22,0.58,,,,,,,,
2026-07-12T11:02:06Z,6.09,7.35,69.03,13.235,2.47,7.7,0.25,0.84,,,,,,,,
2026-07-12T11:03:40Z,5.49,7.33,69.29,13.04,2.69,7.64,0.23,0.89,,,,,,,,
2026-07-12T11:05:13Z,4.99,7.35,69.35,13.003,2.51,7.63,0.34,0.9,,,,,,,,
2026-07-12T11:06:46Z,4.48,7.42,69.28,13.271,2.29,7.64,0.22,0.85,,,,,,,,
2026-07-12T11:08:19Z,3.99,7.87,69.16,13.522,2.22,7.81,0.21,0.75,,,,,,,,
2026-07-12T11:09:52Z,3.48,7.95,68.91,14.442,2.37,8.01,0.2,0.64,,,,,,,,
2026-07-12T11:11:25Z,3,7.96,68.19,15.604,2.4,8.1,0.16,0.68,,,,,,,,
2026-07-12T11:12:58Z,2.49,7.89,67.93,15.834,2.75,8.13,0.24,0.58,,,,,,,,
2026-07-12T11:14:31Z,1.97,7.91,67.89,15.868,2.42,8.13,0.24,0.59,,,,,,,,
2026-07-12T11:16:04Z,1.51,7.91,67.89,15.871,2.53,8.13,0.22,0.53,,,,,,,,
2026-07-12T11:17:37Z,0.98,7.92,67.89,15.86,2.33,8.14,0.25,0.48,,,,,,,,
2026-07-12T15:02:02Z,6.04,7.25,69.15,13.157,2.45,7.68,0.18,0.77,,,,,,,,
2026-07-12T15:03:35Z,5.45,7.25,69.38,13.009,2.3,7.62,0.21,0.65,,,,,,,,
2026-07-12T15:05:08Z,4.93,7.3,69.37,13.113,2.21,7.62,0.17,0.93,,,,,,,,
2026-07-12T15:06:41Z,4.46,7.55,69.24,13.368,2.38,7.69,0.23,0.64,,,,,,,,
2026-07-12T15:08:14Z,3.95,7.52,69.32,13.722,2.45,7.68,0.19,0.64,,,,,,,,
2026-07-12T15:09:46Z,3.47,7.58,69.42,14.202,2.42,7.71,0.15,0.68,,,,,,,,
2026-07-12T15:11:19Z,2.94,7.76,69.02,14.9,2.57,7.83,0.18,0.57,,,,,,,,
2026-07-12T15:12:52Z,2.47,7.89,68.07,15.507,2.32,8.08,0.25,0.55,,,,,,,,
2026-07-12T15:14:25Z,1.96,7.92,67.89,15.642,2.34,8.14,0.19,0.56,,,,,,,,
2026-07-12T15:15:58Z,1.46,7.91,67.87,15.662,2.44,8.16,0.22,0.48,,,,,,,,
2026-07-12T15:17:31Z,0.96,7.93,67.88,15.671,2.44,8.16,0.19,0.5,,,,,,,,
2026-07-12T19:01:59Z,6.09,7.18,69.44,12.933,2.72,7.58,0.15,0.69,,,,,,,,
2026-07-12T19:03:32Z,5.43,7.38,69.38,13.03,2.49,7.58,0.19,0.69,,,,,,,,
2026-07-12T19:05:04Z,4.89,7.48,69.33,13.157,2.4,7.58,0.2,0.63,,,,,,,,
2026-07-12T19:06:36Z,4.4,7.72,69.19,13.428,2.37,7.62,0.18,0.58,,,,,,,,
2026-07-12T19:08:08Z,3.89,7.53,69.46,13.828,2.31,7.56,0.21,0.68,,,,,,,,
2026-07-12T19:09:40Z,3.41,7.61,69.46,14.266,2.2,7.62,0.19,0.57,,,,,,,,
2026-07-12T19:11:12Z,2.87,7.76,69.24,14.934,2.16,7.77,0.15,0.59,,,,,,,,
2026-07-12T19:12:44Z,2.39,8.06,67.96,15.634,2.4,8.19,0.21,0.56,,,,,,,,
2026-07-12T19:14:16Z,1.89,8.08,67.93,15.954,2.63,8.23,0.19,0.49,,,,,,,,
2026-07-12T19:15:48Z,1.39,8.09,67.94,16.064,2.33,8.26,0.17,0.49,,,,,,,,
2026-07-12T19:17:20Z,0.91,8.09,68.08,16.465,2.4,8.24,0.15,0.46,,,,,,,,
2026-07-12T23:02:01Z,6.1,7.22,69.43,13.015,2.84,7.62,0.2,0.71,,,,,,,,
2026-07-12T23:03:34Z,5.4,7.38,69.43,13.141,2.8,7.61,0.22,0.69,,,,,,,,
2026-07-12T23:05:06Z,4.9,7.44,69.47,13.286,2.42,7.59,0.19,0.72,,,,,,,,
2026-07-12T23:06:38Z,4.41,7.55,69.46,13.616,2.43,7.67,0.23,0.69,,,,,,,,
2026-07-12T23:08:10Z,3.88,7.58,69.57,13.924,2.46,7.67,0.2,0.64,,,,,,,,
2026-07-12T23:09:42Z,3.42,7.73,69.36,14.595,2.23,7.77,0.19,0.66,,,,,,,,
2026-07-12T23:11:14Z,2.91,7.99,68.54,15.538,2.47,8.08,0.2,0.57,,,,,,,,
2026-07-12T23:12:46Z,2.4,8.03,68.5,15.83,2.39,8.14,0.15,0.52,,,,,,,,
2026-07-12T23:14:18Z,1.91,8.14,68.27,16.147,2.5,8.24,0.2,0.48,,,,,,,,
2026-07-12T23:15:50Z,1.43,8.09,68.45,17.764,2.49,8.28,0.16,0.41,,,,,,,,
2026-07-12T23:17:22Z,0.92,8.04,68.34,17.969,2.47,8.33,0.14,0.39,,,,,,,,
2026-07-13T03:01:59Z,6.05,7.34,69.61,13.27,2.68,7.69,0.19,0.75,,,,,,,,
2026-07-13T03:03:32Z,5.4,7.34,69.66,13.299,2.6,7.66,0.17,0.78,,,,,,,,
2026-07-13T03:05:04Z,4.92,7.42,69.6,13.413,2.56,7.67,0.21,0.72,,,,,,,,
2026-07-13T03:06:36Z,4.43,7.53,69.54,13.437,2.43,7.72,0.21,0.7,,,,,,,,
2026-07-13T03:08:08Z,3.92,7.62,69.53,13.659,2.21,7.74,0.2,0.77,,,,,,,,
2026-07-13T03:09:40Z,3.4,7.9,69.29,14.491,2.37,7.94,0.22,0.65,,,,,,,,
2026-07-13T03:11:12Z,2.92,7.91,69.2,14.812,2.35,7.94,0.2,0.77,,,,,,,,
2026-07-13T03:12:44Z,2.45,8.16,68.73,15.54,2.51,8.2,0.2,0.65,,,,,,,,
2026-07-13T03:14:17Z,1.91,8.19,68.35,16.798,2.58,8.29,0.21,0.54,,,,,,,,
2026-07-13T03:15:49Z,1.44,8.16,68.27,17.16,2.43,8.33,0.21,0.49,,,,,,,,
2026-07-13T03:17:21Z,0.92,8.17,68.28,17.187,2.43,8.34,0.17,0.54,,,,,,,,
2026-07-13T07:02:04Z,6.04,7.51,69.41,13.413,2.74,7.81,0.18,0.84,,,,,,,,
2026-07-13T07:03:37Z,5.47,7.62,69.56,13.405,2.46,7.78,0.23,0.76,,,,,,,,
2026-07-13T07:05:10Z,4.97,7.61,69.57,13.418,2.65,7.77,0.24,0.74,,,,,,,,
2026-07-13T07:06:43Z,4.44,7.61,69.59,13.511,2.38,7.76,0.21,0.71,,,,,,,,
2026-07-13T07:08:16Z,3.96,8.07,69.22,14.59,2.41,8.04,0.21,0.66,,,,,,,,
2026-07-13T07:09:49Z,3.44,8.06,68.85,15.34,2.31,8.12,0.23,0.67,,,,,,,,
2026-07-13T07:11:22Z,2.96,8.14,68.66,15.715,2.44,8.24,0.24,0.6,,,,,,,,
2026-07-13T07:12:55Z,2.46,8.29,68.37,16.328,2.58,8.4,0.28,0.65,,,,,,,,
2026-07-13T07:14:28Z,1.96,8.17,68.4,16.959,2.38,8.42,0.24,0.5,,,,,,,,
2026-07-13T07:16:01Z,1.47,8.14,68.25,16.988,2.48,8.4,0.22,0.5,,,,,,,,
2026-07-13T07:17:34Z,0.94,8.12,68.21,16.999,2.37,8.38,0.23,0.53,,,,,,,,
2026-07-13T11:02:03Z,6,7.4,69.61,13.354,2.43,7.74,0.23,0.84,,,,,,,,
2026-07-13T11:03:36Z,5.48,7.37,69.66,13.349,2.31,7.67,0.21,0.76,,,,,,,,
2026-07-13T11:05:09Z,4.97,7.37,69.68,13.341,2.56,7.65,0.19,0.74,,,,,,,,
2026-07-13T11:06:42Z,4.47,7.42,69.66,13.363,2.38,7.63,0.21,0.7,,,,,,,,
2026-07-13T11:08:15Z,3.99,8.27,69.36,14.024,2.39,8.03,0.2,0.66,,,,,,,,
2026-07-13T11:09:48Z,3.48,8.38,69.2,14.171,2.45,8.17,0.2,0.66,,,,,,,,
2026-07-13T11:11:21Z,3,8.16,68.66,16.213,2.69,8.17,0.25,0.54,,,,,,,,
2026-07-13T11:12:54Z,2.48,8.21,68.37,16.527,2.22,8.36,0.21,0.63,,,,,,,,
2026-07-13T11:14:27Z,1.97,8.09,68.25,16.71,2.46,8.28,0.19,0.48,,,,,,,,
2026-07-13T11:16:00Z,1.5,8.08,68.22,16.713,2.06,8.28,0.21,0.58,,,,,,,,
2026-07-13T11:17:33Z,0.98,8.06,68.21,16.707,2.62,8.26,0.2,0.5,,,,,,,,
2026-07-13T15:02:04Z,6.09,7.31,69.44,13.516,2.71,7.71,0.2,0.7,,,,,,,,
2026-07-13T15:03:37Z,5.47,7.31,69.67,13.416,2.47,7.65,0.18,0.61,,,,,,,,
2026-07-13T15:05:10Z,4.95,7.29,69.71,13.395,2.77,7.63,0.24,0.58,,,,,,,,
2026-07-13T15:06:43Z,4.45,7.3,69.72,13.413,2.45,7.61,0.19,0.54,,,,,,,,
2026-07-13T15:08:16Z,3.95,7.38,69.77,13.569,2.29,7.62,0.18,0.6,,,,,,,,
2026-07-13T15:09:49Z,3.45,7.57,69.67,14.321,2.28,7.71,0.18,0.52,,,,,,,,
2026-07-13T15:11:22Z,2.96,8,69.23,15.53,2.33,8.03,0.2,0.53,,,,,,,,
2026-07-13T15:12:55Z,2.44,8.1,68.41,16.361,1.91,8.37,0.24,0.51,,,,,,,,
2026-07-13T15:14:28Z,1.95,8.07,68.51,16.545,2.52,8.42,0.15,0.44,,,,,,,,
2026-07-13T15:16:01Z,1.46,8.1,68.5,16.559,2.24,8.43,0.21,0.44,,,,,,,,
2026-07-13T15:17:34Z,0.93,8.09,68.51,16.571,2.67,8.43,0.19,0.49,,,,,,,,
2026-07-13T19:01:59Z,6.06,7.04,69.79,13.242,3,7.63,0.17,0.68,,,,,,,,
2026-07-13T19:03:32Z,5.38,7.18,69.76,13.261,2.75,7.59,0.14,0.57,,,,,,,,
2026-07-13T19:05:04Z,4.88,7.26,69.74,13.311,2.48,7.45,0.17,0.59,,,,,,,,
2026-07-13T19:06:36Z,4.4,7.33,69.75,13.43,2.57,7.38,0.16,0.53,,,,,,,,
2026-07-13T19:08:08Z,3.92,7.53,69.64,13.742,2.42,7.44,0.18,0.5,,,,,,,,
2026-07-13T19:09:40Z,3.42,7.56,69.71,13.926,2.49,7.47,0.18,0.53,,,,,,,,
2026-07-13T19:11:12Z,2.9,7.97,69.52,14.7,2.29,7.78,0.19,0.56,,,,,,,,
2026-07-13T19:12:44Z,2.38,8.11,68.93,16.048,2.33,8.05,0.19,0.49,,,,,,,,
2026-07-13T19:14:16Z,1.88,8.25,68.56,16.845,2.59,8.39,0.15,0.41,,,,,,,,
2026-07-13T19:15:48Z,1.39,8.36,68.93,17.325,2.8,8.56,0.22,0.45,,,,,,,,
2026-07-13T19:17:20Z,0.88,8.25,69.06,18.16,2.37,8.53,0.18,0.44,,,,,,,,
2026-07-13T23:01:59Z,6.06,7.29,69.68,13.35,2.82,7.68,0.18,0.62,,,,,,,,
2026-07-13T23:03:32Z,5.38,7.32,69.72,13.349,2.91,7.66,0.16,0.6,,,,,,,,
2026-07-13T23:05:04Z,4.89,7.35,69.73,13.371,2.49,7.65,0.16,0.56,,,,,,,,
2026-07-13T23:06:36Z,4.4,7.39,69.74,13.463,2.52,7.64,0.16,0.58,,,,,,,,
2026-07-13T23:08:08Z,3.92,7.44,69.71,13.571,2.45,7.64,0.21,0.54,,,,,,,,
2026-07-13T23:09:40Z,3.39,7.57,69.77,13.946,2.34,7.67,0.19,0.54,,,,,,,,
2026-07-13T23:11:12Z,2.89,7.62,69.72,14.082,2.12,7.7,0.18,0.54,,,,,,,,
2026-07-13T23:12:44Z,2.4,7.67,69.81,14.685,2.29,7.78,0.2,0.56,,,,,,,,
2026-07-13T23:14:16Z,1.92,7.87,69.72,15.051,2.5,7.9,0.18,0.58,,,,,,,,
2026-07-13T23:15:48Z,1.39,8.29,69.04,16.194,2.32,8.36,0.21,0.5,,,,,,,,
2026-07-13T23:17:20Z,0.92,8.33,68.97,18.217,2.59,8.66,0.19,0.43,,,,,,,,
2026-07-14T03:02:00Z,6.02,7.35,69.72,13.661,2.48,7.73,0.16,0.76,,,,,,,,
2026-07-14T03:03:33Z,5.45,7.42,69.79,13.683,2.36,7.69,0.19,0.79,,,,,,,,
2026-07-14T03:05:06Z,4.93,7.51,69.79,13.769,2.3,7.71,0.22,0.74,,,,,,,,
2026-07-14T03:06:38Z,4.44,7.71,69.75,14.027,2.35,7.78,0.22,0.76,,,,,,,,
2026-07-14T03:08:11Z,3.92,8.05,69.58,14.353,2.41,7.99,0.18,0.63,,,,,,,,
2026-07-14T03:09:43Z,3.42,8.22,69.44,14.918,2.54,8.19,0.21,0.64,,,,,,,,
2026-07-14T03:11:15Z,2.91,8.57,69.12,16.034,2.36,8.62,0.19,0.74,,,,,,,,
2026-07-14T03:12:47Z,2.43,8.48,69.02,17.175,2.17,8.68,0.18,0.63,,,,,,,,
2026-07-14T03:14:19Z,1.94,8.4,68.87,17.387,2.62,8.64,0.18,0.58,,,,,,,,
2026-07-14T03:15:52Z,1.42,8.32,68.78,17.494,2.6,8.61,0.23,0.55,,,,,,,,
2026-07-14T03:17:24Z,0.92,8.29,68.93,17.649,2.44,8.65,0.2,0.56,,,,,,,,
2026-07-14T07:02:05Z,6.08,7.27,69.8,13.536,2.52,7.72,0.18,0.72,,,,,,,,
2026-07-14T07:03:39Z,5.47,7.25,69.87,13.512,2.62,7.65,0.2,0.74,,,,,,,,
2026-07-14T07:05:12Z,4.95,7.38,69.81,13.587,2.65,7.66,0.16,0.71,,,,,,,,
2026-07-14T07:06:45Z,4.44,7.52,69.76,13.791,2.48,7.69,0.19,0.68,,,,,,,,
2026-07-14T07:08:18Z,3.96,8.07,69.6,14.268,2.32,7.96,0.21,0.66,,,,,,,,
2026-07-14T07:09:51Z,3.46,8.31,69.37,14.733,2.33,8.21,0.19,0.64,,,,,,,,
2026-07-14T07:11:24Z,2.94,8.02,69.33,15.854,2.54,8.1,0.22,0.59,,,,,,,,
2026-07-14T07:12:57Z,2.46,8.31,69.08,16.602,2.33,8.42,0.23,0.58,,,,,,,,
2026-07-14T07:14:30Z,1.97,8.18,68.99,17.395,2.63,8.47,0.21,0.49,,,,,,,,
2026-07-14T07:16:03Z,1.46,8.15,68.84,17.585,2.64,8.52,0.26,0.52,,,,,,,,
2026-07-14T07:17:36Z,0.95,8.15,68.81,17.594,2.82,8.52,0.24,0.49,,,,,,,,
2026-07-14T11:02:06Z,6.09,7.3,69.58,13.854,2.63,7.73,0.22,0.79,,,,,,,,
2026-07-14T11:03:40Z,5.48,7.26,69.82,13.647,2.37,7.66,0.25,0.78,,,,,,,,
2026-07-14T11:05:13Z,4.98,7.37,69.81,13.684,2.5,7.67,0.18,0.74,,,,,,,,
2026-07-14T11:06:46Z,4.48,7.57,69.79,13.745,2.29,7.71,0.2,0.7,,,,,,,,
2026-07-14T11:08:19Z,3.98,7.96,69.66,14.159,2.43,7.92,0.19,0.69,,,,,,,,
2026-07-14T11:09:52Z,3.46,7.72,69.85,14.789,2.39,7.8,0.21,0.56,,,,,,,,
2026-07-14T11:11:25Z,2.99,8.11,69.52,15.667,2.51,8.12,0.22,0.55,,,,,,,,
2026-07-14T11:12:58Z,2.48,8.04,68.86,17.202,2.71,8.4,0.28,0.56,,,,,,,,
2026-07-14T11:14:31Z,1.98,8.04,68.74,17.304,2.72,8.42,0.3,0.51,,,,,,,,
2026-07-14T11:16:04Z,1.47,8.04,68.74,17.325,2.45,8.42,0.24,0.53,,,,,,,,
2026-07-14T11:17:37Z,0.98,8.05,68.72,17.335,2.12,8.42,0.29,0.5,,,,,,,,
2026-07-14T15:02:01Z,6.02,7.23,69.51,13.859,2.56,7.72,0.1,0.56,,,,,,,,
2026-07-14T15:03:34Z,5.46,7.14,69.79,13.6,2.7,7.64,0.16,0.74,,,,,,,,
2026-07-14T15:05:07Z,4.95,7.24,69.84,13.634,2.47,7.63,0.19,0.71,,,,,,,,
2026-07-14T15:06:40Z,4.43,7.38,69.84,13.89,2.43,7.65,0.18,0.61,,,,,,,,
2026-07-14T15:08:13Z,3.95,7.62,69.68,14.114,2.66,7.72,0.16,0.58,,,,,,,,
2026-07-14T15:09:45Z,3.47,7.58,69.81,14.287,2.15,7.71,0.18,0.58,,,,,,,,
2026-07-14T15:11:18Z,2.97,7.64,69.79,14.727,2.33,7.75,0.16,0.59,,,,,,,,
2026-07-14T15:12:51Z,2.47,8.1,69.72,16.07,2.25,8.24,0.23,0.68,,,,,,,,
2026-07-14T15:14:24Z,1.96,8.12,68.91,17.105,2.53,8.53,0.28,0.53,,,,,,,,
2026-07-14T15:15:57Z,1.44,8.14,68.83,17.163,2.67,8.59,0.23,0.55,,,,,,,,
2026-07-14T15:17:29Z,0.96,8.16,68.78,17.207,2.59,8.59,0.24,0.53,,,,,,,,
2026-07-14T19:01:59Z,6.06,7.05,69.91,13.517,2.62,7.66,0.14,0.65,,,,,,,,
2026-07-14T19:03:32Z,5.38,7.17,69.89,13.532,2.5,7.63,0.17,0.57,,,,,,,,
2026-07-14T19:05:04Z,4.9,7.21,69.91,13.563,2.59,7.61,0.19,0.61,,,,,,,,
2026-07-14T19:06:36Z,4.38,7.42,69.79,13.875,2.43,7.65,0.15,0.57,,,,,,,,
2026-07-14T19:08:08Z,3.93,7.33,69.86,14.058,2.4,7.63,0.18,0.59,,,,,,,,
2026-07-14T19:09:40Z,3.41,7.43,69.83,14.354,2.3,7.67,0.2,0.56,,,,,,,,
2026-07-14T19:11:12Z,2.9,7.62,69.82,15.154,2.32,7.84,0.19,0.5,,,,,,,,
2026-07-14T19:12:44Z,2.4,8.31,69.62,16.468,2.38,8.45,0.19,0.53,,,,,,,,
2026-07-14T19:14:16Z,1.89,8.25,68.81,17.374,2.34,8.63,0.18,0.45,,,,,,,,
2026-07-14T19:15:48Z,1.37,8.3,68.74,17.535,2.56,8.68,0.18,0.44,,,,,,,,
2026-07-14T19:17:20Z,0.88,8.27,68.75,17.708,2.51,8.65,0.17,0.44,,,,,,,,
2026-07-14T23:01:59Z,6.06,7.2,69.85,13.929,2.63,7.71,0.16,0.65,,,,,,,,
2026-07-14T23:03:32Z,5.44,7.29,69.93,14.064,2.39,7.68,0.18,0.67,,,,,,,,
2026-07-14T23:05:04Z,4.94,7.3,69.92,14.096,2.49,7.67,0.17,0.62,,,,,,,,
2026-07-14T23:06:37Z,4.38,7.31,69.91,14.12,2.54,7.66,0.22,0.56,,,,,,,,
2026-07-14T23:08:09Z,3.93,7.34,69.92,14.205,2.43,7.68,0.22,0.63,,,,,,,,
2026-07-14T23:09:41Z,3.41,7.9,69.71,15.23,2.43,8.04,0.2,0.55,,,,,,,,
2026-07-14T23:11:13Z,2.91,8.17,69.3,16.43,2.62,8.46,0.2,0.54,,,,,,,,
2026-07-14T23:12:45Z,2.4,8.36,68.97,17.007,2.39,8.63,0.2,0.49,,,,,,,,
2026-07-14T23:14:17Z,1.92,8.33,68.91,17.76,2.45,8.67,0.22,0.49,,,,,,,,
2026-07-14T23:15:49Z,1.4,8.22,68.96,18.31,2.43,8.65,0.19,0.51,,,,,,,,
2026-07-14T23:17:21Z,0.9,8.18,69.03,18.592,2.62,8.66,0.18,0.47,,,,,,,,
2026-07-15T03:01:59Z,6.02,7.05,69.92,13.782,2.69,7.68,0.15,0.71,,,,,,,,
2026-07-15T03:03:32Z,5.43,7.1,69.98,13.822,2.58,7.63,0.16,0.74,,,,,,,,
2026-07-15T03:05:04Z,4.91,7.19,69.96,13.911,2.4,7.62,0.24,0.78,,,,,,,,
2026-07-15T03:06:36Z,4.39,7.27,69.93,14.03,2.49,7.63,0.2,0.69,,,,,,,,
2026-07-15T03:08:08Z,3.93,7.38,69.91,14.1,2.4,7.67,0.21,0.62,,,,,,,,
2026-07-15T03:09:40Z,3.41,7.58,69.87,14.204,2.26,7.76,0.18,0.68,,,,,,,,
2026-07-15T03:11:12Z,2.93,7.93,69.74,14.709,2.4,7.98,0.19,0.68,,,,,,,,
2026-07-15T03:12:44Z,2.42,7.93,69.43,15.992,2.4,8.16,0.23,0.55,,,,,,,,
2026-07-15T03:14:16Z,1.94,8.25,69.17,17.139,2.43,8.57,0.22,0.64,,,,,,,,
2026-07-15T03:15:49Z,1.42,8.33,68.9,17.975,2.63,8.69,0.25,0.51,,,,,,,,
2026-07-15T03:17:21Z,0.9,8.34,68.89,18.056,2.49,8.69,0.22,0.52,,,,,,,,
2026-07-15T07:02:02Z,6.03,7.21,69.78,14.055,2.52,7.72,0.17,0.81,,,,,,,,
2026-07-15T07:03:35Z,5.46,7.28,69.94,14.025,2.43,7.69,0.19,0.76,,,,,,,,
2026-07-15T07:05:08Z,4.98,7.35,69.91,14.099,2.42,7.7,0.22,0.71,,,,,,,,
2026-07-15T07:06:41Z,4.46,7.37,69.9,14.148,2.35,7.7,0.23,0.67,,,,,,,,
2026-07-15T07:08:14Z,3.96,7.45,69.91,14.285,2.44,7.72,0.19,0.61,,,,,,,,
2026-07-15T07:09:47Z,3.47,7.52,69.83,14.509,2.25,7.75,0.21,0.64,,,,,,,,
2026-07-15T07:11:20Z,2.97,8.27,69.65,16.55,2.84,8.45,0.24,0.56,,,,,,,,
2026-07-15T07:12:53Z,2.49,8.2,69,17.488,2.36,8.62,0.26,0.52,,,,,,,,
2026-07-15T07:14:26Z,1.97,8.18,68.85,17.618,2.46,8.63,0.25,0.52,,,,,,,,
2026-07-15T07:15:59Z,1.46,8.19,68.83,17.638,2.55,8.64,0.24,0.52,,,,,,,,
2026-07-15T07:17:32Z,0.96,8.21,68.84,17.666,2.61,8.65,0.3,0.52,,,,,,,,
2026-07-15T11:02:03Z,5.99,7.28,69.79,14.136,2.55,7.75,0.17,0.65,,,,,,,,
2026-07-15T11:03:36Z,5.46,7.27,69.89,14.082,2.59,7.69,0.23,0.72,,,,,,,,
2026-07-15T11:05:09Z,4.97,7.27,69.91,14.097,2.54,7.66,0.21,0.67,,,,,,,,
2026-07-15T11:06:42Z,4.48,7.3,69.92,14.117,2.37,7.65,0.24,0.64,,,,,,,,
2026-07-15T11:08:15Z,3.98,7.36,69.88,14.364,2.58,7.67,0.22,0.63,,,,,,,,
2026-07-15T11:09:48Z,3.48,7.56,69.79,14.594,2.43,7.76,0.27,0.66,,,,,,,,
2026-07-15T11:11:21Z,3.01,7.73,69.68,15.469,2.4,7.95,0.25,0.64,,,,,,,,
2026-07-15T11:12:54Z,2.5,7.89,69.56,16.366,2.34,8.19,0.25,0.5,,,,,,,,
2026-07-15T11:14:27Z,1.98,8.14,69.07,17.388,2.63,8.61,0.29,0.62,,,,,,,,
2026-07-15T11:16:00Z,1.48,8.14,68.95,17.487,2.49,8.64,0.25,0.52,,,,,,,,
2026-07-15T11:17:33Z,0.98,8.1,68.93,17.516,2.47,8.64,0.28,0.58,,,,,,,,
2026-07-15T15:02:01Z,6.03,7.14,69.74,14.053,2.55,7.72,0.13,0.6,,,,,,,,
2026-07-15T15:03:34Z,5.45,7.12,69.89,13.984,2.6,7.65,0.16,0.57,,,,,,,,
2026-07-15T15:05:07Z,4.96,7.12,69.92,13.97,2.68,7.62,0.2,0.6,,,,,,,,
2026-07-15T15:06:40Z,4.43,7.15,69.93,13.979,2.48,7.59,0.19,0.62,,,,,,,,
2026-07-15T15:08:12Z,3.95,7.23,69.88,14.093,2.46,7.59,0.2,0.55,,,,,,,,
2026-07-15T15:09:45Z,3.44,7.26,69.86,14.197,2.55,7.61,0.2,0.66,,,,,,,,
2026-07-15T15:11:17Z,2.99,7.39,69.74,14.54,2.42,7.69,0.19,0.62,,,,,,,,
2026-07-15T15:12:50Z,2.45,8.04,69.49,16.163,2.43,8.26,0.26,0.55,,,,,,,,
2026-07-15T15:14:23Z,1.93,8.08,68.86,17.236,2.48,8.64,0.27,0.54,,,,,,,,
2026-07-15T15:15:56Z,1.43,8.1,68.81,17.298,2.49,8.66,0.25,0.53,,,,,,,,
2026-07-15T15:17:28Z,0.95,8.1,68.84,17.334,2.91,8.68,0.2,0.51,,,,,,,,
2026-07-15T19:01:59Z,6.06,6.87,69.78,14.097,3.1,7.7,0.15,0.61,,,,,,,,
2026-07-15T19:03:32Z,5.43,7.03,69.97,13.922,2.62,7.63,0.19,0.53,,,,,,,,
2026-07-15T19:05:04Z,4.89,7.07,69.95,13.928,2.59,7.61,0.19,0.6,,,,,,,,
2026-07-15T19:06:36Z,4.39,7.18,69.93,14.024,2.28,7.62,0.23,0.56,,,,,,,,
2026-07-15T19:08:08Z,3.91,7.3,69.92,14.159,2.45,7.64,0.17,0.56,,,,,,,,
2026-07-15T19:09:40Z,3.4,7.35,69.86,14.324,2.39,7.67,0.19,0.55,,,,,,,,
2026-07-15T19:11:12Z,2.93,7.47,69.91,14.596,2.58,7.73,0.2,0.54,,,,,,,,
2026-07-15T19:12:44Z,2.42,8.05,69.75,15.854,2.41,8.27,0.2,0.54,,,,,,,,
2026-07-15T19:14:16Z,1.92,8.39,69.34,17.622,2.73,8.83,0.15,0.44,,,,,,,,
2026-07-15T19:15:48Z,1.38,8.23,69.18,18.101,2.47,8.79,0.17,0.42,,,,,,,,
2026-07-15T19:17:20Z,0.86,8.2,69.21,18.436,2.38,8.79,0.23,0.43,,,,,,,,
2026-07-15T23:01:59Z,6.06,7.22,69.88,13.948,2.94,7.65,0.17,0.61,,,,,,,,
2026-07-15T23:03:32Z,5.39,7.2,69.92,13.956,2.73,7.6,0.22,0.56,,,,,,,,
2026-07-15T23:05:04Z,4.92,7.21,69.95,13.955,2.73,7.58,0.22,0.6,,,,,,,,
2026-07-15T23:06:36Z,4.42,7.24,69.92,14.011,2.58,7.56,0.15,0.57,,,,,,,,
2026-07-15T23:08:08Z,3.91,7.31,69.95,14.077,2.6,7.56,0.2,0.58,,,,,,,,
2026-07-15T23:09:40Z,3.41,7.39,69.85,14.161,2.53,7.61,0.2,0.57,,,,,,,,
2026-07-15T23:11:12Z,2.9,7.41,69.87,14.235,2.58,7.63,0.19,0.62,,,,,,,,
2026-07-15T23:12:44Z,2.4,7.46,69.88,14.25,2.45,7.66,0.22,0.56,,,,,,,,
2026-07-15T23:14:16Z,1.89,7.78,69.8,14.977,2.19,7.85,0.15,0.5,,,,,,,,
2026-07-15T23:15:48Z,1.37,7.93,69.6,16.15,2.41,8.24,0.2,0.45,,,,,,,,
2026-07-15T23:17:20Z,0.91,8.2,69.63,17.585,2.39,8.59,0.17,0.45,,,,,,,,
2026-07-16T03:02:00Z,6.03,7.22,69.79,14.106,2.65,7.78,0.18,0.89,,,,,,,,
2026-07-16T03:03:33Z,5.45,7.4,69.9,14.136,2.4,7.76,0.23,0.82,,,,,,,,
2026-07-16T03:05:06Z,4.93,7.36,69.93,14.129,2.66,7.72,0.2,0.73,,,,,,,,
2026-07-16T03:06:38Z,4.43,7.33,69.95,14.125,2.55,7.71,0.2,0.72,,,,,,,,
2026-07-16T03:08:10Z,3.93,7.44,69.94,14.177,2.64,7.73,0.22,0.7,,,,,,,,
2026-07-16T03:09:42Z,3.44,7.52,69.96,14.245,2.68,7.76,0.18,0.78,,,,,,,,
2026-07-16T03:11:15Z,2.95,8.24,69.88,14.614,2.44,8.18,0.22,0.67,,,,,,,,
2026-07-16T03:12:48Z,2.44,8.38,69.8,16.663,2.45,8.63,0.23,0.61,,,,,,,,
2026-07-16T03:14:21Z,1.95,8.25,69.67,18.13,2.3,8.72,0.26,0.48,,,,,,,,
2026-07-16T03:15:54Z,1.43,8.15,69.43,18.753,2.31,8.76,0.21,0.55,,,,,,,,
2026-07-16T03:17:26Z,0.95,8.14,69.41,18.775,2.51,8.76,0.23,0.51,,,,,,,,
2026-07-16T07:02:05Z,6.08,7.16,70.01,13.98,2.61,7.71,0.19,0.69,,,,,,,,
2026-07-16T07:03:39Z,5.47,7.17,70.02,13.954,2.6,7.66,0.17,0.76,,,,,,,,
2026-07-16T07:05:12Z,4.95,7.27,70.02,14,2.58,7.66,0.2,0.76,,,,,,,,
2026-07-16T07:06:45Z,4.44,7.36,70,14.03,2.56,7.67,0.21,0.72,,,,,,,,
2026-07-16T07:08:18Z,3.96,7.67,69.91,14.201,2.67,7.78,0.22,0.65,,,,,,,,
2026-07-16T07:09:51Z,3.47,7.97,69.86,14.264,2.63,7.96,0.19,0.57,,,,,,,,
2026-07-16T07:11:24Z,2.96,7.95,69.91,14.54,2.34,8.01,0.21,0.7,,,,,,,,
2026-07-16T07:12:57Z,2.46,8.47,69.68,16.3,2.74,8.64,0.24,0.59,,,,,,,,
2026-07-16T07:14:30Z,1.97,8.34,69.54,16.875,2.49,8.64,0.25,0.55,,,,,,,,
2026-07-16T07:16:03Z,1.46,8.24,69.52,17.669,2.36,8.67,0.23,0.49,,,,,,,,
2026-07-16T07:17:36Z,0.96,8.2,69.43,18.162,2.46,8.74,0.24,0.47,,,,,,,,
2026-07-16T11:02:06Z,6.09,7.46,69.9,14.193,2.41,7.85,0.21,0.71,,,,,,,,
2026-07-16T11:03:40Z,5.47,7.47,70.03,14.087,2.66,7.79,0.25,0.66,,,,,,,,
2026-07-16T11:05:13Z,4.98,7.47,70.01,14.097,2.53,7.79,0.2,0.6,,,,,,,,
2026-07-16T11:06:46Z,4.48,7.48,70,14.118,2.56,7.75,0.25,0.61,,,,,,,,
2026-07-16T11:08:19Z,3.99,7.56,69.93,14.308,2.52,7.8,0.25,0.62,,,,,,,,
2026-07-16T11:09:52Z,3.46,7.59,69.98,14.676,2.28,7.8,0.23,0.57,,,,,,,,
2026-07-16T11:11:25Z,2.98,7.58,70.11,15.016,2.37,7.81,0.2,0.52,,,,,,,,
2026-07-16T11:12:58Z,2.48,8.01,69.64,16.258,2.44,8.32,0.24,0.49,,,,,,,,
2026-07-16T11:14:31Z,1.97,7.98,69.62,17.046,2.55,8.42,0.22,0.49,,,,,,,,
2026-07-16T11:16:04Z,1.45,8.09,69.26,17.752,2.45,8.71,0.27,0.49,,,,,,,,
2026-07-16T11:17:37Z,0.97,8.08,69.24,17.783,2.49,8.7,0.27,0.45,,,,,,,,
2026-07-16T15:02:04Z,6.08,7.17,70,14.045,2.6,7.76,0.14,0.58,,,,,,,,
2026-07-16T15:03:38Z,5.46,7.2,70.09,14.091,2.67,7.7,0.21,0.63,,,,,,,,
2026-07-16T15:05:11Z,4.94,7.21,70.11,14.083,2.52,7.69,0.17,0.48,,,,,,,,
2026-07-16T15:06:44Z,4.44,7.22,70.1,14.078,2.53,7.68,0.24,0.63,,,,,,,,
2026-07-16T15:08:17Z,3.95,7.25,70.11,14.127,2.2,7.68,0.21,0.56,,,,,,,,
2026-07-16T15:09:50Z,3.43,7.28,70.09,14.278,2.27,7.69,0.19,0.54,,,,,,,,
2026-07-16T15:11:22Z,2.98,7.64,70.01,14.65,2.43,7.86,0.21,0.57,,,,,,,,
2026-07-16T15:12:55Z,2.45,7.99,69.41,17.251,2.49,8.7,0.3,0.46,,,,,,,,
2026-07-16T15:14:28Z,1.96,7.98,69.26,17.384,2.27,8.72,0.25,0.45,,,,,,,,
2026-07-16T15:16:01Z,1.44,7.99,69.25,17.459,2.44,8.73,0.29,0.44,,,,,,,,
2026-07-16T15:17:33Z,0.94,7.97,69.24,17.529,2.4,8.72,0.22,0.48,,,,,,,,
2026-07-16T16:08:21Z,6.07,7.01,70.19,14.061,2.79,7.55,0.17,0.52,,,,,,,,
2026-07-16T16:09:55Z,5.41,7.05,70.22,14.073,2.91,7.49,0.23,0.6,,,,,,,,
2026-07-16T16:11:28Z,4.93,7.12,70.21,14.118,2.58,7.52,0.2,0.53,,,,,,,,
2026-07-16T16:13:01Z,4.41,7.15,70.22,14.158,2.54,7.54,0.21,0.55,,,,,,,,
2026-07-16T16:14:34Z,3.92,7.21,70.22,14.26,2.43,7.56,0.19,0.51,,,,,,,,
2026-07-16T16:16:07Z,3.4,7.29,70.15,14.352,2.61,7.6,0.19,0.51,,,,,,,,
2026-07-16T16:17:40Z,2.94,7.54,70.22,14.737,2.37,7.72,0.2,0.5,,,,,,,,
2026-07-16T16:19:13Z,2.41,8.02,69.84,17.087,2.56,8.61,0.22,0.43,,,,,,,,
2026-07-16T16:20:46Z,1.92,8,69.41,17.457,2.59,8.62,0.22,0.49,,,,,,,,
2026-07-16T16:22:19Z,1.41,7.98,69.4,17.535,2.76,8.63,0.24,0.49,,,,,,,,
2026-07-16T16:23:52Z,0.9,7.92,69.39,17.766,2.48,8.6,0.22,0.43,,,,,,,,
2026-07-16T19:02:01Z,6.17,7.03,70.03,14.176,3.11,7.56,0.18,0.51,,,,,,,,
2026-07-16T19:03:35Z,5.43,7.06,70.22,14.068,2.87,7.52,0.18,0.54,,,,,,,,
2026-07-16T19:05:07Z,4.9,7.12,70.23,14.107,2.6,7.55,0.24,0.62,,,,,,,,
2026-07-16T19:06:39Z,4.42,7.2,70.24,14.181,2.59,7.58,0.23,0.51,,,,,,,,
2026-07-16T19:08:11Z,3.89,7.27,70.22,14.264,2.53,7.61,0.17,0.52,,,,,,,,
2026-07-16T19:09:43Z,3.4,7.34,70.17,14.359,2.6,7.65,0.22,0.48,,,,,,,,
2026-07-16T19:11:15Z,2.91,7.46,70.18,14.49,2.63,7.69,0.21,0.52,,,,,,,,
2026-07-16T19:12:47Z,2.4,8.01,69.71,16.905,2.69,8.55,0.25,0.46,,,,,,,,
2026-07-16T19:14:19Z,1.92,8.16,69.51,17.775,2.5,8.78,0.2,0.43,,,,,,,,
2026-07-16T19:15:51Z,1.39,8.09,69.51,18.201,2.5,8.75,0.22,0.38,,,,,,,,
2026-07-16T19:17:23Z,0.9,8,69.61,18.875,2.65,8.68,0.22,0.44,,,,,,,,
2026-07-16T23:01:59Z,6.09,7.16,70.23,14.178,2.7,7.53,0.21,0.5,,,,,,,,
2026-07-16T23:03:32Z,5.44,7.17,70.25,14.186,2.75,7.53,0.19,0.49,,,,,,,,
2026-07-16T23:05:04Z,4.91,7.18,70.24,14.187,2.72,7.52,0.2,0.49,,,,,,,,
2026-07-16T23:06:36Z,4.43,7.26,70.21,14.284,2.51,7.56,0.18,0.5,,,,,,,,
2026-07-16T23:08:08Z,3.91,7.34,70.17,14.5,2.56,7.62,0.22,0.49,,,,,,,,
2026-07-16T23:09:40Z,3.42,7.44,70.18,14.711,2.48,7.69,0.16,0.48,,,,,,,,
2026-07-16T23:11:13Z,2.91,7.53,70.17,15.095,2.75,7.78,0.19,0.5,,,,,,,,
2026-07-16T23:12:45Z,2.42,7.57,70.11,15.292,2.65,7.86,0.21,0.5,,,,,,,,
2026-07-16T23:14:17Z,1.91,7.67,69.99,15.737,2.64,8.02,0.22,0.48,,,,,,,,
2026-07-16T23:15:49Z,1.39,7.85,69.87,16.729,2.46,8.36,0.21,0.48,,,,,,,,
2026-07-16T23:17:21Z,0.92,8,69.75,17.759,2.66,8.62,0.24,0.44,,,,,,,,
2026-07-17T03:02:00Z,6.05,7.15,69.97,14.319,2.83,7.62,0.17,0.75,,,,,,,,
2026-07-17T03:03:33Z,5.45,7.18,70.16,14.131,2.66,7.59,0.2,0.72,,,,,,,,
2026-07-17T03:05:05Z,4.93,7.22,70.24,14.156,2.87,7.6,0.22,0.67,,,,,,,,
2026-07-17T03:06:37Z,4.42,7.27,70.25,14.304,2.69,7.64,0.21,0.69,,,,,,,,
2026-07-17T03:08:09Z,3.94,7.37,70.2,14.399,2.79,7.68,0.23,0.58,,,,,,,,
2026-07-17T03:09:41Z,3.45,7.57,70.17,14.983,2.51,7.85,0.24,0.61,,,,,,,,
2026-07-17T03:11:13Z,2.96,7.99,69.88,16.949,2.59,8.56,0.24,0.58,,,,,,,,
2026-07-17T03:12:46Z,2.42,8.13,69.87,17.461,2.72,8.7,0.2,0.56,,,,,,,,
2026-07-17T03:14:18Z,1.91,7.96,69.86,18.316,2.73,8.73,0.25,0.51,,,,,,,,
2026-07-17T03:15:50Z,1.42,7.96,69.86,18.367,2.76,8.73,0.25,0.5,,,,,,,,
2026-07-17T03:17:22Z,0.93,7.95,69.83,18.422,2.59,8.73,0.23,0.46,,,,,,,,
2026-07-17T07:02:05Z,6.09,7.19,69.91,14.371,2.52,7.62,0.23,0.87,,,,,,,,
2026-07-17T07:03:39Z,5.49,7.2,70.17,14.214,2.61,7.61,0.24,0.72,,,,,,,,
2026-07-17T07:05:12Z,4.96,7.22,70.23,14.193,2.49,7.61,0.22,0.74,,,,,,,,
2026-07-17T07:06:45Z,4.47,7.27,70.22,14.28,2.8,7.64,0.27,0.79,,,,,,,,
2026-07-17T07:08:18Z,3.97,7.35,70.22,14.428,2.84,7.7,0.28,0.67,,,,,,,,
2026-07-17T07:09:51Z,3.46,7.57,70.14,14.637,2.53,7.81,0.21,0.64,,,,,,,,
2026-07-17T07:11:24Z,2.97,7.9,70.4,15.352,3.44,8.33,0.32,0.58,,,,,,,,
2026-07-17T07:12:57Z,2.47,7.94,69.83,17.019,2.81,8.56,0.24,0.59,,,,,,,,
2026-07-17T07:14:30Z,1.96,7.95,69.82,17.251,2.85,8.6,0.24,0.58,,,,,,,,
2026-07-17T07:16:03Z,1.46,7.94,69.82,17.788,2.54,8.68,0.34,0.6,,,,,,,,
2026-07-17T07:17:36Z,0.96,8.03,69.77,17.928,2.78,8.78,0.27,0.54,,,,,,,,
2026-07-17T11:02:06Z,6.08,7.07,70.03,14.206,2.68,7.57,0.19,0.7,,,,,,,,
2026-07-17T11:03:40Z,5.48,7.12,70.21,14.145,2.9,7.57,0.28,0.75,,,,,,,,
2026-07-17T11:05:13Z,4.97,7.31,70.2,14.199,2.73,7.64,0.2,0.7,,,,,,,,
2026-07-17T11:06:46Z,4.47,7.28,70.2,14.288,2.73,7.64,0.23,0.7,,,,,,,,
2026-07-17T11:08:19Z,3.96,7.31,70.19,14.434,2.66,7.67,0.25,0.69,,,,,,,,
2026-07-17T11:09:52Z,3.47,7.4,70.09,14.665,2.64,7.74,0.24,0.65,,,,,,,,
2026-07-17T11:11:25Z,2.99,7.66,70.05,15.415,2.52,8.01,0.22,0.7,,,,,,,,
2026-07-17T11:12:58Z,2.49,7.88,69.81,17.045,2.73,8.54,0.3,0.54,,,,,,,,
2026-07-17T11:14:31Z,2,7.92,69.71,17.477,2.48,8.69,0.34,0.64,,,,,,,,
2026-07-17T11:16:04Z,1.49,7.92,69.68,17.507,2.84,8.7,0.25,0.51,,,,,,,,
2026-07-17T11:17:37Z,0.97,7.91,69.66,17.515,2.48,8.7,0.26,0.51,,,,,,,,
2026-07-17T15:02:01Z,6,7.09,70.08,14.148,2.69,7.57,0.23,0.49,,,,,,,,
2026-07-17T15:03:34Z,5.47,7.03,70.22,14.132,2.6,7.54,0.19,0.47,,,,,,,,
2026-07-17T15:05:07Z,4.93,7.09,70.26,14.168,2.47,7.56,0.19,0.45,,,,,,,,
2026-07-17T15:06:39Z,4.45,7.13,70.21,14.206,2.64,7.58,0.2,0.47,,,,,,,,
2026-07-17T15:08:12Z,3.95,7.25,70.21,14.322,2.46,7.67,0.22,0.58,,,,,,,,
2026-07-17T15:09:45Z,3.45,7.41,70.26,14.669,2.48,7.76,0.26,0.58,,,,,,,,
2026-07-17T15:11:18Z,2.98,7.61,70.15,15.214,2.4,7.95,0.26,0.59,,,,,,,,
2026-07-17T15:12:51Z,2.45,7.94,69.95,16.182,2.88,8.41,0.22,0.59,,,,,,,,
2026-07-17T15:14:24Z,1.95,7.91,69.88,17.005,2.68,8.65,0.34,0.56,,,,,,,,
2026-07-17T15:15:57Z,1.45,7.92,69.69,17.227,3.02,8.68,0.34,0.6,,,,,,,,
2026-07-17T15:17:30Z,0.92,7.92,69.67,17.272,2.48,8.68,0.24,0.55,,,,,,,,
2026-07-17T19:02:00Z,6.07,6.79,70.4,14.017,3.17,7.47,0.15,0.46,,,,,,,,
2026-07-17T19:03:33Z,5.4,6.96,70.34,14.037,2.84,7.49,0.21,0.5,,,,,,,,
2026-07-17T19:05:05Z,4.93,7.07,70.3,14.092,2.71,7.53,0.21,0.48,,,,,,,,
2026-07-17T19:06:37Z,4.37,7.24,70.19,14.209,2.66,7.59,0.2,0.48,,,,,,,,
2026-07-17T19:08:09Z,3.9,7.47,70.19,14.458,2.5,7.75,0.18,0.49,,,,,,,,
2026-07-17T19:09:41Z,3.42,7.49,70.17,14.628,2.55,7.78,0.2,0.49,,,,,,,,
2026-07-17T19:11:13Z,2.9,7.61,70.2,15.307,2.52,7.9,0.19,0.48,,,,,,,,
2026-07-17T19:12:45Z,2.42,8.07,69.93,16.492,2.75,8.56,0.24,0.54,,,,,,,,
2026-07-17T19:14:17Z,1.92,8.12,69.74,17.273,2.93,8.77,0.28,0.51,,,,,,,,
2026-07-17T19:15:49Z,1.38,8.02,69.72,17.434,2.78,8.69,0.24,0.5,,,,,,,,
2026-07-17T19:17:21Z,0.88,7.95,69.84,18.259,2.77,8.65,0.24,0.46,,,,,,,,
2026-07-17T23:01:59Z,6.08,7.01,70.24,14.104,2.95,7.52,0.17,0.53,,,,,,,,
2026-07-17T23:03:32Z,5.4,7.08,70.26,14.102,2.91,7.53,0.19,0.56,,,,,,,,
2026-07-17T23:05:04Z,4.9,7.14,70.25,14.138,2.67,7.55,0.17,0.57,,,,,,,,
2026-07-17T23:06:36Z,4.42,7.17,70.17,14.238,2.51,7.57,0.19,0.56,,,,,,,,
2026-07-17T23:08:08Z,3.91,7.33,70.16,14.422,2.72,7.66,0.2,0.63,,,,,,,,
2026-07-17T23:09:40Z,3.42,7.54,70.14,14.706,2.51,7.8,0.24,0.6,,,,,,,,
2026-07-17T23:11:13Z,2.92,7.75,69.99,15.628,2.78,8.11,0.24,0.57,,,,,,,,
2026-07-17T23:12:45Z,2.42,8.3,70.11,17.09,2.69,8.79,0.27,0.48,,,,,,,,
2026-07-17T23:14:17Z,1.91,8.08,69.99,18.396,2.84,8.76,0.28,0.46,,,,,,,,
2026-07-17T23:15:49Z,1.42,8.08,70,18.562,2.5,8.78,0.2,0.46,,,,,,,,
2026-07-17T23:17:21Z,0.89,8.03,70,18.741,2.59,8.76,0.23,0.46,,,,,,,,
2026-07-18T03:02:00Z,6.04,6.93,70.26,14.048,3.24,7.49,0.16,0.57,,,,,,,,
2026-07-18T03:03:33Z,5.43,6.95,70.32,14.024,2.73,7.49,0.2,0.65,,,,,,,,
2026-07-18T03:05:05Z,4.92,6.98,70.31,14.03,3,7.49,0.23,0.62,,,,,,,,
2026-07-18T03:06:37Z,4.43,7.09,70.29,14.103,2.81,7.53,0.2,0.62,,,,,,,,
2026-07-18T03:08:09Z,3.93,7.26,70.23,14.289,2.8,7.61,0.2,0.62,,,,,,,,
2026-07-18T03:09:41Z,3.44,7.36,70.21,14.388,2.64,7.67,0.19,0.59,,,,,,,,
2026-07-18T03:11:13Z,2.96,7.45,70.18,14.515,2.52,7.72,0.21,0.71,,,,,,,,
2026-07-18T03:12:46Z,2.42,7.8,70.1,14.639,2.62,7.99,0.21,0.6,,,,,,,,
2026-07-18T03:14:18Z,1.93,7.85,70.08,14.946,2.38,8.1,0.23,0.61,,,,,,,,
2026-07-18T03:15:50Z,1.44,8.24,70.28,18.257,2.58,8.85,0.27,0.54,,,,,,,,
2026-07-18T03:17:22Z,0.92,8.19,70.06,18.482,2.69,8.85,0.27,0.53,,,,,,,,
2026-07-18T07:02:02Z,6.05,7.26,70.26,14.047,2.63,7.62,0.23,0.68,,,,,,,,
2026-07-18T07:03:35Z,5.48,7.43,70.19,14.294,2.47,7.7,0.21,0.64,,,,,,,,
2026-07-18T07:05:08Z,4.96,7.53,70.21,14.508,2.58,7.8,0.28,0.6,,,,,,,,
2026-07-18T07:06:41Z,4.46,7.52,70.22,14.562,2.57,7.79,0.24,0.57,,,,,,,,
2026-07-18T07:08:14Z,3.97,7.51,70.18,14.655,2.53,7.8,0.22,0.57,,,,,,,,
2026-07-18T07:09:47Z,3.44,7.53,70.19,14.695,2.48,7.81,0.24,0.55,,,,,,,,
2026-07-18T07:11:20Z,2.97,7.6,70.26,14.838,2.45,7.86,0.22,0.57,,,,,,,,
2026-07-18T07:12:53Z,2.47,7.6,70.2,14.996,2.31,7.92,0.2,0.57,,,,,,,,
2026-07-18T07:14:26Z,1.95,7.89,70.11,15.147,2.36,8.04,0.22,0.57,,,,,,,,
2026-07-18T07:15:59Z,1.45,8.01,69.98,15.409,2.49,8.3,0.23,0.65,,,,,,,,
2026-07-18T07:17:32Z,0.96,8.25,70.27,17.632,2.65,8.85,0.32,0.56,,,,,,,,
2026-07-18T11:02:03Z,5.99,7.19,70.17,14.099,2.64,7.61,0.22,0.64,,,,,,,,
2026-07-18T11:03:36Z,5.49,7.24,70.26,14.086,2.6,7.61,0.21,0.64,,,,,,,,
2026-07-18T11:05:09Z,4.98,7.29,70.23,14.126,2.6,7.64,0.25,0.66,,,,,,,,
2026-07-18T11:06:42Z,4.45,7.4,70.26,14.344,2.64,7.71,0.23,0.59,,,,,,,,
2026-07-18T11:08:15Z,3.97,7.41,70.35,14.382,2.59,7.71,0.24,0.58,,,,,,,,
2026-07-18T11:09:48Z,3.46,7.44,70.22,14.754,2.62,7.76,0.26,0.58,,,,,,,,
2026-07-18T11:11:21Z,2.97,8.17,70.19,16.117,2.6,8.59,0.27,0.56,,,,,,,,
2026-07-18T11:12:54Z,2.47,8.23,69.98,16.364,2.86,8.63,0.28,0.56,,,,,,,,
2026-07-18T11:14:27Z,1.99,8.08,69.97,16.613,2.6,8.6,0.28,0.54,,,,,,,,
2026-07-18T11:16:00Z,1.49,8.02,69.83,17.193,2.55,8.76,0.32,0.52,,,,,,,,
2026-07-18T11:17:33Z,0.97,8.03,69.82,17.209,2.6,8.76,0.32,0.52,,,,,,,,
2026-07-18T15:02:04Z,6.08,7.04,70.09,14.064,2.85,7.56,0.21,0.65,,,,,,,,
2026-07-18T15:03:38Z,5.46,7.06,70.24,13.947,2.69,7.54,0.2,0.53,,,,,,,,
2026-07-18T15:05:11Z,4.94,7.06,70.25,13.945,2.71,7.54,0.19,0.56,,,,,,,,
2026-07-18T15:06:44Z,4.46,7.1,70.3,13.979,2.76,7.55,0.19,0.52,,,,,,,,
2026-07-18T15:08:17Z,3.97,7.12,70.27,14.048,2.64,7.57,0.2,0.5,,,,,,,,
2026-07-18T15:09:50Z,3.45,7.32,70.24,14.462,2.71,7.7,0.21,0.54,,,,,,,,
2026-07-18T15:11:23Z,2.97,7.91,70.19,15.694,2.6,8.3,0.23,0.49,,,,,,,,
2026-07-18T15:12:56Z,2.44,8.01,69.96,16.892,2.57,8.72,0.34,0.5,,,,,,,,
2026-07-18T15:14:29Z,1.96,7.98,69.83,17.018,2.93,8.73,0.28,0.51,,,,,,,,
2026-07-18T15:16:02Z,1.44,7.99,69.83,17.051,2.79,8.74,0.27,0.51,,,,,,,,
2026-07-18T15:17:35Z,0.93,7.99,69.83,17.083,3.08,8.74,0.27,0.5,,,,,,,,
2026-07-18T19:01:58Z,6.06,7.07,70.2,13.968,2.91,7.53,0.16,0.45,,,,,,,,
2026-07-18T19:03:31Z,5.39,7.09,70.24,13.951,2.82,7.53,0.2,0.47,,,,,,,,
2026-07-18T19:05:03Z,4.88,7.1,70.27,13.96,2.73,7.53,0.18,0.45,,,,,,,,
2026-07-18T19:06:35Z,4.4,7.13,70.26,13.994,2.82,7.52,0.19,0.48,,,,,,,,
2026-07-18T19:08:07Z,3.89,7.19,70.28,14.079,2.55,7.56,0.21,0.48,,,,,,,,
2026-07-18T19:09:39Z,3.4,7.39,70.34,14.579,2.41,7.7,0.2,0.48,,,,,,,,
2026-07-18T19:11:11Z,2.91,7.77,70.13,15.183,2.35,8.08,0.21,0.49,,,,,,,,
2026-07-18T19:12:43Z,2.41,7.99,70.09,16.2,2.66,8.53,0.25,0.55,,,,,,,,
2026-07-18T19:14:15Z,1.92,8.23,70,17.236,2.86,8.81,0.24,0.53,,,,,,,,
2026-07-18T19:15:47Z,1.39,8.19,69.95,17.49,2.79,8.78,0.26,0.5,,,,,,,,
2026-07-18T19:17:19Z,0.89,8.18,70.14,17.835,2.78,8.77,0.28,0.48,,,,,,,,
2026-07-18T23:01:59Z,6.11,7.06,70.21,13.905,3.23,7.49,0.18,0.52,,,,,,,,
2026-07-18T23:03:33Z,5.4,7.14,70.27,13.964,2.96,7.52,0.22,0.48,,,,,,,,
2026-07-18T23:05:05Z,4.89,7.18,70.29,14.013,2.87,7.55,0.2,0.51,,,,,,,,
2026-07-18T23:06:37Z,4.38,7.25,70.33,14.095,2.62,7.58,0.23,0.56,,,,,,,,
2026-07-18T23:08:09Z,3.91,7.33,70.32,14.221,2.53,7.63,0.21,0.55,,,,,,,,
2026-07-18T23:09:41Z,3.41,7.53,70.02,14.876,2.51,7.83,0.21,0.54,,,,,,,,
2026-07-18T23:11:13Z,2.91,7.85,70.26,15.758,2.68,8.32,0.26,0.51,,,,,,,,
2026-07-18T23:12:45Z,2.42,8.07,70.17,16.45,2.71,8.57,0.25,0.51,,,,,,,,
2026-07-18T23:14:17Z,1.92,8.18,70.12,16.929,2.69,8.7,0.29,0.55,,,,,,,,
2026-07-18T23:15:49Z,1.42,8.21,70.08,17.224,2.96,8.74,0.25,0.52,,,,,,,,
2026-07-18T23:17:21Z,0.9,8.23,70.1,17.572,2.75,8.77,0.28,0.48,,,,,,,,
2026-07-19T03:02:00Z,6.02,7.17,70.26,14.046,2.71,7.59,0.2,0.62,,,,,,,,
2026-07-19T03:03:33Z,5.44,7.28,70.31,14.059,2.85,7.62,0.21,0.63,,,,,,,,
2026-07-19T03:05:06Z,4.94,7.38,70.32,14.143,2.56,7.68,0.23,0.59,,,,,,,,
2026-07-19T03:06:38Z,4.46,7.41,70.34,14.153,2.63,7.69,0.22,0.56,,,,,,,,
2026-07-19T03:08:11Z,3.93,7.47,70.36,14.294,2.61,7.74,0.24,0.55,,,,,,,,
2026-07-19T03:09:43Z,3.46,7.62,70.23,14.895,2.55,7.93,0.23,0.61,,,,,,,,
2026-07-19T03:11:16Z,2.95,8.49,70.18,17.183,2.7,8.91,0.29,0.62,,,,,,,,
2026-07-19T03:12:49Z,2.45,8.15,70.13,17.811,2.72,8.75,0.24,0.51,,,,,,,,
2026-07-19T03:14:22Z,1.97,8.25,70.1,17.961,2.76,8.84,0.25,0.59,,,,,,,,
2026-07-19T03:15:55Z,1.43,8.41,70.11,18.072,2.77,8.95,0.27,0.6,,,,,,,,
2026-07-19T03:17:27Z,0.96,8.5,70.12,18.134,2.88,9.01,0.28,0.69,,,,,,,,
2026-07-19T07:02:02Z,6.03,7.1,70.19,14.032,2.61,7.57,0.22,0.68,,,,,,,,
2026-07-19T07:03:35Z,5.46,7.13,70.33,13.944,2.66,7.57,0.25,0.66,,,,,,,,
2026-07-19T07:05:08Z,4.97,7.21,70.36,14.024,2.68,7.61,0.26,0.75,,,,,,,,
2026-07-19T07:06:41Z,4.44,7.21,70.39,14.008,2.73,7.6,0.22,0.6,,,,,,,,
2026-07-19T07:08:14Z,3.98,7.36,70.36,14.12,2.52,7.69,0.23,0.59,,,,,,,,
2026-07-19T07:09:47Z,3.44,7.67,70.46,14.475,2.47,7.88,0.22,0.54,,,,,,,,
2026-07-19T07:11:20Z,2.96,7.53,70.36,15.818,2.5,7.93,0.25,0.51,,,,,,,,
2026-07-19T07:12:53Z,2.47,7.84,70.25,17.053,2.55,8.39,0.3,0.5,,,,,,,,
2026-07-19T07:14:26Z,1.95,8.24,70.14,17.656,2.92,8.78,0.3,0.61,,,,,,,,
2026-07-19T07:15:59Z,1.46,8.11,70.2,17.89,2.96,8.74,0.31,0.52,,,,,,,,
2026-07-19T07:17:32Z,0.96,8,70.07,18.028,2.81,8.73,0.31,0.51,,,,,,,,
2026-07-19T11:02:06Z,6.07,7.01,70.23,14.089,2.95,7.54,0.2,0.67,,,,,,,,
2026-07-19T11:03:40Z,5.48,7.02,70.41,14.002,2.7,7.52,0.26,0.63,,,,,,,,
2026-07-19T11:05:13Z,4.96,7.03,70.4,14.019,2.81,7.52,0.25,0.63,,,,,,,,
2026-07-19T11:06:46Z,4.48,7.05,70.43,14.039,2.76,7.53,0.25,0.63,,,,,,,,
2026-07-19T11:08:19Z,3.98,7.21,70.42,14.208,2.48,7.6,0.22,0.59,,,,,,,,
2026-07-19T11:09:52Z,3.46,7.2,70.4,14.545,2.72,7.6,0.21,0.55,,,,,,,,
2026-07-19T11:11:25Z,2.98,7.71,70.3,15.802,2.56,8.02,0.26,0.54,,,,,,,,
2026-07-19T11:12:58Z,2.49,7.67,70.36,17.17,2.71,8.25,0.25,0.47,,,,,,,,
2026-07-19T11:14:31Z,1.99,8.3,70.2,17.892,2.96,8.82,0.27,0.48,,,,,,,,
2026-07-19T11:16:04Z,1.49,7.95,70.13,18.174,2.57,8.69,0.32,0.45,,,,,,,,
2026-07-19T11:17:37Z,0.96,7.85,70.12,18.249,2.63,8.66,0.35,0.44,,,,,,,,
2026-07-19T15:02:04Z,6.09,6.8,70.17,14.208,2.65,7.49,0.16,0.55,,,,,,,,
2026-07-19T15:03:38Z,5.45,6.87,70.36,14.009,2.68,7.5,0.17,0.44,,,,,,,,
2026-07-19T15:05:11Z,4.95,6.94,70.42,14.018,2.96,7.51,0.23,0.53,,,,,,,,
2026-07-19T15:06:44Z,4.46,7.03,70.43,14.122,2.37,7.54,0.24,0.5,,,,,,,,
2026-07-19T15:08:17Z,3.97,7.04,70.47,14.236,2.65,7.55,0.24,0.61,,,,,,,,
2026-07-19T15:09:50Z,3.45,7.1,70.51,14.62,2.4,7.57,0.22,0.51,,,,,,,,
2026-07-19T15:11:23Z,2.97,7.26,70.58,15.407,3.12,7.67,0.24,0.52,,,,,,,,
2026-07-19T15:12:56Z,2.45,7.72,70.44,17.488,2.91,8.58,0.28,0.42,,,,,,,,
2026-07-19T15:14:29Z,1.94,7.85,70.25,17.789,2.8,8.67,0.27,0.54,,,,,,,,
2026-07-19T15:16:02Z,1.44,7.87,70.21,17.84,2.63,8.69,0.33,0.53,,,,,,,,
2026-07-19T15:17:35Z,0.94,7.88,70.21,17.881,2.62,8.7,0.28,0.58,,,,,,,,
2026-07-19T19:01:58Z,6.06,6.86,70.39,13.924,2.73,7.47,0.14,0.41,,,,,,,,
2026-07-19T19:03:31Z,5.41,6.92,70.46,13.931,2.69,7.47,0.2,0.43,,,,,,,,
2026-07-19T19:05:03Z,4.9,6.92,70.48,13.952,2.64,7.46,0.2,0.43,,,,,,,,
2026-07-19T19:06:35Z,4.4,7.02,70.42,14.066,2.58,7.49,0.17,0.45,,,,,,,,
2026-07-19T19:08:07Z,3.89,7.08,70.45,14.266,2.64,7.52,0.18,0.48,,,,,,,,
2026-07-19T19:09:39Z,3.4,7.14,70.51,14.52,2.44,7.54,0.24,0.56,,,,,,,,
2026-07-19T19:11:11Z,2.9,7.34,70.48,15.171,2.48,7.68,0.21,0.51,,,,,,,,
2026-07-19T19:12:43Z,2.42,7.71,70.38,16.673,2.69,8.16,0.25,0.56,,,,,,,,
2026-07-19T19:14:15Z,1.91,7.91,70.23,17.535,2.86,8.54,0.26,0.55,,,,,,,,
2026-07-19T19:15:47Z,1.4,7.97,70.35,17.794,2.89,8.64,0.27,0.51,,,,,,,,
2026-07-19T19:17:19Z,0.88,8.12,70.39,18.337,2.65,8.79,0.24,0.5,,,,,,,,
2026-07-19T23:01:59Z,6.08,7.11,70.43,14.293,2.59,7.51,0.2,0.57,,,,,,,,
2026-07-19T23:03:33Z,5.38,7.11,70.47,14.297,2.61,7.5,0.2,0.53,,,,,,,,
2026-07-19T23:05:05Z,4.88,7.11,70.45,14.315,2.56,7.5,0.22,0.55,,,,,,,,
2026-07-19T23:06:37Z,4.4,7.12,70.52,14.357,2.62,7.49,0.22,0.57,,,,,,,,
2026-07-19T23:08:09Z,3.94,7.13,70.42,14.409,2.51,7.52,0.2,0.55,,,,,,,,
2026-07-19T23:09:41Z,3.42,7.15,70.44,14.45,2.58,7.51,0.21,0.55,,,,,,,,
2026-07-19T23:11:13Z,2.91,7.24,70.45,14.711,2.32,7.57,0.21,0.52,,,,,,,,
2026-07-19T23:12:45Z,2.44,7.3,70.42,15.003,2.52,7.66,0.23,0.47,,,,,,,,
2026-07-19T23:14:17Z,1.91,7.44,70.55,15.332,2.48,7.77,0.22,0.44,,,,,,,,
2026-07-19T23:15:49Z,1.39,7.97,70.29,17.234,2.72,8.55,0.28,0.43,,,,,,,,
2026-07-19T23:17:21Z,0.92,7.99,70.36,17.664,2.68,8.6,0.28,0.47,,,,,,,,
2026-07-20T03:02:00Z,6.07,7.02,70.48,14.247,2.68,7.55,0.19,0.65,,,,,,,,
2026-07-20T03:03:33Z,5.44,7.07,70.54,14.291,2.68,7.56,0.23,0.71,,,,,,,,
2026-07-20T03:05:05Z,4.91,7.09,70.56,14.315,2.73,7.56,0.23,0.69,,,,,,,,
2026-07-20T03:06:37Z,4.41,7.15,70.57,14.389,2.65,7.6,0.21,0.69,,,,,,,,
2026-07-20T03:08:09Z,3.91,7.27,70.54,14.682,2.66,7.68,0.22,0.62,,,,,,,,
2026-07-20T03:09:41Z,3.43,7.77,70.38,16.59,2.97,8.3,0.3,0.56,,,,,,,,
2026-07-20T03:11:14Z,2.93,7.77,70.28,17.292,2.81,8.43,0.25,0.53,,,,,,,,
2026-07-20T03:12:46Z,2.45,7.92,70.25,17.594,2.61,8.6,0.24,0.53,,,,,,,,
2026-07-20T03:14:19Z,1.94,8.03,70.27,17.794,2.87,8.72,0.28,0.55,,,,,,,,
2026-07-20T03:15:51Z,1.44,8.02,70.28,17.902,2.91,8.71,0.33,0.53,,,,,,,,
2026-07-20T03:17:23Z,0.94,8.03,70.32,18.12,2.79,8.74,0.29,0.51,,,,,,,,
2026-07-20T07:02:05Z,6.1,6.97,70.33,14.327,2.74,7.53,0.2,0.76,,,,,,,,
2026-07-20T07:03:39Z,5.46,7.04,70.52,14.392,2.58,7.54,0.24,0.77,,,,,,,,
2026-07-20T07:05:12Z,4.98,7.07,70.58,14.455,2.84,7.55,0.26,0.92,,,,,,,,
2026-07-20T07:06:45Z,4.46,7.1,70.58,14.607,2.64,7.57,0.26,0.64,,,,,,,,
2026-07-20T07:08:18Z,3.97,7.19,70.56,14.708,2.68,7.63,0.22,0.64,,,,,,,,
2026-07-20T07:09:51Z,3.45,7.27,70.59,15.393,2.82,7.71,0.26,0.6,,,,,,,,
2026-07-20T07:11:24Z,2.97,7.6,70.42,16.468,2.76,8.1,0.31,0.59,,,,,,,,
2026-07-20T07:12:57Z,2.48,7.89,70.38,17.625,2.52,8.55,0.29,0.54,,,,,,,,
2026-07-20T07:14:30Z,1.97,8.09,70.34,17.916,2.82,8.7,0.24,0.62,,,,,,,,
2026-07-20T07:16:03Z,1.47,8.03,70.28,17.955,2.7,8.68,0.3,0.55,,,,,,,,
2026-07-20T07:17:36Z,0.97,8.07,70.26,18.065,2.76,8.72,0.33,0.6,,,,,,,,
2026-07-20T11:02:05Z,6.07,6.86,70.33,14.338,2.82,7.5,0.2,0.78,,,,,,,,
2026-07-20T11:03:39Z,5.48,6.91,70.49,14.256,2.86,7.5,0.24,0.95,,,,,,,,
2026-07-20T11:05:12Z,4.98,6.92,70.57,14.291,2.77,7.5,0.26,0.9,,,,,,,,
2026-07-20T11:06:45Z,4.47,6.93,70.6,14.333,2.77,7.5,0.28,1.03,,,,,,,,
2026-07-20T11:08:18Z,3.98,7.08,70.6,14.79,3.01,7.57,0.3,0.9,,,,,,,,
2026-07-20T11:09:51Z,3.48,7.17,70.65,15.034,2.7,7.61,0.28,0.62,,,,,,,,
2026-07-20T11:11:24Z,2.98,7.66,70.42,16.592,2.71,8.11,0.3,0.51,,,,,,,,
2026-07-20T11:12:57Z,2.48,7.97,70.25,17.839,2.61,8.73,0.29,0.51,,,,,,,,
2026-07-20T11:14:30Z,1.99,8,70.21,17.897,2.76,8.75,0.28,0.52,,,,,,,,
2026-07-20T11:16:03Z,1.48,8.01,70.19,17.917,2.73,8.76,0.31,0.49,,,,,,,,
2026-07-20T11:17:36Z,0.98,8,70.18,17.915,2.74,8.75,0.32,0.47,,,,,,,,
2026-07-20T15:02:04Z,6.12,6.81,70.49,14.4,2.92,7.49,0.12,0.55,,,,,,,,
2026-07-20T15:03:38Z,5.45,6.88,70.51,14.275,2.6,7.51,0.17,0.54,,,,,,,,
2026-07-20T15:05:11Z,4.95,6.91,70.58,14.286,2.87,7.52,0.21,0.58,,,,,,,,
2026-07-20T15:06:44Z,4.45,6.94,70.57,14.323,2.58,7.53,0.19,0.55,,,,,,,,
2026-07-20T15:08:16Z,3.97,7.05,70.65,14.619,2.43,7.58,0.19,0.56,,,,,,,,
2026-07-20T15:09:49Z,3.44,7.1,70.65,14.861,2.6,7.6,0.23,0.65,,,,,,,,
2026-07-20T15:11:21Z,2.98,7.32,70.83,15.962,2.39,7.77,0.25,0.59,,,,,,,,
2026-07-20T15:12:54Z,2.47,7.82,70.49,17.485,2.91,8.69,0.3,0.51,,,,,,,,
2026-07-20T15:14:27Z,1.94,7.96,70.28,17.625,2.29,8.76,0.33,0.44,,,,,,,,
2026-07-20T15:16:00Z,1.45,7.97,70.26,17.683,2.67,8.77,0.31,0.48,,,,,,,,
2026-07-20T15:17:33Z,0.94,7.98,70.22,17.712,2.33,8.76,0.3,0.52,,,,,,,,
2026-07-20T19:01:59Z,6.1,6.57,70.75,14.21,2.77,7.46,0.09,0.5,,,,,,,,
2026-07-20T19:03:32Z,5.41,6.84,70.61,14.213,2.77,7.5,0.16,0.47,,,,,,,,
2026-07-20T19:05:04Z,4.92,6.99,70.53,14.241,2.68,7.53,0.16,0.47,,,,,,,,
2026-07-20T19:06:36Z,4.39,7.01,70.57,14.334,2.64,7.55,0.17,0.48,,,,,,,,
2026-07-20T19:08:08Z,3.88,7.08,70.65,14.716,2.68,7.58,0.22,0.47,,,,,,,,
2026-07-20T19:09:40Z,3.42,7.16,70.66,14.936,2.63,7.62,0.22,0.47,,,,,,,,
2026-07-20T19:11:12Z,2.89,7.32,70.64,15.493,2.81,7.73,0.22,0.45,,,,,,,,
2026-07-20T19:12:44Z,2.43,7.74,70.91,16.893,2.68,8.25,0.28,0.47,,,,,,,,
2026-07-20T19:14:16Z,1.88,8.07,70.36,17.598,2.62,8.76,0.3,0.46,,,,,,,,
2026-07-20T19:15:48Z,1.41,8.2,70.39,17.936,2.8,8.87,0.27,0.52,,,,,,,,
2026-07-20T19:17:20Z,0.89,8.21,70.4,18.134,2.75,8.86,0.28,0.56,,,,,,,,
2026-07-20T23:02:00Z,6.07,7.01,70.66,14.575,2.83,7.54,0.17,0.57,,,,,,,,
2026-07-20T23:03:33Z,5.42,7.04,70.74,14.583,2.62,7.54,0.2,0.6,,,,,,,,
2026-07-20T23:05:05Z,4.91,7.08,70.72,14.61,2.69,7.55,0.22,0.57,,,,,,,,
2026-07-20T23:06:37Z,4.42,7.24,70.81,14.89,2.68,7.65,0.25,0.52,,,,,,,,
2026-07-20T23:08:09Z,3.92,7.3,70.69,15.059,2.68,7.7,0.22,0.54,,,,,,,,
2026-07-20T23:09:41Z,3.43,7.31,70.66,15.157,2.67,7.71,0.21,0.55,,,,,,,,
2026-07-20T23:11:14Z,2.93,7.29,70.7,15.118,2.58,7.7,0.24,0.56,,,,,,,,
2026-07-20T23:12:46Z,2.43,7.34,70.67,15.227,2.71,7.74,0.22,0.55,,,,,,,,
2026-07-20T23:14:18Z,1.96,7.87,70.54,17.455,2.68,8.58,0.31,0.47,,,,,,,,
2026-07-20T23:15:51Z,1.41,7.91,70.45,17.659,2.67,8.64,0.27,0.46,,,,,,,,
2026-07-20T23:17:23Z,0.9,7.95,70.44,17.809,2.45,8.69,0.24,0.46,,,,,,,,
2026-07-21T03:02:03Z,6.12,6.94,70.67,14.542,2.67,7.56,0.21,0.77,,,,,,,,
2026-07-21T03:03:37Z,5.44,6.97,70.74,14.58,2.79,7.55,0.19,0.69,,,,,,,,
2026-07-21T03:05:09Z,4.94,7.01,70.76,14.627,2.67,7.56,0.21,0.64,,,,,,,,
2026-07-21T03:06:42Z,4.41,7.01,70.75,14.64,2.98,7.57,0.2,0.66,,,,,,,,
2026-07-21T03:08:14Z,3.94,7.01,70.77,14.657,2.97,7.58,0.23,0.61,,,,,,,,
2026-07-21T03:09:47Z,3.44,7.08,70.75,14.732,2.65,7.6,0.25,0.66,,,,,,,,
2026-07-21T03:11:20Z,2.96,7.45,70.67,15.304,2.5,7.81,0.22,0.62,,,,,,,,
2026-07-21T03:12:53Z,2.45,8.05,70.78,17.749,3.14,8.77,0.3,0.58,,,,,,,,
2026-07-21T03:14:26Z,1.94,8.01,70.52,18.054,2.97,8.78,0.31,0.55,,,,,,,,
2026-07-21T03:15:59Z,1.44,8.01,70.49,18.097,2.86,8.78,0.29,0.56,,,,,,,,
2026-07-21T03:17:31Z,0.95,8,70.5,18.116,2.67,8.79,0.32,0.56,,,,,,,,
2026-07-21T07:02:05Z,6.08,6.83,70.58,14.595,2.75,7.52,0.26,0.76,,,,,,,,
2026-07-21T07:03:39Z,5.48,6.87,70.74,14.55,2.96,7.52,0.25,0.76,,,,,,,,
2026-07-21T07:05:12Z,4.97,6.9,70.72,14.565,2.73,7.52,0.24,0.82,,,,,,,,
2026-07-21T07:06:45Z,4.46,6.94,70.75,14.603,2.9,7.54,0.24,0.72,,,,,,,,
2026-07-21T07:08:18Z,3.97,7.06,70.75,14.812,2.77,7.6,0.24,0.83,,,,,,,,
2026-07-21T07:09:51Z,3.46,7.17,70.73,14.961,3.06,7.67,0.21,0.71,,,,,,,,
2026-07-21T07:11:24Z,2.97,7.19,70.81,15.388,2.68,7.73,0.31,0.6,,,,,,,,
2026-07-21T07:12:57Z,2.48,7.6,70.47,16.587,2.87,8.27,0.27,0.56,,,,,,,,
2026-07-21T07:14:30Z,1.96,7.81,70.54,17.251,2.78,8.56,0.36,0.46,,,,,,,,
2026-07-21T07:16:03Z,1.46,7.9,70.48,17.797,2.92,8.74,0.33,0.52,,,,,,,,
2026-07-21T07:17:36Z,0.96,7.9,70.43,17.834,2.96,8.73,0.33,0.5,,,,,,,,
2026-07-21T11:02:06Z,6.07,6.76,70.56,14.606,2.96,7.5,0.28,0.88,,,,,,,,
2026-07-21T11:03:40Z,5.49,6.73,70.74,14.481,2.49,7.48,0.23,0.71,,,,,,,,
2026-07-21T11:05:13Z,4.98,6.75,70.79,14.514,2.54,7.49,0.28,0.89,,,,,,,,
2026-07-21T11:06:46Z,4.46,7.02,70.76,14.629,2.33,7.6,0.28,0.92,,,,,,,,
2026-07-21T11:08:19Z,3.98,7.04,70.75,14.724,2.61,7.61,0.28,0.81,,,,,,,,
2026-07-21T11:09:52Z,3.48,7.05,70.75,14.884,2.76,7.64,0.31,0.75,,,,,,,,
2026-07-21T11:11:25Z,2.97,7.19,70.72,15.329,2.84,7.76,0.3,0.7,,,,,,,,
2026-07-21T11:12:58Z,2.48,7.73,70.71,17.201,2.76,8.63,0.38,0.63,,,,,,,,
2026-07-21T11:14:31Z,1.97,7.79,70.42,17.402,2.52,8.67,0.32,0.52,,,,,,,,
2026-07-21T11:16:04Z,1.47,7.78,70.36,17.487,2.46,8.66,0.37,0.5,,,,,,,,
2026-07-21T11:17:37Z,0.96,7.77,70.34,17.503,2.41,8.66,0.44,0.56,,,,,,,,
2026-07-21T15:02:05Z,6.1,6.69,70.64,14.572,2.71,7.48,0.16,0.48,,,,,,,,
2026-07-21T15:03:39Z,5.46,6.73,70.74,14.52,2.76,7.48,0.15,0.52,,,,,,,,
2026-07-21T15:05:12Z,4.98,6.72,70.76,14.495,2.68,7.48,0.16,0.69,,,,,,,,
2026-07-21T15:06:45Z,4.45,6.76,70.79,14.542,2.54,7.5,0.19,0.49,,,,,,,,
2026-07-21T15:08:18Z,3.97,6.84,70.79,14.617,2.67,7.52,0.21,0.56,,,,,,,,
2026-07-21T15:11:27Z,2.98,7.08,70.81,14.976,2.65,7.66,0.23,0.54,,,,,,,,
2026-07-21T15:13:00Z,2.45,7.3,71.33,15.994,3.07,7.99,0.3,0.59,,,,,,,,
2026-07-21T15:14:33Z,1.95,7.78,70.56,16.986,2.61,8.64,0.34,0.52,,,,,,,,
2026-07-21T15:16:06Z,1.46,7.8,70.34,17.218,3.71,8.68,0.35,0.48,,,,,,,,
2026-07-21T15:17:39Z,0.94,7.8,70.29,17.264,2.38,8.68,0.39,0.52,,,,,,,,
2026-07-21T19:01:58Z,6.05,6.23,71.08,14.361,3.1,7.38,0.14,0.43,,,,,,,,
2026-07-21T19:03:31Z,5.41,6.74,70.79,14.467,2.84,7.47,0.15,0.42,,,,,,,,
2026-07-21T19:05:03Z,4.91,6.79,70.8,14.498,2.57,7.48,0.17,0.42,,,,,,,,
2026-07-21T19:06:35Z,4.41,6.87,70.78,14.575,2.65,7.51,0.18,0.44,,,,,,,,
2026-07-21T19:08:07Z,3.91,6.92,70.8,14.638,2.58,7.53,0.18,0.48,,,,,,,,
2026-07-21T19:09:39Z,3.41,7.13,70.74,14.959,2.57,7.65,0.22,0.49,,,,,,,,
2026-07-21T19:11:11Z,2.9,7.29,70.69,15.343,2.52,7.77,0.19,0.48,,,,,,,,
2026-07-21T19:12:43Z,2.41,7.53,70.96,16.182,2.58,8,0.25,0.56,,,,,,,,
2026-07-21T19:14:15Z,1.91,8.06,70.44,17.387,2.92,8.81,0.32,0.58,,,,,,,,
2026-07-21T19:15:47Z,1.39,8.09,70.42,17.529,3.25,8.83,0.39,0.62,,,,,,,,
2026-07-21T19:17:19Z,0.88,8.1,70.45,17.693,2.74,8.82,0.32,0.6,,,,,,,,
2026-07-21T23:01:59Z,6.06,6.9,70.46,14.664,2.92,7.55,0.12,0.52,,,,,,,,
2026-07-21T23:03:32Z,5.43,6.92,70.59,14.589,2.87,7.54,0.13,0.57,,,,,,,,
2026-07-21T23:05:04Z,4.91,6.95,70.61,14.586,2.93,7.55,0.18,0.49,,,,,,,,
2026-07-21T23:06:36Z,4.42,7,70.63,14.632,2.92,7.57,0.15,0.54,,,,,,,,
2026-07-21T23:08:08Z,3.91,7.19,70.56,14.754,2.43,7.66,0.17,0.61,,,,,,,,
2026-07-21T23:09:40Z,3.42,7.35,70.51,14.822,2.44,7.72,0.17,0.55,,,,,,,,
2026-07-21T23:11:12Z,2.89,7.53,70.54,15.078,2.3,7.85,0.17,0.55,,,,,,,,
2026-07-21T23:12:44Z,2.4,7.58,70.62,15.37,2.28,7.91,0.17,0.51,,,,,,,,
2026-07-21T23:14:16Z,1.91,8.08,70.85,18.453,2.69,8.79,0.31,0.51,,,,,,,,
2026-07-21T23:15:48Z,1.39,7.97,70.8,18.89,2.68,8.74,0.26,0.43,,,,,,,,
2026-07-21T23:17:20Z,0.89,7.93,70.79,19.089,2.86,8.72,0.25,0.4,,,,,,,,
2026-07-22T03:02:00Z,6.06,6.64,70.83,14.53,2.86,7.45,0.17,0.6,,,,,,,,
2026-07-22T03:03:33Z,5.44,6.65,70.87,14.504,2.96,7.43,0.16,0.59,,,,,,,,
2026-07-22T03:05:06Z,4.92,6.81,70.81,14.543,2.87,7.48,0.18,0.55,,,,,,,,
2026-07-22T03:06:38Z,4.44,7,70.72,14.625,2.55,7.57,0.17,0.51,,,,,,,,
2026-07-22T03:08:11Z,3.93,7.21,70.69,14.724,2.5,7.65,0.2,0.5,,,,,,,,
2026-07-22T03:09:43Z,3.44,7.72,70.53,14.927,2.33,7.96,0.16,0.49,,,,,,,,
2026-07-22T03:11:16Z,2.93,7.73,70.55,14.931,2.36,7.97,0.17,0.53,,,,,,,,
2026-07-22T03:12:48Z,2.45,7.76,70.52,14.955,2.47,7.99,0.18,0.51,,,,,,,,
2026-07-22T03:14:21Z,1.92,7.74,70.5,14.98,2.3,7.98,0.18,0.5,,,,,,,,
2026-07-22T03:15:53Z,1.43,8.11,70.17,17.506,2.37,8.76,0.23,0.48,,,,,,,,
2026-07-22T03:17:25Z,0.92,8.03,70.72,18.86,2.76,8.8,0.32,0.44,,,,,,,,
2026-07-22T07:02:04Z,6.08,7.04,70.7,14.617,2.63,7.58,0.19,0.65,,,,,,,,
2026-07-22T07:03:38Z,5.47,7.06,70.74,14.604,2.67,7.58,0.22,0.61,,,,,,,,
2026-07-22T07:05:11Z,4.95,7.05,70.76,14.579,2.47,7.58,0.22,0.59,,,,,,,,
2026-07-22T07:06:44Z,4.46,7.16,70.76,14.732,2.48,7.63,0.18,0.6,,,,,,,,
2026-07-22T07:08:17Z,3.97,7.16,70.74,14.713,2.66,7.65,0.21,0.56,,,,,,,,
2026-07-22T07:09:50Z,3.46,7.42,70.67,15.094,2.72,7.79,0.22,0.58,,,,,,,,
2026-07-22T07:11:23Z,2.98,7.49,70.7,15.238,2.68,7.86,0.2,0.52,,,,,,,,
2026-07-22T07:12:56Z,2.45,7.9,70.51,16.937,2.55,8.55,0.26,0.54,,,,,,,,
2026-07-22T07:14:29Z,1.96,7.93,70.56,17.327,2.78,8.64,0.32,0.49,,,,,,,,
2026-07-22T07:16:02Z,1.44,7.92,70.55,17.528,2.94,8.67,0.31,0.49,,,,,,,,
2026-07-22T07:17:35Z,0.95,7.89,70.51,17.638,2.6,8.67,0.32,0.47,,,,,,,,
2026-07-22T11:02:02Z,6,6.9,70.61,14.556,2.78,7.55,0.22,0.68,,,,,,,,
2026-07-22T11:03:35Z,5.47,6.91,70.75,14.486,2.7,7.53,0.21,0.62,,,,,,,,
2026-07-22T11:05:08Z,4.97,6.95,70.76,14.532,2.65,7.55,0.24,0.64,,,,,,,,
2026-07-22T11:06:41Z,4.47,6.96,70.73,14.529,2.73,7.56,0.21,0.6,,,,,,,,
2026-07-22T11:08:14Z,3.97,7.06,70.7,14.722,2.75,7.61,0.23,0.6,,,,,,,,
2026-07-22T11:09:47Z,3.47,7.5,70.61,16.268,2.61,8.12,0.24,0.47,,,,,,,,
2026-07-22T11:11:20Z,2.97,7.7,70.59,17.17,2.98,8.47,0.27,0.51,,,,,,,,
2026-07-22T11:12:53Z,2.47,7.71,70.55,17.223,2.57,8.48,0.31,0.47,,,,,,,,
2026-07-22T11:14:26Z,1.96,7.71,70.55,17.365,2.63,8.51,0.33,0.51,,,,,,,,
2026-07-22T11:15:59Z,1.45,7.77,70.56,17.616,2.64,8.63,0.34,0.47,,,,,,,,
2026-07-22T11:17:32Z,0.97,7.75,70.48,17.679,3.15,8.64,0.35,0.48,,,,,,,,
2026-07-22T15:02:04Z,6.1,6.68,70.56,14.563,2.72,7.5,0.17,0.49,,,,,,,,
2026-07-22T15:03:38Z,5.46,6.73,70.69,14.416,2.57,7.47,0.19,0.45,,,,,,,,
2026-07-22T15:05:11Z,4.94,6.75,70.76,14.379,2.66,7.48,0.17,0.47,,,,,,,,
2026-07-22T15:06:43Z,4.46,6.75,70.78,14.395,2.62,7.5,0.18,0.52,,,,,,,,
2026-07-22T15:08:16Z,3.95,6.87,70.74,14.534,2.55,7.55,0.2,0.5,,,,,,,,
2026-07-22T15:09:49Z,3.47,7.23,70.7,15.303,2.76,7.76,0.22,0.46,,,,,,,,
2026-07-22T15:11:22Z,2.96,7.52,70.78,16.4,2.54,8.18,0.29,0.52,,,,,,,,
2026-07-22T15:12:55Z,2.45,7.72,70.7,17.143,3.16,8.53,0.32,0.5,,,,,,,,
2026-07-22T15:14:28Z,1.95,7.73,70.49,17.319,2.58,8.61,0.36,0.46,,,,,,,,
2026-07-22T15:16:01Z,1.44,7.74,70.48,17.383,2.61,8.63,0.44,0.56,,,,,,,,
2026-07-22T15:17:34Z,0.92,7.76,70.45,17.408,3.59,8.63,0.21,0.43,,,,,,,,
2026-07-22T19:01:58Z,6.06,6.65,70.66,14.322,3.07,7.47,0.16,0.41,,,,,,,,
2026-07-22T19:03:31Z,5.4,6.68,70.76,14.305,2.68,7.46,0.16,0.46,,,,,,,,
2026-07-22T19:05:03Z,4.91,6.71,70.79,14.326,2.82,7.47,0.2,0.42,,,,,,,,
2026-07-22T19:06:35Z,4.4,6.87,70.75,14.446,2.65,7.52,0.17,0.45,,,,,,,,
2026-07-22T19:08:07Z,3.9,7.04,70.73,14.605,2.54,7.59,0.24,0.45,,,,,,,,
2026-07-22T19:09:39Z,3.42,7.13,70.72,14.841,2.41,7.64,0.22,0.44,,,,,,,,
2026-07-22T19:11:11Z,2.89,7.37,70.58,15.431,2.42,7.83,0.19,0.47,,,,,,,,
2026-07-22T19:12:43Z,2.41,7.74,70.72,16.638,2.56,8.43,0.27,0.51,,,,,,,,
2026-07-22T19:14:15Z,1.9,7.9,70.76,17.493,2.84,8.7,0.28,0.45,,,,,,,,
2026-07-22T19:15:47Z,1.4,8.02,70.68,17.9,2.82,8.77,0.29,0.44,,,,,,,,
2026-07-22T19:17:19Z,0.88,7.97,70.7,18.268,2.78,8.73,0.26,0.44,,,,,,,,
2026-07-22T23:01:59Z,6.08,6.83,70.62,14.575,3.01,7.53,0.18,0.5,,,,,,,,
2026-07-22T23:03:32Z,5.42,6.86,70.77,14.527,2.9,7.51,0.2,0.49,,,,,,,,
2026-07-22T23:05:04Z,4.93,6.86,70.79,14.544,2.93,7.52,0.19,0.46,,,,,,,,
2026-07-22T23:06:36Z,4.41,6.87,70.8,14.571,2.75,7.52,0.2,0.46,,,,,,,,
2026-07-22T23:08:08Z,3.92,6.9,70.81,14.612,2.91,7.53,0.2,0.49,,,,,,,,
2026-07-22T23:09:40Z,3.42,6.95,70.8,14.675,2.78,7.55,0.17,0.5,,,,,,,,
2026-07-22T23:11:12Z,2.89,7.47,70.77,15.052,2.37,7.84,0.21,0.49,,,,,,,,
2026-07-22T23:12:44Z,2.41,7.98,70.79,18.264,2.9,8.73,0.25,0.42,,,,,,,,
2026-07-22T23:14:16Z,1.9,7.92,70.77,18.502,2.73,8.71,0.29,0.45,,,,,,,,
2026-07-22T23:15:48Z,1.41,7.92,70.79,18.735,2.99,8.73,0.28,0.44,,,,,,,,
2026-07-22T23:17:20Z,0.89,7.91,70.85,19.179,2.82,8.75,0.3,0.39,,,,,,,,
2026-07-23T03:02:01Z,6.04,6.81,70.53,14.539,2.8,7.51,0.22,0.69,,,,,,,,
2026-07-23T03:03:34Z,5.45,6.87,70.72,14.446,2.68,7.52,0.21,0.65,,,,,,,,
2026-07-23T03:05:07Z,4.95,6.87,70.76,14.44,2.64,7.53,0.2,0.61,,,,,,,,
2026-07-23T03:06:40Z,4.46,6.93,70.81,14.515,2.6,7.54,0.22,0.61,,,,,,,,
2026-07-23T03:08:13Z,3.97,7.06,70.75,14.62,2.51,7.6,0.22,0.58,,,,,,,,
2026-07-23T03:09:46Z,3.46,7.19,70.79,14.786,2.59,7.67,0.22,0.54,,,,,,,,
2026-07-23T03:11:19Z,2.96,7.46,70.73,15.075,2.55,7.82,0.21,0.6,,,,,,,,
2026-07-23T03:12:52Z,2.45,7.96,70.69,15.967,2.41,8.35,0.23,0.51,,,,,,,,
2026-07-23T03:14:25Z,1.94,8.03,71.28,17.461,2.63,8.7,0.33,0.47,,,,,,,,
2026-07-23T03:15:58Z,1.45,7.93,70.9,18.393,2.71,8.78,0.28,0.54,,,,,,,,
2026-07-23T03:17:31Z,0.94,7.97,70.79,18.59,2.64,8.79,0.31,0.58,,,,,,,,
2026-07-23T07:02:05Z,6.1,6.88,70.58,14.438,2.85,7.54,0.21,0.64,,,,,,,,
2026-07-23T07:03:39Z,5.46,6.91,70.74,14.338,2.56,7.52,0.21,0.62,,,,,,,,
2026-07-23T07:05:12Z,4.97,6.92,70.75,14.321,2.77,7.53,0.24,0.68,,,,,,,,
2026-07-23T07:06:45Z,4.47,6.97,70.77,14.565,2.53,7.56,0.23,0.56,,,,,,,,
2026-07-23T07:08:18Z,3.98,6.98,70.76,14.583,2.41,7.57,0.17,0.56,,,,,,,,
2026-07-23T07:09:51Z,3.46,7.09,70.72,14.655,2.49,7.61,0.2,0.54,,,,,,,,
2026-07-23T07:11:24Z,2.98,7.23,70.73,15.046,2.48,7.68,0.26,0.56,,,,,,,,
2026-07-23T07:12:57Z,2.48,7.69,70.85,16.084,2.8,8.18,0.31,0.53,,,,,,,,
2026-07-23T07:14:30Z,1.96,7.89,70.87,17.172,2.51,8.55,0.37,0.52,,,,,,,,
2026-07-23T07:16:03Z,1.46,7.89,70.97,18.092,3.03,8.67,0.29,0.49,,,,,,,,
2026-07-23T07:17:36Z,0.96,7.81,70.72,18.456,3.1,8.7,0.38,0.5,,,,,,,,
2026-07-23T11:02:05Z,6.07,6.8,70.64,14.345,2.71,7.52,0.19,0.61,,,,,,,,
2026-07-23T11:03:39Z,5.48,6.76,70.73,14.282,2.64,7.49,0.21,0.66,,,,,,,,
2026-07-23T11:05:12Z,4.98,6.81,70.77,14.272,2.69,7.51,0.2,0.63,,,,,,,,
2026-07-23T11:06:45Z,4.47,6.85,70.79,14.29,2.52,7.53,0.23,0.62,,,,,,,,
2026-07-23T11:08:18Z,3.98,7.05,70.77,14.417,2.57,7.61,0.23,0.62,,,,,,,,
2026-07-23T11:09:51Z,3.5,7.45,70.73,14.672,2.45,7.81,0.18,0.56,,,,,,,,
2026-07-23T11:11:24Z,2.98,7.2,70.84,15.037,2.56,7.71,0.22,0.55,,,,,,,,
2026-07-23T11:12:57Z,2.47,7.41,70.98,16.138,2.71,7.99,0.27,0.51,,,,,,,,
2026-07-23T11:14:30Z,1.96,7.71,70.74,17.247,2.58,8.46,0.33,0.48,,,,,,,,
2026-07-23T11:16:03Z,1.47,7.67,70.72,18.079,3.09,8.62,0.33,0.46,,,,,,,,
2026-07-23T11:17:36Z,0.96,7.65,70.59,18.175,2.81,8.62,0.31,0.61,,,,,,,,
2026-07-23T15:02:01Z,5.99,6.6,70.58,14.308,2.68,7.47,0.16,0.46,,,,,,,,
2026-07-23T15:03:34Z,5.45,6.6,70.78,14.182,2.64,7.45,0.16,0.44,,,,,,,,
2026-07-23T15:05:07Z,4.95,6.61,70.81,14.186,2.54,7.45,0.19,0.42,,,,,,,,
2026-07-23T15:06:40Z,4.46,6.69,70.83,14.258,2.63,7.48,0.21,0.44,,,,,,,,
2026-07-23T15:08:13Z,3.97,6.8,70.77,14.345,2.36,7.51,0.22,0.43,,,,,,,,
2026-07-23T15:09:46Z,3.46,6.93,70.81,14.576,2.51,7.57,0.21,0.46,,,,,,,,
2026-07-23T15:11:19Z,2.97,7,70.87,14.781,2.69,7.62,0.26,0.52,,,,,,,,
2026-07-23T15:12:52Z,2.46,7.47,70.95,15.79,2.69,7.99,0.23,0.47,,,,,,,,
2026-07-23T15:14:25Z,1.94,7.96,71.08,16.935,2.46,8.63,0.26,0.45,,,,,,,,
2026-07-23T15:15:57Z,1.46,7.69,70.71,17.778,3.12,8.61,0.39,0.46,,,,,,,,
2026-07-23T15:17:30Z,0.92,7.67,70.58,17.885,3,8.62,0.41,0.42,,,,,,,,
2026-07-23T19:01:59Z,6.09,6.55,70.72,14.109,2.83,7.45,0.16,0.39,,,,,,,,
2026-07-23T19:03:32Z,5.42,6.59,70.8,14.094,2.58,7.43,0.16,0.36,,,,,,,,
2026-07-23T19:05:04Z,4.93,6.61,70.81,14.099,2.62,7.44,0.17,0.34,,,,,,,,
2026-07-23T19:06:36Z,4.41,6.7,70.8,14.165,2.5,7.47,0.19,0.38,,,,,,,,
2026-07-23T19:08:08Z,3.93,6.85,70.78,14.358,2.44,7.52,0.22,0.42,,,,,,,,
2026-07-23T19:09:40Z,3.41,6.92,70.78,14.518,2.6,7.55,0.19,0.42,,,,,,,,
2026-07-23T19:11:12Z,2.91,7.04,70.74,14.712,2.38,7.61,0.22,0.44,,,,,,,,
2026-07-23T19:12:44Z,2.4,7.2,70.81,15.017,2.43,7.7,0.2,0.5,,,,,,,,
2026-07-23T19:14:16Z,1.92,7.91,70.99,17.967,2.95,8.76,0.36,0.44,,,,,,,,
2026-07-23T19:15:48Z,1.4,7.87,70.71,18.278,2.87,8.76,0.33,0.48,,,,,,,,
2026-07-23T19:17:20Z,0.92,7.86,70.66,18.361,2.82,8.76,0.34,0.49,,,,,,,,
2026-07-23T23:01:59Z,6.08,6.62,70.47,14.241,3.01,7.47,0.16,0.4,,,,,,,,
2026-07-23T23:03:32Z,5.42,6.63,70.75,14.058,2.91,7.45,0.16,0.43,,,,,,,,
2026-07-23T23:05:04Z,4.93,6.71,70.73,14.051,2.66,7.46,0.17,0.41,,,,,,,,
2026-07-23T23:06:36Z,4.41,6.74,70.76,14.096,2.83,7.48,0.17,0.4,,,,,,,,
2026-07-23T23:08:08Z,3.93,6.77,70.85,14.15,2.66,7.48,0.19,0.42,,,,,,,,
2026-07-23T23:09:40Z,3.4,6.89,70.77,14.392,2.43,7.53,0.23,0.45,,,,,,,,
2026-07-23T23:11:12Z,2.93,7.03,70.83,14.614,2.64,7.6,0.18,0.48,,,,,,,,
2026-07-23T23:12:44Z,2.43,7.16,70.79,14.816,2.48,7.66,0.23,0.51,,,,,,,,
2026-07-23T23:14:16Z,1.92,7.37,70.72,15.162,2.44,7.78,0.23,0.52,,,,,,,,
2026-07-23T23:15:48Z,1.4,8.04,71.26,18.26,3.22,8.84,0.38,0.44,,,,,,,,
2026-07-23T23:17:20Z,0.92,8.02,70.87,18.678,3.45,8.85,0.32,0.45,,,,,,,,
2026-07-24T03:02:00Z,6.06,6.86,70.48,14.362,2.67,7.54,0.21,0.59,,,,,,,,
2026-07-24T03:03:33Z,5.45,6.84,70.69,14.206,2.46,7.52,0.25,0.65,,,,,,,,
2026-07-24T03:05:06Z,4.93,6.9,70.73,14.29,2.4,7.54,0.22,0.74,,,,,,,,
2026-07-24T03:06:38Z,4.44,6.93,70.71,14.332,2.69,7.55,0.26,0.65,,,,,,,,
2026-07-24T03:08:11Z,3.95,6.99,70.75,14.396,2.38,7.57,0.22,0.59,,,,,,,,
2026-07-24T03:09:44Z,3.46,7.12,70.78,14.544,2.56,7.63,0.19,0.52,,,,,,,,
2026-07-24T03:11:17Z,2.94,7.26,70.8,14.743,2.29,7.71,0.19,0.66,,,,,,,,
2026-07-24T03:12:50Z,2.45,7.59,70.86,15.494,2.42,8,0.21,0.5,,,,,,,,
2026-07-24T03:14:23Z,1.95,7.95,70.84,16.825,3.28,8.51,0.23,0.53,,,,,,,,
2026-07-24T03:15:56Z,1.44,7.9,70.6,18.038,3.19,8.81,0.46,0.66,,,,,,,,
2026-07-24T03:17:29Z,0.94,7.91,70.17,18.431,2.95,8.84,0.31,0.56,,,,,,,,
2026-07-24T07:02:02Z,6.02,6.71,70.51,14.173,2.6,7.48,0.22,0.69,,,,,,,,
2026-07-24T07:03:35Z,5.48,6.69,70.74,14.013,2.65,7.46,0.22,0.72,,,,,,,,
2026-07-24T07:05:08Z,4.98,6.73,70.73,14.019,2.8,7.46,0.26,0.79,,,,,,,,
2026-07-24T07:06:41Z,4.46,6.79,70.77,14.073,2.54,7.48,0.26,0.64,,,,,,,,
2026-07-24T07:08:14Z,3.99,6.94,70.75,14.239,2.55,7.54,0.22,0.56,,,,,,,,
2026-07-24T07:09:47Z,3.49,7.21,70.66,14.618,2.57,7.68,0.21,0.53,,,,,,,,
2026-07-24T07:11:19Z,2.99,7.35,70.81,15.229,2.48,7.8,0.27,0.46,,,,,,,,
2026-07-24T07:12:52Z,2.48,7.83,70.86,15.663,2.37,8.21,0.26,0.54,,,,,,,,
2026-07-24T07:14:25Z,1.98,7.95,70.93,17.516,3.03,8.65,0.36,0.45,,,,,,,,
2026-07-24T07:15:58Z,1.47,7.82,70.11,18.176,3.07,8.77,0.41,0.49,,,,,,,,
2026-07-24T07:17:31Z,0.98,7.81,70,18.214,3.05,8.77,0.41,0.41,,,,,,,,
2026-07-24T11:02:06Z,6.08,6.66,70.53,14.13,2.42,7.46,0.23,0.69,,,,,,,,
2026-07-24T11:03:40Z,5.49,6.65,70.73,13.979,2.65,7.44,0.31,0.8,,,,,,,,
2026-07-24T11:05:13Z,4.96,6.67,70.74,13.977,2.71,7.45,0.25,0.72,,,,,,,,
2026-07-24T11:06:46Z,4.49,6.73,70.75,14.031,2.74,7.47,0.23,0.64,,,,,,,,
2026-07-24T11:08:19Z,3.98,6.84,70.74,14.124,2.42,7.51,0.22,0.62,,,,,,,,
2026-07-24T11:09:52Z,3.49,7.35,70.86,14.881,2.4,7.76,0.23,0.55,,,,,,,,
2026-07-24T11:11:25Z,3,7.15,70.7,15.134,2.45,7.69,0.21,0.44,,,,,,,,
2026-07-24T11:12:58Z,2.48,7.52,70.86,15.689,2.9,7.98,0.24,0.51,,,,,,,,
2026-07-24T11:14:31Z,1.99,7.9,70.91,17.1,2.3,8.57,0.31,0.59,,,,,,,,
2026-07-24T11:16:04Z,1.49,7.79,70.32,17.84,2.83,8.71,0.4,0.64,,,,,,,,
2026-07-24T11:17:37Z,0.97,7.77,70.24,17.902,3,8.71,0.49,0.58,,,,,,,,
2026-07-24T15:02:01Z,6,6.62,70.45,14.191,2.66,7.46,0.16,0.48,,,,,,,,
2026-07-24T15:03:34Z,5.47,6.59,70.71,13.989,2.47,7.42,0.18,0.46,,,,,,,,
2026-07-24T15:05:07Z,4.94,6.62,70.75,14.019,2.46,7.44,0.21,0.55,,,,,,,,
2026-07-24T15:06:40Z,4.46,6.66,70.77,14.026,2.76,7.44,0.24,0.49,,,,,,,,
2026-07-24T15:08:13Z,3.98,6.76,70.73,14.151,2.51,7.49,0.21,0.54,,,,,,,,
2026-07-24T15:09:46Z,3.46,6.98,70.78,14.384,2.21,7.56,0.24,0.52,,,,,,,,
2026-07-24T15:11:19Z,2.96,7.01,70.77,14.632,2.31,7.57,0.31,0.57,,,,,,,,
2026-07-24T15:12:52Z,2.44,7.42,71.13,15.816,2.49,8.01,0.3,0.52,,,,,,,,
2026-07-24T15:14:25Z,1.95,7.76,70.97,17.438,2.16,8.71,0.35,0.4,,,,,,,,
2026-07-24T15:15:58Z,1.44,7.76,70.87,17.499,2.79,8.73,0.31,0.46,,,,,,,,
2026-07-24T15:17:30Z,0.94,7.77,70.77,17.532,2.3,8.7,0.25,0.44,,,,,,,,
2026-07-24T19:01:58Z,6.12,6.6,70.63,13.978,2.73,7.45,0.19,0.43,,,,,,,,
2026-07-24T19:03:32Z,5.39,6.63,70.71,13.951,2.81,7.43,0.2,0.45,,,,,,,,
2026-07-24T19:05:04Z,4.9,6.65,70.76,13.955,2.9,7.43,0.19,0.44,,,,,,,,
2026-07-24T19:06:36Z,4.41,6.72,70.75,14.042,2.56,7.45,0.21,0.52,,,,,,,,
2026-07-24T19:08:08Z,3.91,6.76,70.73,14.17,2.31,7.47,0.22,0.47,,,,,,,,
2026-07-24T19:09:40Z,3.41,6.88,70.76,14.289,2.44,7.51,0.24,0.5,,,,,,,,
2026-07-24T19:11:12Z,2.89,7.04,70.71,14.41,2.43,7.58,0.18,0.47,,,,,,,,
2026-07-24T19:12:44Z,2.41,7.68,71.04,15.9,2.48,8.2,0.23,0.45,,,,,,,,
2026-07-24T19:14:16Z,1.89,8.11,70.82,17.557,2.68,8.83,0.25,0.44,,,,,,,,
2026-07-24T19:15:48Z,1.4,8.05,70.41,18.16,3.06,8.89,0.29,0.39,,,,,,,,
2026-07-24T19:17:20Z,0.91,7.9,70.54,18.992,2.75,8.8,0.25,0.4,,,,,,,,
2026-07-24T23:01:59Z,6.1,6.6,70.6,13.993,3.1,7.46,0.14,0.44,,,,,,,,
2026-07-24T23:03:32Z,5.42,6.68,70.71,13.941,2.88,7.43,0.22,0.5,,,,,,,,
2026-07-24T23:05:04Z,4.92,6.68,70.72,13.939,2.96,7.44,0.17,0.46,,,,,,,,
2026-07-24T23:06:36Z,4.4,6.75,70.75,13.997,2.66,7.45,0.2,0.49,,,,,,,,
2026-07-24T23:08:08Z,3.93,6.75,70.7,14.059,2.36,7.45,0.22,0.47,,,,,,,,
2026-07-24T23:09:40Z,3.42,6.81,70.71,14.207,2.38,7.47,0.22,0.52,,,,,,,,
2026-07-24T23:11:12Z,2.88,7.05,70.73,14.46,2.29,7.57,0.23,0.48,,,,,,,,
2026-07-24T23:12:44Z,2.4,7.32,70.82,15.162,2.54,7.81,0.21,0.46,,,,,,,,
2026-07-24T23:14:16Z,1.9,8.21,70.91,17.005,2.58,8.7,0.26,0.48,,,,,,,,
2026-07-24T23:15:48Z,1.38,8.27,71.19,18.111,2.73,8.91,0.33,0.44,,,,,,,,
2026-07-24T23:17:20Z,0.9,8.13,70.81,19.023,2.95,8.88,0.3,0.42,,,,,,,,
2026-07-25T03:01:59Z,6.08,6.55,70.53,14.063,2.98,7.46,0.15,0.59,,,,,,,,
2026-07-25T03:03:32Z,5.43,6.57,70.72,13.945,3.03,7.43,0.21,0.79,,,,,,,,
2026-07-25T03:05:04Z,4.92,6.61,70.73,13.939,2.97,7.43,0.21,0.63,,,,,,,,
2026-07-25T03:06:36Z,4.41,6.78,70.71,14.034,2.56,7.47,0.2,0.61,,,,,,,,
2026-07-25T03:08:08Z,3.93,6.83,70.69,14.154,2.5,7.49,0.21,0.65,,,,,,,,
2026-07-25T03:09:40Z,3.44,6.94,70.69,14.29,2.34,7.53,0.2,0.55,,,,,,,,
2026-07-25T03:11:13Z,2.93,7.44,70.71,15.006,2.45,7.81,0.23,0.55,,,,,,,,
2026-07-25T03:12:45Z,2.44,7.55,70.63,15.54,2.62,7.98,0.24,0.58,,,,,,,,
2026-07-25T03:14:17Z,1.92,8,71,17.769,2.8,8.69,0.31,0.46,,,,,,,,
2026-07-25T03:15:49Z,1.43,8.14,70.95,18.901,2.6,8.88,0.31,0.45,,,,,,,,
2026-07-25T03:17:21Z,0.92,8.09,70.91,19.248,2.81,8.84,0.35,0.51,,,,,,,,
2026-07-25T07:02:01Z,6.02,6.93,70.53,14.094,2.66,7.55,0.18,0.62,,,,,,,,
2026-07-25T07:03:34Z,5.48,6.98,70.63,14.061,2.7,7.54,0.24,0.62,,,,,,,,
2026-07-25T07:05:07Z,4.94,7.02,70.64,14.122,2.68,7.54,0.22,0.55,,,,,,,,
2026-07-25T07:06:39Z,4.47,7.01,70.68,14.104,2.52,7.54,0.21,0.64,,,,,,,,
2026-07-25T07:08:12Z,3.95,7.09,70.69,14.21,2.88,7.58,0.22,0.54,,,,,,,,
2026-07-25T07:09:45Z,3.47,7.12,70.74,14.448,2.75,7.62,0.23,0.57,,,,,,,,
2026-07-25T07:11:18Z,2.97,7.39,70.66,15.079,2.37,7.78,0.26,0.51,,,,,,,,
2026-07-25T07:12:51Z,2.46,7.46,70.66,15.638,2.43,7.92,0.29,0.52,,,,,,,,
2026-07-25T07:14:24Z,1.95,7.74,70.65,16.823,2.71,8.35,0.37,0.56,,,,,,,,
2026-07-25T07:15:57Z,1.45,7.9,71.08,18.875,2.86,8.82,0.36,0.39,,,,,,,,
2026-07-25T07:17:30Z,0.94,7.92,70.93,19.006,2.63,8.83,0.37,0.39,,,,,,,,
2026-07-25T11:02:05Z,6.07,6.7,70.48,14.041,2.94,7.49,0.26,0.69,,,,,,,,
2026-07-25T11:03:39Z,5.48,6.72,70.63,13.948,2.6,7.47,0.19,0.61,,,,,,,,
2026-07-25T11:05:12Z,4.97,6.75,70.67,13.944,2.66,7.47,0.21,0.58,,,,,,,,
2026-07-25T11:06:45Z,4.46,6.86,70.66,14.033,2.51,7.5,0.21,0.62,,,,,,,,
2026-07-25T11:08:18Z,3.98,6.92,70.69,14.079,2.39,7.52,0.2,0.59,,,,,,,,
2026-07-25T11:09:51Z,3.46,7.21,70.72,14.439,2.48,7.64,0.23,0.54,,,,,,,,
2026-07-25T11:11:24Z,2.97,7.74,70.63,15.307,2.31,8.06,0.26,0.52,,,,,,,,
2026-07-25T11:12:57Z,2.46,8.26,71.15,17.009,2.36,8.69,0.26,0.49,,,,,,,,
2026-07-25T11:14:30Z,1.96,7.86,70.71,18.372,2.99,8.75,0.38,0.5,,,,,,,,
2026-07-25T11:16:03Z,1.46,7.87,70.66,18.42,2.58,8.76,0.38,0.43,,,,,,,,
2026-07-25T11:17:36Z,0.96,7.86,70.64,18.425,2.71,8.75,0.37,0.42,,,,,,,,
2026-07-25T15:02:04Z,6.1,6.59,70.47,13.993,2.82,7.45,0.13,0.47,,,,,,,,
2026-07-25T15:03:38Z,5.44,6.58,70.63,13.913,2.8,7.43,0.19,0.5,,,,,,,,
2026-07-25T15:05:11Z,4.95,6.59,70.65,13.905,2.59,7.42,0.18,0.46,,,,,,,,
2026-07-25T15:06:44Z,4.45,6.66,70.74,13.969,2.61,7.45,0.17,0.54,,,,,,,,
2026-07-25T15:08:16Z,3.98,6.72,70.67,13.989,2.54,7.46,0.2,0.46,,,,,,,,
2026-07-25T15:09:49Z,3.46,7.01,70.64,14.214,2.47,7.57,0.19,0.51,,,,,,,,
2026-07-25T15:11:22Z,2.96,7.16,70.54,15.301,2.46,7.66,0.26,0.49,,,,,,,,
2026-07-25T15:12:55Z,2.45,7.51,70.64,16.409,2.72,8.03,0.28,0.48,,,,,,,,
2026-07-25T15:14:27Z,1.95,7.84,70.84,17.946,2.56,8.75,0.35,0.46,,,,,,,,
2026-07-25T15:16:00Z,1.44,7.86,70.73,18.027,2.4,8.76,0.29,0.46,,,,,,,,
2026-07-25T15:17:32Z,0.93,7.86,70.69,18.101,2.74,8.76,0.25,0.46,,,,,,,,
2026-07-25T19:01:58Z,6.06,6.52,70.63,13.859,2.81,7.4,0.14,0.4,,,,,,,,
2026-07-25T19:03:31Z,5.38,6.52,70.7,13.829,2.77,7.36,0.14,0.4,,,,,,,,
2026-07-25T19:05:03Z,4.89,6.59,70.68,13.865,2.71,7.37,0.2,0.47,,,,,,,,
2026-07-25T19:06:35Z,4.4,6.7,70.64,13.927,2.65,7.4,0.21,0.47,,,,,,,,
2026-07-25T19:08:07Z,3.87,6.84,70.61,14.036,2.63,7.43,0.21,0.45,,,,,,,,
2026-07-25T19:09:39Z,3.43,6.91,70.64,14.07,2.7,7.45,0.19,0.44,,,,,,,,
2026-07-25T19:11:11Z,2.89,6.95,70.43,14.373,2.52,7.51,0.21,0.47,,,,,,,,
2026-07-25T19:12:43Z,2.4,7.64,70.96,16.822,2.73,8.21,0.27,0.49,,,,,,,,
2026-07-25T19:14:15Z,1.91,7.9,70.98,18.177,2.8,8.61,0.24,0.43,,,,,,,,
2026-07-25T19:15:47Z,1.38,7.99,70.94,18.32,2.61,8.72,0.27,0.42,,,,,,,,
2026-07-25T19:17:19Z,0.91,8.05,71.21,18.798,2.72,8.77,0.28,0.49,,,,,,,,
2026-07-25T23:01:57Z,6.06,6.5,70.52,13.853,3.63,7.41,0.11,0.44,,,,,,,,
2026-07-25T23:03:30Z,5.4,6.66,70.59,13.863,2.92,7.43,0.15,0.45,,,,,,,,
2026-07-25T23:05:02Z,4.9,6.69,70.61,13.867,2.98,7.43,0.21,0.47,,,,,,,,
2026-07-25T23:06:34Z,4.39,6.81,70.6,13.936,2.58,7.46,0.2,0.54,,,,,,,,
2026-07-25T23:08:06Z,3.92,7.05,70.6,14.183,2.65,7.55,0.26,0.54,,,,,,,,
2026-07-25T23:09:38Z,3.38,7.14,70.46,14.394,2.49,7.61,0.23,0.59,,,,,,,,
2026-07-25T23:11:10Z,2.93,7.54,70.58,14.935,2.72,7.83,0.23,0.51,,,,,,,,
2026-07-25T23:12:42Z,2.41,7.81,70.58,16.721,2.57,8.31,0.24,0.44,,,,,,,,
2026-07-25T23:14:14Z,1.88,8.04,71.12,17.939,2.93,8.7,0.25,0.42,,,,,,,,
2026-07-25T23:15:46Z,1.4,8.04,71.08,18.869,2.64,8.74,0.25,0.41,,,,,,,,
2026-07-25T23:17:18Z,0.88,8.08,71.14,18.974,2.59,8.78,0.25,0.4,,,,,,,,
2026-07-26T03:01:59Z,6.08,6.65,70.5,14.022,2.98,7.47,0.21,0.88,,,,,,,,
2026-07-26T03:03:32Z,5.43,6.7,70.62,13.985,2.8,7.45,0.21,0.67,,,,,,,,
2026-07-26T03:05:04Z,4.92,6.74,70.66,14.004,2.97,7.45,0.22,0.67,,,,,,,,
2026-07-26T03:06:36Z,4.42,6.83,70.66,14.075,2.65,7.48,0.22,0.57,,,,,,,,
2026-07-26T03:08:08Z,3.91,7.13,70.65,14.385,2.53,7.6,0.22,0.57,,,,,,,,
2026-07-26T03:09:40Z,3.42,7.76,70.7,14.888,2.43,8.01,0.23,0.65,,,,,,,,
2026-07-26T03:11:12Z,2.9,7.55,70.59,15.096,2.56,7.86,0.24,0.56,,,,,,,,
2026-07-26T03:12:44Z,2.41,7.66,70.72,16.089,2.61,8.05,0.29,0.55,,,,,,,,
2026-07-26T03:14:16Z,1.91,8,71,17.827,2.73,8.63,0.23,0.5,,,,,,,,
2026-07-26T03:15:48Z,1.41,7.98,71.53,19.561,2.8,8.76,0.23,0.39,,,,,,,,
2026-07-26T03:17:20Z,0.93,7.92,71.38,19.872,2.66,8.75,0.3,0.39,,,,,,,,
2026-07-26T07:02:02Z,6.03,6.57,70.39,14.057,2.93,7.45,0.26,0.79,,,,,,,,
2026-07-26T07:03:35Z,5.46,6.58,70.55,13.92,2.93,7.41,0.22,0.81,,,,,,,,
2026-07-26T07:05:08Z,4.97,6.63,70.61,13.914,2.83,7.43,0.23,0.77,,,,,,,,
2026-07-26T07:06:41Z,4.47,6.86,70.58,14.1,2.9,7.5,0.24,0.8,,,,,,,,
2026-07-26T07:08:14Z,3.96,7.01,70.68,14.282,2.51,7.56,0.21,0.7,,,,,,,,
2026-07-26T07:09:47Z,3.44,7.14,70.67,14.449,2.59,7.61,0.19,0.62,,,,,,,,
2026-07-26T07:11:20Z,2.95,7.86,70.78,14.676,2.4,8.09,0.18,0.51,,,,,,,,
2026-07-26T07:12:53Z,2.46,7.99,70.72,15.37,2.5,8.41,0.26,0.48,,,,,,,,
2026-07-26T07:14:26Z,1.95,8.23,71.23,18.24,2.62,8.79,0.28,0.43,,,,,,,,
2026-07-26T07:15:59Z,1.46,7.85,71.14,18.961,2.5,8.6,0.33,0.38,,,,,,,,
2026-07-26T07:17:32Z,0.96,7.86,71.04,19.179,2.83,8.67,0.26,0.42,,,,,,,,
2026-07-26T11:02:06Z,6.08,6.69,70.18,14.225,2.96,7.48,0.22,0.76,,,,,,,,
2026-07-26T11:03:40Z,5.48,6.64,70.51,14.005,2.7,7.45,0.25,0.75,,,,,,,,
2026-07-26T11:05:13Z,4.96,6.65,70.55,13.945,2.6,7.45,0.28,0.84,,,,,,,,
2026-07-26T11:06:46Z,4.5,6.74,70.56,13.998,2.54,7.47,0.23,0.84,,,,,,,,
2026-07-26T11:08:19Z,3.98,6.91,70.54,14.15,2.43,7.52,0.21,0.67,,,,,,,,
2026-07-26T11:09:52Z,3.48,7.26,70.61,14.571,2.4,7.68,0.24,0.53,,,,,,,,
2026-07-26T11:11:25Z,2.96,7.4,70.79,15.642,2.62,7.85,0.29,0.48,,,,,,,,
2026-07-26T11:12:58Z,2.47,7.82,70.96,16.991,2.37,8.37,0.31,0.51,,,,,,,,
2026-07-26T11:14:31Z,1.97,7.88,71.05,18.022,2.68,8.56,0.31,0.48,,,,,,,,
2026-07-26T11:16:04Z,1.47,7.92,70.89,18.654,2.95,8.71,0.37,0.47,,,,,,,,
2026-07-26T11:17:37Z,0.97,7.93,70.85,18.693,2.92,8.72,0.35,0.46,,,,,,,,
2026-07-26T15:02:01Z,6.04,6.5,70.39,14.082,3.36,7.42,0.14,0.54,,,,,,,,
2026-07-26T15:03:34Z,5.44,6.55,70.54,13.922,2.71,7.41,0.17,0.45,,,,,,,,
2026-07-26T15:05:06Z,4.94,6.77,70.54,14.002,3.07,7.48,0.14,0.44,,,,,,,,
2026-07-26T15:06:39Z,4.43,7.05,70.53,14.18,2.53,7.58,0.24,0.54,,,,,,,,
2026-07-26T15:08:12Z,3.93,7.33,70.58,14.432,2.43,7.72,0.17,0.55,,,,,,,,
2026-07-26T15:09:44Z,3.43,7.4,70.66,14.704,2.26,7.76,0.21,0.52,,,,,,,,
2026-07-26T15:11:16Z,2.94,7.46,70.61,15.225,2.45,7.83,0.24,0.57,,,,,,,,
2026-07-26T15:12:48Z,2.43,8.13,70.74,16.398,2.72,8.51,0.27,0.51,,,,,,,,
2026-07-26T15:14:20Z,1.94,7.87,71.01,18.262,2.98,8.65,0.27,0.48,,,,,,,,
2026-07-26T15:15:53Z,1.43,7.97,70.94,18.335,2.81,8.72,0.26,0.45,,,,,,,,
2026-07-26T15:17:25Z,0.92,8.01,70.91,18.376,2.68,8.75,0.25,0.48,,,,,,,,
2026-07-26T19:01:58Z,6.05,6.45,70.48,13.877,2.85,7.42,0.14,0.39,,,,,,,,
2026-07-26T19:03:31Z,5.42,6.67,70.57,13.92,2.71,7.43,0.18,0.4,,,,,,,,
2026-07-26T19:05:03Z,4.86,6.9,70.56,14.007,2.45,7.48,0.18,0.39,,,,,,,,
2026-07-26T19:06:35Z,4.41,7.31,70.55,14.3,2.54,7.65,0.22,0.48,,,,,,,,
2026-07-26T19:08:07Z,3.93,7.43,70.5,14.699,2.25,7.76,0.21,0.51,,,,,,,,
2026-07-26T19:09:39Z,3.38,7.71,70.66,15.167,2.6,7.96,0.27,0.51,,,,,,,,
2026-07-26T19:11:11Z,2.88,7.65,70.4,15.41,2.58,7.96,0.23,0.56,,,,,,,,
2026-07-26T19:12:43Z,2.4,7.95,70.87,16.935,2.6,8.35,0.23,0.51,,,,,,,,
2026-07-26T19:14:15Z,1.91,8.2,71,18.25,2.81,8.78,0.27,0.5,,,,,,,,
2026-07-26T19:15:47Z,1.38,8.12,71.09,18.601,3.02,8.77,0.26,0.46,,,,,,,,
2026-07-26T19:17:19Z,0.9,8.02,71.27,19.33,2.78,8.69,0.26,0.42,,,,,,,,
2026-07-26T23:01:59Z,6.03,6.97,70.37,14.265,2.79,7.55,0.16,0.56,,,,,,,,
2026-07-26T23:03:32Z,5.41,7.1,70.5,14.356,2.79,7.58,0.17,0.58,,,,,,,,
2026-07-26T23:05:04Z,4.93,7.1,70.55,14.355,2.86,7.58,0.21,0.58,,,,,,,,
2026-07-26T23:06:37Z,4.41,7.26,70.56,14.557,2.73,7.66,0.25,0.57,,,,,,,,
2026-07-26T23:08:09Z,3.94,7.35,70.54,14.632,2.43,7.7,0.21,0.59,,,,,,,,
2026-07-26T23:09:41Z,3.4,7.57,70.55,14.806,2.41,7.84,0.24,0.54,,,,,,,,
2026-07-26T23:11:13Z,2.91,7.78,70.69,16.594,2.57,8.22,0.22,0.47,,,,,,,,
2026-07-26T23:12:45Z,2.43,7.86,70.82,17.561,2.91,8.39,0.24,0.5,,,,,,,,
2026-07-26T23:14:17Z,1.92,7.93,70.92,18.312,2.63,8.57,0.27,0.47,,,,,,,,
2026-07-26T23:15:49Z,1.43,8.05,71.03,18.768,2.93,8.73,0.25,0.43,,,,,,,,
2026-07-26T23:17:21Z,0.91,8.08,71.05,18.841,2.68,8.76,0.3,0.44,,,,,,,,
2026-07-27T03:02:00Z,6.03,6.79,70.24,14.33,2.92,7.52,0.2,0.72,,,,,,,,
2026-07-27T03:03:33Z,5.46,6.85,70.48,14.219,2.73,7.52,0.23,0.7,,,,,,,,
2026-07-27T03:05:06Z,4.92,6.93,70.54,14.212,2.84,7.53,0.24,0.85,,,,,,,,
2026-07-27T03:06:39Z,4.44,6.95,70.56,14.246,2.85,7.55,0.23,0.85,,,,,,,,
2026-07-27T03:08:12Z,3.95,7.01,70.61,14.354,2.63,7.57,0.25,0.63,,,,,,,,
2026-07-27T03:09:45Z,3.46,7.44,70.57,14.91,2.48,7.79,0.2,0.57,,,,,,,,
2026-07-27T03:11:18Z,2.95,7.51,70.53,15.137,2.46,7.85,0.19,0.52,,,,,,,,
2026-07-27T03:12:50Z,2.47,7.85,70.92,17.395,2.76,8.39,0.26,0.49,,,,,,,,
2026-07-27T03:14:23Z,1.95,7.87,70.84,17.711,2.57,8.46,0.25,0.49,,,,,,,,
2026-07-27T03:15:56Z,1.46,7.88,70.91,18.132,2.64,8.52,0.28,0.45,,,,,,,,
2026-07-27T03:17:29Z,0.94,7.92,71.08,18.737,2.7,8.65,0.29,0.43,,,,,,,,
2026-07-27T07:02:02Z,6.01,6.72,70.18,14.329,2.99,7.47,0.29,1.21,,,,,,,,
2026-07-27T07:03:35Z,5.48,6.77,70.47,14.198,3.11,7.47,0.26,1.03,,,,,,,,
2026-07-27T07:05:08Z,4.96,6.85,70.55,14.236,2.77,7.5,0.22,0.84,,,,,,,,
2026-07-27T07:06:41Z,4.47,6.99,70.55,14.356,2.69,7.56,0.23,0.74,,,,,,,,
2026-07-27T07:08:14Z,3.97,7.21,70.57,14.526,2.39,7.66,0.23,0.66,,,,,,,,
2026-07-27T07:09:47Z,3.44,7.29,70.59,14.729,2.94,7.72,0.24,0.68,,,,,,,,
2026-07-27T07:11:20Z,2.95,7.33,70.7,14.99,2.49,7.75,0.24,0.55,,,,,,,,
2026-07-27T07:12:53Z,2.46,7.83,71.02,16.204,2.64,8.25,0.32,0.55,,,,,,,,
2026-07-27T07:14:26Z,1.95,7.81,71.09,17.787,2.95,8.43,0.33,0.48,,,,,,,,
2026-07-27T07:15:59Z,1.47,7.79,71,18.229,3.01,8.49,0.41,0.51,,,,,,,,
2026-07-27T07:17:32Z,0.95,7.8,71.03,18.433,2.73,8.56,0.32,0.49,,,,,,,,
2026-07-27T11:02:05Z,6.1,6.9,70.53,14.39,2.75,7.54,0.19,0.59,,,,,,,,
2026-07-27T11:03:39Z,5.5,6.94,70.64,14.403,2.57,7.54,0.21,0.58,,,,,,,,
2026-07-27T11:05:12Z,4.98,7.14,70.57,14.583,2.53,7.61,0.23,0.55,,,,,,,,
2026-07-27T11:06:45Z,4.47,7.23,70.55,14.741,2.54,7.66,0.2,0.56,,,,,,,,
2026-07-27T11:08:18Z,3.96,7.24,70.61,14.813,2.57,7.67,0.25,0.55,,,,,,,,
2026-07-27T11:09:51Z,3.45,7.25,70.63,14.982,2.62,7.68,0.18,0.5,,,,,,,,
2026-07-27T11:11:24Z,2.96,7.19,70.62,15.407,2.58,7.67,0.27,0.5,,,,,,,,
2026-07-27T11:12:57Z,2.48,7.13,70.71,15.64,2.57,7.64,0.23,0.52,,,,,,,,
2026-07-27T11:14:30Z,1.98,7.62,70.99,17.484,2.67,8.27,0.35,0.53,,,,,,,,
2026-07-27T11:16:03Z,1.48,7.69,70.88,17.87,2.87,8.4,0.31,0.5,,,,,,,,
2026-07-27T11:17:36Z,0.97,7.7,70.86,18.004,3.19,8.42,0.29,0.49,,,,,,,,
2026-07-27T15:02:04Z,6.08,6.44,70.58,14.233,2.94,7.42,0.14,0.47,,,,,,,,
2026-07-27T15:03:38Z,5.46,6.55,70.64,14.307,2.76,7.42,0.16,0.46,,,,,,,,
2026-07-27T15:05:11Z,4.92,6.64,70.65,14.39,2.71,7.43,0.2,0.48,,,,,,,,
2026-07-27T15:06:43Z,4.46,6.69,70.67,14.491,2.76,7.45,0.17,0.47,,,,,,,,
2026-07-27T15:08:16Z,3.96,6.71,70.65,14.541,2.74,7.45,0.21,0.49,,,,,,,,
2026-07-27T15:09:49Z,3.45,6.87,70.67,14.879,2.63,7.51,0.21,0.55,,,,,,,,
2026-07-27T15:11:21Z,2.97,7.23,70.66,15.739,2.4,7.71,0.26,0.57,,,,,,,,
2026-07-27T15:12:54Z,2.45,7.47,71.04,17.388,2.74,8.12,0.31,0.51,,,,,,,,
2026-07-27T15:14:26Z,1.96,7.53,70.97,17.892,2.59,8.31,0.27,0.48,,,,,,,,
2026-07-27T15:15:59Z,1.45,7.54,70.94,17.986,2.98,8.34,0.28,0.5,,,,,,,,
2026-07-27T15:17:32Z,0.95,7.58,70.93,18.108,2.59,8.39,0.34,0.53,,,,,,,,
2026-07-27T19:01:58Z,6.05,6.31,70.61,14.255,3.16,7.39,0.13,0.41,,,,,,,,
2026-07-27T19:03:31Z,5.42,6.42,70.71,14.21,2.78,7.38,0.16,0.37,,,,,,,,
2026-07-27T19:05:03Z,4.89,6.48,70.69,14.248,2.83,7.38,0.18,0.38,,,,,,,,
2026-07-27T19:06:35Z,4.44,6.54,70.71,14.343,2.65,7.4,0.17,0.41,,,,,,,,
2026-07-27T19:08:08Z,3.88,6.76,70.67,14.647,2.57,7.46,0.19,0.39,,,,,,,,
2026-07-27T19:09:40Z,3.39,6.89,70.64,14.786,2.4,7.52,0.19,0.42,,,,,,,,
2026-07-27T19:11:12Z,2.9,7.12,70.79,15.554,2.35,7.64,0.24,0.58,,,,,,,,
2026-07-27T19:12:44Z,2.4,7.4,70.8,16.616,2.41,7.93,0.22,0.53,,,,,,,,
2026-07-27T19:14:16Z,1.89,7.78,71.04,18.196,2.73,8.51,0.27,0.54,,,,,,,,
2026-07-27T19:15:48Z,1.41,7.81,71.07,18.408,2.8,8.54,0.25,0.53,,,,,,,,
2026-07-27T19:17:20Z,0.89,7.81,71.14,18.544,2.95,8.55,0.28,0.51,,,,,,,,
2026-07-27T23:01:59Z,6.07,6.26,70.67,14.213,3.18,7.38,0.12,0.38,,,,,,,,
2026-07-27T23:03:32Z,5.44,6.45,70.66,14.26,2.7,7.39,0.17,0.4,,,,,,,,
2026-07-27T23:05:04Z,4.9,6.52,70.7,14.32,2.55,7.41,0.18,0.41,,,,,,,,
2026-07-27T23:06:36Z,4.42,6.61,70.73,14.443,2.84,7.42,0.17,0.46,,,,,,,,
2026-07-27T23:08:08Z,3.92,6.68,70.68,14.48,2.75,7.44,0.18,0.43,,,,,,,,
2026-07-27T23:09:40Z,3.41,6.78,70.71,14.598,2.8,7.48,0.22,0.51,,,,,,,,
2026-07-27T23:11:12Z,2.9,6.88,70.7,14.867,2.41,7.53,0.21,0.59,,,,,,,,
2026-07-27T23:12:44Z,2.38,7.25,70.94,15.833,2.64,7.77,0.24,0.57,,,,,,,,
2026-07-27T23:14:16Z,1.92,7.87,71.43,16.94,2.89,8.46,0.33,0.53,,,,,,,,
2026-07-27T23:15:48Z,1.4,7.97,71.31,18.311,3.04,8.62,0.29,0.52,,,,,,,,
2026-07-27T23:17:20Z,0.92,7.95,71.36,18.907,3.1,8.64,0.29,0.46,,,,,,,,
2026-07-28T03:02:00Z,6.04,6.36,70.58,14.296,3.35,7.4,0.15,0.66,,,,,,,,
2026-07-28T03:03:33Z,5.45,6.49,70.66,14.314,2.81,7.4,0.2,0.86,,,,,,,,
2026-07-28T03:05:06Z,4.94,6.55,70.68,14.36,2.7,7.41,0.2,0.67,,,,,,,,
2026-07-28T03:06:39Z,4.45,6.64,70.74,14.488,2.52,7.44,0.21,0.61,,,,,,,,
2026-07-28T03:08:12Z,3.95,6.92,70.64,14.772,2.53,7.52,0.19,0.51,,,,,,,,
2026-07-28T03:09:45Z,3.45,6.98,70.66,14.875,2.62,7.55,0.2,0.56,,,,,,,,
2026-07-28T03:11:18Z,2.95,6.96,70.79,15.092,2.54,7.58,0.25,0.57,,,,,,,,
2026-07-28T03:12:51Z,2.45,7.2,70.79,15.552,2.46,7.71,0.24,0.6,,,,,,,,
2026-07-28T03:14:24Z,1.95,7.55,70.9,16.765,2.61,8.11,0.25,0.6,,,,,,,,
2026-07-28T03:15:57Z,1.45,7.86,70.98,17.686,2.94,8.47,0.32,0.56,,,,,,,,
2026-07-28T03:17:30Z,0.93,7.96,71.49,18.925,2.79,8.65,0.32,0.43,,,,,,,,
2026-07-28T07:02:05Z,6.07,6.29,70.56,14.315,3.07,7.37,0.22,0.8,,,,,,,,
2026-07-28T07:03:39Z,5.48,6.42,70.67,14.291,2.84,7.38,0.24,0.87,,,,,,,,
2026-07-28T07:05:12Z,4.96,6.55,70.67,14.379,2.57,7.41,0.22,0.93,,,,,,,,
2026-07-28T07:06:45Z,4.48,6.68,70.75,14.577,2.67,7.45,0.21,0.74,,,,,,,,
2026-07-28T07:08:18Z,3.97,6.71,70.74,14.673,2.49,7.47,0.21,0.66,,,,,,,,
2026-07-28T07:09:51Z,3.47,6.85,70.82,14.84,2.58,7.55,0.23,0.53,,,,,,,,
2026-07-28T07:11:24Z,2.95,7.12,70.79,15.275,2.98,7.64,0.3,0.53,,,,,,,,
2026-07-28T07:12:57Z,2.45,7.27,71.23,15.888,2.95,7.88,0.26,0.41,,,,,,,,
2026-07-28T07:14:30Z,1.96,7.58,71.18,17.042,2.12,8.34,0.25,0.46,,,,,,,,
2026-07-28T07:16:03Z,1.46,7.81,71.5,17.592,2.96,8.5,0.25,0.45,,,,,,,,
2026-07-28T07:17:36Z,0.97,7.94,71.36,18.404,3.33,8.65,0.36,0.48,,,,,,,,
2026-07-28T11:02:06Z,6.07,6.23,70.62,14.428,3.03,7.36,0.18,0.75,,,,,,,,
2026-07-28T11:03:39Z,5.5,6.16,70.79,14.284,2.77,7.33,0.18,0.56,,,,,,,,
2026-07-28T11:05:12Z,4.98,6.34,70.88,14.401,2.7,7.38,0.21,0.69,,,,,,,,
2026-07-28T11:06:45Z,4.48,6.66,70.83,14.645,2.58,7.46,0.28,0.74,,,,,,,,
2026-07-28T11:08:18Z,3.98,6.82,70.78,14.79,2.63,7.52,0.27,0.66,,,,,,,,
2026-07-28T11:09:51Z,3.47,6.89,70.73,14.869,2.48,7.54,0.24,0.6,,,,,,,,
2026-07-28T11:11:24Z,2.97,6.95,70.84,15.107,2.37,7.6,0.28,0.58,,,,,,,,
2026-07-28T11:12:57Z,2.47,7.02,71,15.647,2.61,7.69,0.38,0.71,,,,,,,,
2026-07-28T11:14:30Z,1.96,7.42,71.63,16.481,2.84,8.06,0.26,0.51,,,,,,,,
2026-07-28T11:16:03Z,1.47,7.73,71.16,17.737,2.53,8.53,0.32,0.45,,,,,,,,
2026-07-28T11:17:36Z,0.96,7.79,71.2,18.282,2.84,8.61,0.34,0.42,,,,,,,,
2026-07-28T15:02:04Z,6.1,6.18,70.67,14.396,2.89,7.33,0.13,0.47,,,,,,,,
2026-07-28T15:03:38Z,5.46,6.13,70.84,14.273,2.8,7.33,0.12,0.46,,,,,,,,
2026-07-28T15:05:11Z,4.93,6.25,70.87,14.332,2.63,7.36,0.15,0.43,,,,,,,,
2026-07-28T15:06:43Z,4.47,6.46,70.85,14.522,2.33,7.42,0.14,0.42,,,,,,,,
2026-07-28T15:08:16Z,3.95,6.83,70.75,14.686,2.32,7.52,0.23,0.46,,,,,,,,
2026-07-28T15:09:49Z,3.46,6.94,70.74,14.821,2.41,7.58,0.21,0.55,,,,,,,,
2026-07-28T15:11:22Z,2.96,6.87,70.79,14.932,2.64,7.57,0.21,0.59,,,,,,,,
2026-07-28T15:12:55Z,2.45,7.05,71.01,15.621,2.59,7.67,0.31,0.69,,,,,,,,
2026-07-28T15:14:28Z,1.96,7.63,71.22,17.159,2.67,8.32,0.3,0.57,,,,,,,,
2026-07-28T15:16:01Z,1.44,7.74,71.18,18.053,2.95,8.53,0.4,0.53,,,,,,,,
2026-07-28T15:17:34Z,0.93,7.75,71.07,18.196,2.95,8.56,0.39,0.56,,,,,,,,
2026-07-28T19:01:59Z,6.08,5.67,70.92,14.186,3.32,7.29,0.11,0.41,,,,,,,,
2026-07-28T19:03:32Z,5.44,6.1,70.92,14.239,2.78,7.32,0.13,0.36,,,,,,,,
2026-07-28T19:05:04Z,4.89,6.23,70.92,14.264,2.86,7.35,0.17,0.39,,,,,,,,
2026-07-28T19:06:36Z,4.42,6.54,70.83,14.423,2.85,7.43,0.21,0.41,,,,,,,,
2026-07-28T19:08:08Z,3.91,6.75,70.74,14.646,2.41,7.49,0.2,0.45,,,,,,,,
2026-07-28T19:09:40Z,3.41,6.77,70.73,14.696,2.34,7.51,0.21,0.47,,,,,,,,
2026-07-28T19:11:12Z,2.89,6.83,70.73,14.781,2.38,7.53,0.22,0.54,,,,,,,,
2026-07-28T19:12:44Z,2.38,7.34,70.83,15.286,2.39,7.78,0.22,0.6,,,,,,,,
2026-07-28T19:14:16Z,1.91,7.88,70.99,16.056,2.51,8.24,0.2,0.68,,,,,,,,
2026-07-28T19:15:48Z,1.39,8.18,71.42,18.268,2.88,8.8,0.39,0.53,,,,,,,,
2026-07-28T19:17:20Z,0.92,8.18,71.29,18.629,3.18,8.81,0.33,0.5,,,,,,,,
2026-07-28T23:01:59Z,6.07,6.47,70.76,14.394,2.97,7.4,0.18,0.58,,,,,,,,
2026-07-28T23:03:32Z,5.44,6.52,70.81,14.372,2.94,7.4,0.24,0.58,,,,,,,,
2026-07-28T23:05:04Z,4.93,6.73,70.76,14.506,2.75,7.46,0.25,0.71,,,,,,,,
2026-07-28T23:06:36Z,4.43,6.82,70.71,14.586,2.54,7.49,0.22,0.63,,,,,,,,
2026-07-28T23:08:09Z,3.91,6.94,70.77,14.694,2.64,7.54,0.23,0.66,,,,,,,,
2026-07-28T23:09:41Z,3.42,6.97,70.85,14.8,2.6,7.56,0.25,0.65,,,,,,,,
2026-07-28T23:11:13Z,2.9,7.1,70.9,15.125,2.6,7.64,0.26,0.61,,,,,,,,
2026-07-28T23:12:45Z,2.4,7.19,71.02,15.562,2.65,7.73,0.28,0.55,,,,,,,,
2026-07-28T23:14:17Z,1.92,7.73,71.21,17.124,2.6,8.27,0.3,0.49,,,,,,,,
2026-07-28T23:15:49Z,1.41,7.83,71.21,17.782,2.69,8.45,0.32,0.49,,,,,,,,
2026-07-28T23:17:21Z,0.9,7.85,71.1,17.978,2.62,8.5,0.28,0.48,,,,,,,,
2026-07-29T03:02:00Z,6.03,6.73,70.64,14.458,2.56,7.51,0.17,0.87,,,,,,,,
2026-07-29T03:03:33Z,5.43,6.73,70.76,14.409,2.81,7.49,0.28,0.86,,,,,,,,
2026-07-29T03:05:06Z,4.92,6.78,70.77,14.416,2.64,7.49,0.23,0.73,,,,,,,,
2026-07-29T03:06:38Z,4.46,6.8,70.78,14.433,2.44,7.5,0.23,0.89,,,,,,,,
2026-07-29T03:08:11Z,3.94,6.91,70.75,14.512,2.38,7.53,0.21,0.66,,,,,,,,
2026-07-29T03:09:43Z,3.45,7.73,70.7,15.195,2.48,8.03,0.21,0.57,,,,,,,,
2026-07-29T03:11:16Z,2.93,8.19,70.74,15.78,2.35,8.25,0.24,0.6,,,,,,,,
2026-07-29T03:12:48Z,2.44,8.03,71.33,18.074,3.02,8.64,0.29,0.59,,,,,,,,
2026-07-29T03:14:21Z,1.93,7.98,71.18,18.355,2.97,8.64,0.24,0.51,,,,,,,,
2026-07-29T03:15:53Z,1.45,8.01,71.05,18.46,2.88,8.68,0.3,0.46,,,,,,,,
2026-07-29T03:17:26Z,0.93,8.01,71,18.541,2.96,8.72,0.28,0.43,,,,,,,,
2026-07-29T07:02:05Z,6.11,6.74,70.76,14.442,2.64,7.49,0.26,0.68,,,,,,,,
2026-07-29T07:03:39Z,5.47,6.74,70.78,14.42,2.76,7.47,0.24,0.65,,,,,,,,
2026-07-29T07:05:12Z,4.96,6.72,70.8,14.411,2.82,7.46,0.23,0.64,,,,,,,,
2026-07-29T07:06:45Z,4.47,6.74,70.81,14.425,2.71,7.46,0.25,0.61,,,,,,,,
2026-07-29T07:08:18Z,3.97,6.84,70.77,14.523,2.6,7.5,0.22,0.58,,,,,,,,
2026-07-29T07:09:51Z,3.46,6.9,70.89,14.719,2.72,7.52,0.22,0.54,,,,,,,,
2026-07-29T07:11:24Z,2.94,7.02,70.79,15.004,2.52,7.58,0.24,0.54,,,,,,,,
2026-07-29T07:12:57Z,2.47,7.33,70.8,15.402,2.64,7.74,0.22,0.54,,,,,,,,
2026-07-29T07:14:30Z,1.95,7.46,70.93,16.797,2.73,8.03,0.33,0.48,,,,,,,,
2026-07-29T07:16:03Z,1.46,7.74,70.97,17.782,2.64,8.44,0.37,0.5,,,,,,,,
2026-07-29T07:17:36Z,0.96,7.82,71.01,18.027,2.75,8.54,0.31,0.48,,,,,,,,
2026-07-29T11:02:05Z,6.06,6.67,70.59,14.46,2.53,7.49,0.25,0.72,,,,,,,,
2026-07-29T11:03:38Z,5.49,6.64,70.71,14.364,2.68,7.46,0.27,0.73,,,,,,,,
2026-07-29T11:05:11Z,4.97,6.63,70.73,14.356,2.98,7.45,0.27,0.7,,,,,,,,
2026-07-29T11:06:44Z,4.47,6.64,70.75,14.365,2.77,7.45,0.29,0.83,,,,,,,,
2026-07-29T11:08:17Z,3.99,6.62,70.79,14.425,2.94,7.45,0.24,0.71,,,,,,,,
2026-07-29T11:09:50Z,3.48,6.67,70.83,14.515,2.57,7.46,0.24,0.57,,,,,,,,
2026-07-29T11:11:23Z,2.97,7.82,71.03,16.402,2.6,8.27,0.28,0.5,,,,,,,,
2026-07-29T11:12:56Z,2.45,7.7,71.11,18.127,2.8,8.53,0.38,0.55,,,,,,,,
2026-07-29T11:14:29Z,1.96,7.69,71.13,18.204,2.69,8.53,0.38,0.48,,,,,,,,
2026-07-29T11:16:02Z,1.47,7.7,71.11,18.313,2.99,8.57,0.36,0.49,,,,,,,,
2026-07-29T11:17:35Z,0.95,7.71,71.13,18.342,3.07,8.58,0.36,0.47,,,,,,,,
2026-07-29T15:02:01Z,6,6.44,70.65,14.306,2.7,7.43,0.17,0.4,,,,,,,,
2026-07-29T15:03:34Z,5.45,6.47,70.75,14.276,2.53,7.42,0.22,0.45,,,,,,,,
2026-07-29T15:05:07Z,4.94,6.49,70.77,14.283,2.74,7.42,0.17,0.45,,,,,,,,
2026-07-29T15:06:40Z,4.46,6.51,70.78,14.311,2.78,7.42,0.19,0.5,,,,,,,,
2026-07-29T15:08:13Z,3.97,6.58,70.78,14.424,2.37,7.44,0.24,0.59,,,,,,,,
2026-07-29T15:09:46Z,3.44,6.66,70.82,14.495,2.45,7.47,0.27,0.5,,,,,,,,
2026-07-29T15:11:18Z,2.94,7.04,70.84,14.851,2.61,7.58,0.23,0.53,,,,,,,,
2026-07-29T15:12:50Z,2.46,7.26,71.28,16.37,2.79,7.86,0.29,0.49,,,,,,,,
2026-07-29T15:14:23Z,1.95,7.61,71.26,17.88,2.71,8.49,0.31,0.53,,,,,,,,
2026-07-29T15:15:56Z,1.44,7.73,71.25,18.099,2.79,8.57,0.37,0.57,,,,,,,,
2026-07-29T15:17:29Z,0.94,7.73,71.18,18.169,2.67,8.58,0.35,0.63,,,,,,,,
2026-07-29T17:16:51Z,6.04,6.29,69.96,14.174,3.21,7.52,0.16,0.39,,,,,,,,
2026-07-29T17:18:24Z,5.4,6.33,70.02,14.181,2.87,7.31,0.17,0.4,,,,,,,,
2026-07-29T17:19:56Z,4.9,6.39,70.02,14.223,2.6,7.24,0.17,0.39,,,,,,,,
2026-07-29T17:21:28Z,4.38,6.44,70,14.282,2.68,7.22,0.2,0.42,,,,,,,,
2026-07-29T17:23:00Z,3.93,6.48,69.99,14.324,2.59,7.21,0.2,0.42,,,,,,,,
2026-07-29T17:24:32Z,3.4,6.61,69.98,14.479,2.55,7.23,0.23,0.45,,,,,,,,
2026-07-29T17:26:04Z,2.88,6.66,69.99,14.684,2.68,7.27,0.2,0.49,,,,,,,,
2026-07-29T17:27:36Z,2.41,6.9,70.32,15.319,2.55,7.35,0.23,0.56,,,,,,,,
2026-07-29T17:29:08Z,1.89,7.66,70.58,17.646,2.8,8.12,0.28,0.6,,,,,,,,
2026-07-29T17:30:40Z,1.37,7.8,70.46,18.049,2.86,8.38,0.34,0.6,,,,,,,,
2026-07-29T17:32:12Z,0.87,7.86,70.46,18.225,3.24,8.47,0.29,0.54,,,,,,,,
2026-07-29T19:01:58Z,6.07,6.38,69.8,14.326,2.89,7.61,0.21,0.41,,,,,,,,
2026-07-29T19:03:31Z,5.4,6.4,69.97,14.224,2.7,7.51,0.22,0.4,,,,,,,,
2026-07-29T19:05:03Z,4.92,6.45,70,14.22,2.59,7.46,0.19,0.4,,,,,,,,
2026-07-29T19:06:35Z,4.44,6.5,69.99,14.3,2.66,7.46,0.21,0.47,,,,,,,,
2026-07-29T19:08:07Z,3.9,6.64,69.97,14.406,2.51,7.46,0.2,0.46,,,,,,,,
2026-07-29T19:09:39Z,3.4,6.7,69.96,14.482,2.65,7.47,0.2,0.45,,,,,,,,
2026-07-29T19:11:11Z,2.89,6.87,69.98,14.706,2.54,7.52,0.25,0.49,,,,,,,,
2026-07-29T19:12:43Z,2.39,7.27,70.3,15.574,2.71,7.69,0.25,0.59,,,,,,,,
2026-07-29T19:14:15Z,1.89,7.83,70.39,17.379,2.77,8.43,0.29,0.57,,,,,,,,
2026-07-29T19:15:47Z,1.37,7.88,70.43,18.391,2.97,8.6,0.24,0.43,,,,,,,,
2026-07-29T19:17:19Z,0.88,8.01,70.63,18.917,2.98,8.68,0.28,0.48,,,,,,,,
2026-07-29T23:01:58Z,6.06,6.51,69.92,14.282,3.45,7.59,0.22,0.46,,,,,,,,
2026-07-29T23:03:31Z,5.42,6.57,69.97,14.39,3.01,7.52,0.18,0.53,,,,,,,,
2026-07-29T23:05:03Z,4.92,6.59,70,14.405,2.93,7.5,0.16,0.49,,,,,,,,
2026-07-29T23:06:35Z,4.44,6.63,70.01,14.458,2.92,7.5,0.23,0.53,,,,,,,,
2026-07-29T23:08:07Z,3.92,6.78,70.02,14.604,2.65,7.52,0.22,0.53,,,,,,,,
2026-07-29T23:09:39Z,3.4,6.87,70.05,14.775,2.49,7.56,0.27,0.47,,,,,,,,
2026-07-29T23:11:11Z,2.92,7.13,70.25,15.544,2.46,7.69,0.28,0.49,,,,,,,,
2026-07-29T23:12:43Z,2.43,7.64,70.49,16.85,2.56,8.24,0.26,0.47,,,,,,,,
2026-07-29T23:14:15Z,1.9,7.75,70.49,17.293,2.67,8.4,0.24,0.45,,,,,,,,
2026-07-29T23:15:47Z,1.44,7.82,70.52,18.024,2.93,8.53,0.28,0.45,,,,,,,,
2026-07-29T23:17:19Z,0.91,7.97,70.66,18.696,2.97,8.65,0.3,0.47,,,,,,,,
2026-07-30T03:02:00Z,6,6.73,70.09,14.526,2.84,7.6,0.2,0.5,,,,,,,,
2026-07-30T03:03:33Z,5.45,6.71,70.14,14.506,2.8,7.53,0.18,0.55,,,,,,,,
2026-07-30T03:05:06Z,4.94,6.71,70.16,14.508,2.75,7.51,0.2,0.55,,,,,,,,
2026-07-30T03:06:39Z,4.46,6.7,70.16,14.499,2.81,7.45,0.22,0.56,,,,,,,,
2026-07-30T03:08:12Z,3.94,6.84,70.21,14.642,2.56,7.51,0.22,0.5,,,,,,,,
2026-07-30T03:09:44Z,3.45,6.89,70.19,14.719,2.58,7.55,0.23,0.5,,,,,,,,
2026-07-30T03:11:17Z,2.94,7.08,70.25,15.54,2.59,7.68,0.23,0.48,,,,,,,,
2026-07-30T03:12:49Z,2.45,7.5,70.31,16.96,2.68,8.11,0.28,0.48,,,,,,,,
2026-07-30T03:14:22Z,1.94,7.97,70.49,18.064,2.77,8.63,0.3,0.44,,,,,,,,
2026-07-30T03:15:55Z,1.44,7.96,70.46,18.263,2.82,8.66,0.28,0.42,,,,,,,,
2026-07-30T03:17:28Z,0.94,7.96,70.41,18.427,2.79,8.68,0.31,0.44,,,,,,,,
2026-07-30T07:02:02Z,6,6.64,70.12,14.489,2.79,7.59,0.22,0.57,,,,,,,,
2026-07-30T07:03:35Z,5.46,6.66,70.18,14.522,2.74,7.53,0.22,0.57,,,,,,,,
2026-07-30T07:05:08Z,4.99,6.65,70.18,14.505,2.75,7.51,0.24,0.6,,,,,,,,
2026-07-30T07:06:41Z,4.47,6.66,70.2,14.526,2.72,7.5,0.24,0.61,,,,,,,,
2026-07-30T07:08:14Z,3.97,6.78,70.2,14.682,2.77,7.53,0.26,0.57,,,,,,,,
2026-07-30T07:09:47Z,3.46,6.74,70.2,14.647,2.76,7.53,0.27,0.52,,,,,,,,
2026-07-30T07:11:20Z,2.96,6.91,70.15,14.853,2.87,7.58,0.23,0.55,,,,,,,,
2026-07-30T07:12:53Z,2.46,7.69,70.42,17.108,2.81,8.3,0.32,0.45,,,,,,,,
2026-07-30T07:14:26Z,1.96,7.67,70.36,17.744,2.97,8.42,0.29,0.42,,,,,,,,
2026-07-30T07:15:59Z,1.46,7.75,70.53,18.376,3.04,8.6,0.35,0.41,,,,,,,,
2026-07-30T07:17:32Z,0.96,7.74,70.51,18.388,3.09,8.6,0.32,0.47,,,,,,,,
2026-07-30T11:02:06Z,6.1,6.55,70.01,14.504,2.85,7.61,0.23,0.63,,,,,,,,
2026-07-30T11:03:40Z,5.48,6.52,70.14,14.452,2.68,7.52,0.25,0.77,,,,,,,,
2026-07-30T11:05:13Z,4.98,6.54,70.19,14.444,2.88,7.49,0.27,0.72,,,,,,,,
2026-07-30T11:06:46Z,4.48,6.54,70.2,14.467,2.8,7.48,0.24,0.78,,,,,,,,
2026-07-30T11:08:19Z,3.96,6.63,70.2,14.535,2.58,7.49,0.24,0.63,,,,,,,,
2026-07-30T11:09:52Z,3.46,6.83,70.2,14.714,2.62,7.55,0.27,0.63,,,,,,,,
2026-07-30T11:11:25Z,2.94,6.81,70.23,14.828,2.66,7.56,0.25,0.54,,,,,,,,
2026-07-30T11:12:58Z,2.46,7.8,70.32,16.645,2.55,8.3,0.3,0.53,,,,,,,,
2026-07-30T11:14:31Z,1.97,7.64,70.4,17.791,2.54,8.45,0.32,0.49,,,,,,,,
2026-07-30T11:16:04Z,1.46,7.68,70.37,18.241,2.93,8.59,0.37,0.48,,,,,,,,
2026-07-30T11:17:37Z,0.96,7.69,70.41,18.262,2.98,8.61,0.34,0.46,,,,,,,,
2026-07-30T15:02:05Z,6.08,6.37,70.08,14.429,3.04,7.56,0.16,0.41,,,,,,,,
2026-07-30T15:03:39Z,5.46,6.43,70.18,14.366,2.79,7.48,0.19,0.41,,,,,,,,
2026-07-30T15:05:12Z,4.97,6.45,70.19,14.38,2.63,7.45,0.2,0.42,,,,,,,,
2026-07-30T15:06:45Z,4.48,6.47,70.2,14.399,2.76,7.44,0.23,0.47,,,,,,,,
2026-07-30T15:08:18Z,3.96,6.48,70.21,14.466,2.7,7.43,0.23,0.49,,,,,,,,
2026-07-30T15:09:51Z,3.46,6.56,70.21,14.56,2.43,7.44,0.19,0.45,,,,,,,,
2026-07-30T15:11:24Z,2.94,6.7,70.22,14.737,2.44,7.47,0.2,0.48,,,,,,,,
2026-07-30T15:12:56Z,2.46,6.91,70.28,15.641,2.38,7.6,0.28,0.53,,,,,,,,
2026-07-30T15:14:28Z,1.97,7.59,70.32,17.829,2.69,8.46,0.3,0.48,,,,,,,,
2026-07-30T15:16:01Z,1.43,7.63,70.23,17.996,2.83,8.55,0.36,0.52,,,,,,,,
2026-07-30T15:17:34Z,0.93,7.63,70.22,17.999,2.68,8.55,0.33,0.54,,,,,,,,
2026-07-30T19:01:59Z,6.07,6.26,70.01,14.472,3.63,7.56,0.16,0.43,,,,,,,,
2026-07-30T19:03:32Z,5.44,6.48,70.15,14.423,2.69,7.5,0.17,0.35,,,,,,,,
2026-07-30T19:05:05Z,4.91,6.5,70.19,14.422,2.69,7.47,0.19,0.38,,,,,,,,
2026-07-30T19:06:37Z,4.43,6.52,70.19,14.437,2.6,7.45,0.19,0.37,,,,,,,,
2026-07-30T19:08:09Z,3.91,6.52,70.2,14.459,2.81,7.44,0.19,0.43,,,,,,,,
2026-07-30T19:09:41Z,3.42,6.53,70.22,14.494,2.77,7.43,0.2,0.39,,,,,,,,
2026-07-30T19:11:13Z,2.9,6.71,70.22,14.735,2.54,7.47,0.22,0.55,,,,,,,,
2026-07-30T19:12:45Z,2.4,7.12,70.43,15.478,2.63,7.6,0.24,0.57,,,,,,,,
2026-07-30T19:14:17Z,1.93,7.89,70.53,18.441,2.68,8.68,0.31,0.43,,,,,,,,
2026-07-30T19:15:49Z,1.39,7.83,70.29,18.696,2.81,8.67,0.34,0.46,,,,,,,,
2026-07-30T19:17:21Z,0.9,7.81,70.16,18.744,2.9,8.67,0.29,0.46,,,,,,,,
2026-07-30T23:01:59Z,6.06,6.29,70.17,14.389,3.48,7.5,0.15,0.37,,,,,,,,
2026-07-30T23:03:32Z,5.39,6.35,70.21,14.381,3.32,7.45,0.16,0.38,,,,,,,,
2026-07-30T23:05:04Z,4.94,6.43,70.22,14.432,2.81,7.44,0.16,0.44,,,,,,,,
2026-07-30T23:06:36Z,4.42,6.49,70.21,14.453,2.61,7.44,0.19,0.45,,,,,,,,
2026-07-30T23:08:08Z,3.9,6.61,70.22,14.54,2.53,7.46,0.21,0.5,,,,,,,,
2026-07-30T23:09:40Z,3.4,6.66,70.22,14.585,2.83,7.48,0.24,0.53,,,,,,,,
2026-07-30T23:11:12Z,2.89,6.78,70.21,14.743,2.55,7.51,0.24,0.55,,,,,,,,
2026-07-30T23:12:44Z,2.39,7.38,70.18,15.353,2.29,7.74,0.21,0.58,,,,,,,,
2026-07-30T23:14:16Z,1.89,7.47,70.38,16.309,2.46,7.94,0.2,0.54,,,,,,,,
2026-07-30T23:15:48Z,1.42,8.04,70.43,18.244,2.8,8.73,0.3,0.48,,,,,,,,
2026-07-30T23:17:20Z,0.88,7.98,70.52,19.289,2.84,8.75,0.27,0.43,,,,,,,,
2026-07-31T03:02:03Z,6.11,6.75,70.19,14.55,2.62,7.6,0.21,0.56,,,,,,,,
2026-07-31T03:03:36Z,5.46,6.79,70.23,14.539,2.56,7.56,0.19,0.56,,,,,,,,
2026-07-31T03:05:09Z,4.96,6.8,70.23,14.519,2.61,7.55,0.22,0.56,,,,,,,,
2026-07-31T03:06:42Z,4.44,6.78,70.24,14.519,2.77,7.54,0.18,0.53,,,,,,,,
2026-07-31T03:08:14Z,3.93,6.87,70.2,14.75,2.45,7.56,0.22,0.55,,,,,,,,
2026-07-31T03:09:47Z,3.4,6.88,70.2,14.807,2.48,7.57,0.22,0.52,,,,,,,,
2026-07-31T03:11:19Z,2.94,7.03,70.25,15.049,2.4,7.65,0.21,0.55,,,,,,,,
2026-07-31T03:12:51Z,2.44,7.33,70.31,16.363,2.63,7.89,0.23,0.52,,,,,,,,
2026-07-31T03:14:23Z,1.93,7.65,70.38,17.878,2.68,8.4,0.3,0.47,,,,,,,,
2026-07-31T03:15:55Z,1.41,8.06,70.56,18.569,2.81,8.77,0.28,0.45,,,,,,,,
2026-07-31T03:17:27Z,0.91,8.18,70.6,18.639,2.67,8.83,0.27,0.48,,,,,,,,
2026-07-31T07:02:04Z,6.08,6.61,70.08,14.403,2.67,7.61,0.17,0.66,,,,,,,,
2026-07-31T07:03:38Z,5.48,6.62,70.2,14.353,2.63,7.54,0.19,0.68,,,,,,,,
2026-07-31T07:05:11Z,4.95,6.65,70.18,14.369,2.87,7.52,0.23,0.65,,,,,,,,
2026-07-31T07:06:44Z,4.47,6.81,70.17,14.481,2.7,7.54,0.23,0.59,,,,,,,,
2026-07-31T07:08:17Z,3.95,6.94,70.14,14.578,2.63,7.58,0.2,0.54,,,,,,,,
2026-07-31T07:09:50Z,3.45,6.98,70.15,14.61,2.58,7.59,0.22,0.54,,,,,,,,
2026-07-31T07:11:23Z,2.96,7.34,70.18,14.826,2.56,7.75,0.19,0.51,,,,,,,,
2026-07-31T07:12:56Z,2.45,7.6,70.36,17.731,2.59,8.41,0.29,0.45,,,,,,,,
2026-07-31T07:14:29Z,1.94,7.69,70.38,18.22,2.95,8.5,0.37,0.44,,,,,,,,
2026-07-31T07:16:01Z,1.46,7.71,70.38,18.405,2.65,8.56,0.26,0.48,,,,,,,,
2026-07-31T07:17:34Z,0.94,7.74,70.43,18.629,2.74,8.63,0.32,0.42,,,,,,,,
2026-07-31T11:02:03Z,6.02,6.5,69.97,14.37,2.78,7.59,0.18,0.72,,,,,,,,
2026-07-31T11:03:36Z,5.49,6.46,70.11,14.295,2.62,7.51,0.33,0.67,,,,,,,,
2026-07-31T11:05:09Z,4.99,6.51,70.19,14.306,2.81,7.49,0.36,0.77,,,,,,,,
2026-07-31T11:06:42Z,4.49,6.53,70.21,14.334,2.76,7.48,0.25,0.65,,,,,,,,
2026-07-31T11:08:15Z,3.97,6.54,70.26,14.46,2.86,7.48,0.26,0.67,,,,,,,,
2026-07-31T11:09:48Z,3.46,6.78,70.2,14.715,2.59,7.53,0.22,0.59,,,,,,,,
2026-07-31T11:11:21Z,2.96,6.84,70.29,15.151,2.41,7.57,0.23,0.55,,,,,,,,
2026-07-31T11:12:54Z,2.46,7.4,70.53,16.806,2.43,8.03,0.34,0.5,,,,,,,,
2026-07-31T11:14:27Z,1.98,7.51,70.49,17.907,2.84,8.32,0.32,0.44,,,,,,,,
2026-07-31T11:16:00Z,1.44,7.63,70.49,18.265,2.99,8.56,0.35,0.59,,,,,,,,
2026-07-31T11:17:33Z,0.96,7.63,70.47,18.32,3,8.59,0.39,0.48,,,,,,,,
2026-07-31T15:02:05Z,6.08,6.31,70.1,14.292,2.91,7.55,0.21,0.46,,,,,,,,
2026-07-31T15:03:39Z,5.46,6.37,70.2,14.25,2.57,7.47,0.14,0.57,,,,,,,,
2026-07-31T15:05:12Z,4.97,6.42,70.23,14.304,2.6,7.45,0.17,0.43,,,,,,,,
2026-07-31T15:06:45Z,4.48,6.47,70.24,14.387,2.46,7.46,0.22,0.53,,,,,,,,
2026-07-31T15:08:18Z,3.94,6.61,70.21,14.503,2.59,7.48,0.22,0.49,,,,,,,,
2026-07-31T15:09:50Z,3.46,6.71,70.21,14.557,2.58,7.5,0.21,0.55,,,,,,,,
2026-07-31T15:11:23Z,2.95,6.93,70.19,15.081,2.4,7.57,0.3,0.59,,,,,,,,
2026-07-31T15:12:56Z,2.45,7.56,70.76,16.29,2.42,8.08,0.22,0.48,,,,,,,,
2026-07-31T15:14:29Z,1.93,7.63,70.55,17.792,2.94,8.56,0.33,0.51,,,,,,,,
2026-07-31T15:16:01Z,1.44,7.66,70.55,17.85,2.55,8.59,0.32,0.48,,,,,,,,
2026-07-31T15:17:33Z,0.95,7.7,70.56,17.87,2.65,8.61,0.3,0.52,,,,,,,,
2026-07-31T19:01:58Z,6.08,6.27,70.16,14.206,2.87,7.53,0.15,0.42,,,,,,,,
2026-07-31T19:03:31Z,5.41,6.34,70.24,14.219,2.86,7.45,0.14,0.42,,,,,,,,
2026-07-31T19:05:03Z,4.92,6.43,70.23,14.288,2.75,7.43,0.19,0.42,,,,,,,,
2026-07-31T19:06:35Z,4.42,6.49,70.22,14.347,2.73,7.44,0.18,0.45,,,,,,,,
2026-07-31T19:08:07Z,3.92,6.6,70.23,14.424,2.72,7.46,0.25,0.54,,,,,,,,
2026-07-31T19:09:39Z,3.4,6.78,70.18,14.568,2.46,7.51,0.23,0.55,,,,,,,,
2026-07-31T19:11:11Z,2.89,6.92,70.25,14.792,2.55,7.55,0.24,0.61,,,,,,,,
2026-07-31T19:12:43Z,2.4,7.05,70.36,15.423,2.4,7.7,0.22,0.62,,,,,,,,
2026-07-31T19:14:15Z,1.89,7.99,70.85,17.43,2.49,8.65,0.29,0.6,,,,,,,,
2026-07-31T19:15:47Z,1.38,7.71,70.49,18.122,2.9,8.56,0.23,0.45,,,,,,,,
2026-07-31T19:17:19Z,0.92,7.91,70.73,18.278,2.75,8.71,0.24,0.45,,,,,,,,
2026-07-31T23:01:58Z,6.08,6.5,70.13,14.345,3.2,7.53,0.16,0.49,,,,,,,,
2026-07-31T23:03:31Z,5.4,6.53,70.19,14.336,3.05,7.48,0.21,0.49,,,,,,,,
2026-07-31T23:05:03Z,4.93,6.51,70.2,14.317,3.19,7.47,0.2,0.49,,,,,,,,
2026-07-31T23:06:35Z,4.43,6.6,70.2,14.39,2.89,7.49,0.2,0.52,,,,,,,,
2026-07-31T23:08:07Z,3.91,6.8,70.35,14.627,2.55,7.55,0.24,0.56,,,,,,,,
2026-07-31T23:09:39Z,3.4,6.94,70.26,14.871,2.53,7.61,0.21,0.57,,,,,,,,
2026-07-31T23:11:11Z,2.91,7.23,70.36,15.337,2.48,7.74,0.22,0.58,,,,,,,,
2026-07-31T23:12:43Z,2.43,7.45,70.6,16.073,2.66,8,0.2,0.48,,,,,,,,
2026-07-31T23:14:15Z,1.92,7.91,70.82,17.812,2.61,8.61,0.26,0.44,,,,,,,,
2026-07-31T23:15:47Z,1.4,7.92,70.84,18.269,2.61,8.66,0.28,0.44,,,,,,,,
2026-07-31T23:17:19Z,0.92,7.9,70.87,18.388,2.58,8.66,0.27,0.44,,,,,,,,
2026-08-01T03:02:02Z,6.14,6.72,70.14,14.383,2.94,7.62,0.19,0.63,,,,,,,,
2026-08-01T03:03:36Z,5.44,6.73,70.21,14.347,2.98,7.56,0.2,0.69,,,,,,,,
2026-08-01T03:05:08Z,4.96,6.75,70.24,14.382,3.01,7.53,0.21,0.6,,,,,,,,
2026-08-01T03:06:41Z,4.45,7.01,70.19,14.588,2.63,7.61,0.21,0.53,,,,,,,,
2026-08-01T03:08:14Z,3.91,7.03,70.19,14.6,2.82,7.62,0.21,0.59,,,,,,,,
2026-08-01T03:09:46Z,3.43,7.03,70.18,14.618,2.58,7.63,0.22,0.6,,,,,,,,
2026-08-01T03:11:19Z,2.9,8.01,70.76,17.322,2.76,8.62,0.26,0.54,,,,,,,,
2026-08-01T03:12:51Z,2.43,7.78,70.63,17.681,2.69,8.49,0.25,0.49,,,,,,,,
2026-08-01T03:14:23Z,1.93,7.77,70.71,17.946,2.69,8.5,0.24,0.47,,,,,,,,
2026-08-01T03:15:55Z,1.41,7.79,70.79,18.065,2.63,8.53,0.24,0.48,,,,,,,,
2026-08-01T03:17:27Z,0.91,7.8,70.8,18.106,2.51,8.56,0.25,0.46,,,,,,,,
2026-08-01T07:02:04Z,6.08,6.69,70.28,14.454,2.76,7.61,0.22,0.61,,,,,,,,
2026-08-01T07:03:38Z,5.47,6.7,70.32,14.452,2.68,7.55,0.22,0.64,,,,,,,,
2026-08-01T07:05:11Z,4.95,6.73,70.35,14.485,2.72,7.55,0.23,0.61,,,,,,,,
2026-08-01T07:06:44Z,4.46,6.74,70.36,14.524,2.56,7.55,0.22,0.57,,,,,,,,
2026-08-01T07:08:17Z,3.96,7.01,70.35,14.767,2.52,7.64,0.23,0.54,,,,,,,,
2026-08-01T07:09:50Z,3.45,7.1,70.3,14.945,2.58,7.69,0.22,0.49,,,,,,,,
2026-08-01T07:11:23Z,2.97,7.26,70.53,16.081,2.44,7.85,0.24,0.43,,,,,,,,
2026-08-01T07:12:56Z,2.47,7.46,70.54,16.89,2.64,8.1,0.24,0.42,,,,,,,,
2026-08-01T07:14:29Z,1.96,7.53,70.51,17.084,2.55,8.21,0.25,0.44,,,,,,,,
2026-08-01T07:16:02Z,1.45,7.75,70.59,17.636,2.61,8.51,0.25,0.42,,,,,,,,
2026-08-01T07:17:35Z,0.95,7.76,70.57,17.665,2.69,8.52,0.32,0.47,,,,,,,,
2026-08-01T11:02:06Z,6.09,6.41,70.22,14.464,2.72,7.57,0.21,0.71,,,,,,,,
2026-08-01T11:03:40Z,5.49,6.44,70.34,14.464,2.46,7.5,0.23,0.75,,,,,,,,
2026-08-01T11:05:13Z,4.99,6.49,70.36,14.502,2.62,7.48,0.23,0.61,,,,,,,,
2026-08-01T11:06:46Z,4.48,6.54,70.41,14.603,2.64,7.48,0.21,0.65,,,,,,,,
2026-08-01T11:08:19Z,3.96,6.58,70.42,14.712,2.55,7.49,0.25,0.61,,,,,,,,
2026-08-01T11:09:52Z,3.46,6.84,70.51,15.297,2.44,7.57,0.28,0.51,,,,,,,,
2026-08-01T11:11:25Z,2.96,7.38,70.26,16.515,2.68,7.92,0.2,0.49,,,,,,,,
2026-08-01T11:12:58Z,2.48,7.61,70.59,17.583,2.61,8.41,0.28,0.44,,,,,,,,
2026-08-01T11:14:31Z,1.96,7.6,70.59,17.613,2.86,8.42,0.3,0.41,,,,,,,,
2026-08-01T11:16:04Z,1.45,7.62,70.59,17.62,2.63,8.43,0.3,0.45,,,,,,,,
2026-08-01T11:17:37Z,0.95,7.62,70.6,17.617,2.43,8.43,0.32,0.43,,,,,,,,
2026-08-01T15:02:04Z,6.07,6.28,70.27,14.412,2.78,7.53,0.13,0.44,,,,,,,,
2026-08-01T15:03:37Z,5.47,6.34,70.37,14.411,2.81,7.47,0.19,0.46,,,,,,,,
2026-08-01T15:05:10Z,4.96,6.37,70.41,14.433,2.59,7.45,0.19,0.46,,,,,,,,
2026-08-01T15:06:43Z,4.47,6.41,70.41,14.481,2.43,7.45,0.16,0.47,,,,,,,,
2026-08-01T15:08:16Z,3.94,6.48,70.44,14.652,2.57,7.45,0.18,0.48,,,,,,,,
2026-08-01T15:09:49Z,3.43,6.79,70.43,15.186,2.54,7.54,0.21,0.45,,,,,,,,
2026-08-01T15:11:22Z,2.93,7.29,70.73,16.571,2.49,7.88,0.22,0.48,,,,,,,,
2026-08-01T15:12:54Z,2.46,7.56,70.51,17.362,2.81,8.36,0.23,0.46,,,,,,,,
2026-08-01T15:14:27Z,1.94,7.65,70.54,17.471,2.65,8.46,0.25,0.47,,,,,,,,
2026-08-01T15:16:00Z,1.42,7.66,70.53,17.493,2.68,8.48,0.32,0.45,,,,,,,,
2026-08-01T15:17:32Z,0.94,7.66,70.54,17.509,2.67,8.47,0.28,0.49,,,,,,,,
2026-08-01T19:01:59Z,6.09,6.17,70.35,14.358,3.41,7.46,0.14,0.46,,,,,,,,
2026-08-01T19:03:32Z,5.41,6.35,70.4,14.414,2.88,7.38,0.16,0.4,,,,,,,,
2026-08-01T19:05:04Z,4.9,6.4,70.41,14.448,2.73,7.37,0.21,0.49,,,,,,,,
2026-08-01T19:06:36Z,4.44,6.45,70.45,14.579,2.76,7.39,0.2,0.44,,,,,,,,
2026-08-01T19:08:08Z,3.91,6.54,70.43,14.616,2.77,7.41,0.21,0.48,,,,,,,,
2026-08-01T19:09:40Z,3.42,6.77,70.62,14.888,2.56,7.44,0.21,0.44,,,,,,,,
2026-08-01T19:11:12Z,2.9,7.49,70.67,16.643,2.42,8,0.24,0.45,,,,,,,,
2026-08-01T19:12:44Z,2.41,7.49,70.56,16.932,2.61,8.14,0.21,0.44,,,,,,,,
2026-08-01T19:14:16Z,1.93,7.55,70.69,17.044,2.64,8.16,0.19,0.45,,,,,,,,
2026-08-01T19:15:48Z,1.38,7.76,70.76,17.725,2.51,8.49,0.21,0.47,,,,,,,,
2026-08-01T19:17:20Z,0.86,7.82,70.83,18.13,2.66,8.55,0.21,0.39,,,,,,,,
2026-08-01T23:01:59Z,6.09,6.3,70.31,14.395,2.96,7.45,0.13,0.41,,,,,,,,
2026-08-01T23:03:32Z,5.43,6.4,70.37,14.434,3.08,7.39,0.2,0.44,,,,,,,,
2026-08-01T23:05:04Z,4.94,6.5,70.35,14.478,2.96,7.38,0.22,0.61,,,,,,,,
2026-08-01T23:06:36Z,4.42,6.55,70.35,14.507,2.9,7.39,0.2,0.55,,,,,,,,
2026-08-01T23:08:08Z,3.92,6.74,70.39,14.584,2.75,7.43,0.21,0.5,,,,,,,,
2026-08-01T23:09:40Z,3.4,6.84,70.43,14.76,2.64,7.46,0.24,0.57,,,,,,,,
2026-08-01T23:11:12Z,2.93,7.34,70.71,15.797,2.47,7.75,0.22,0.48,,,,,,,,
2026-08-01T23:12:44Z,2.4,8.01,70.83,17.225,2.58,8.5,0.21,0.46,,,,,,,,
2026-08-01T23:14:16Z,1.91,7.87,70.85,17.726,2.66,8.49,0.22,0.42,,,,,,,,
2026-08-01T23:15:48Z,1.4,7.89,70.89,18.024,2.57,8.52,0.2,0.43,,,,,,,,
2026-08-01T23:17:20Z,0.9,7.83,71.04,18.892,2.61,8.45,0.2,0.36,,,,,,,,
2026-08-02T03:02:00Z,6.03,6.68,70.3,14.508,2.61,7.59,0.24,0.68,,,,,,,,
2026-08-02T03:03:33Z,5.44,6.68,70.37,14.474,2.87,7.54,0.22,0.65,,,,,,,,
2026-08-02T03:05:05Z,4.94,6.72,70.4,14.516,2.63,7.53,0.19,0.59,,,,,,,,
2026-08-02T03:06:37Z,4.44,6.72,70.38,14.498,2.76,7.53,0.25,0.59,,,,,,,,
2026-08-02T03:08:09Z,3.92,6.83,70.37,14.569,2.53,7.55,0.19,0.52,,,,,,,,
2026-08-02T03:09:41Z,3.43,7.06,70.35,14.948,2.48,7.64,0.18,0.48,,,,,,,,
2026-08-02T03:11:13Z,2.92,7.49,70.51,16.175,2.79,7.94,0.2,0.44,,,,,,,,
2026-08-02T03:12:45Z,2.43,7.57,70.61,16.969,2.38,8.05,0.26,0.47,,,,,,,,
2026-08-02T03:14:17Z,1.93,7.65,70.64,17.422,2.62,8.16,0.21,0.48,,,,,,,,
2026-08-02T03:15:49Z,1.41,7.72,70.73,17.834,3.6,8.24,0.24,0.47,,,,,,,,
2026-08-02T03:17:21Z,0.92,7.89,70.84,18.265,2.65,8.43,0.24,0.62,,,,,,,,
2026-08-02T07:02:04Z,6.09,6.73,70.29,14.448,2.89,7.61,0.21,0.71,,,,,,,,
2026-08-02T07:03:38Z,5.49,6.73,70.37,14.422,2.8,7.56,0.24,0.7,,,,,,,,
2026-08-02T07:05:11Z,4.98,6.79,70.4,14.485,2.82,7.55,0.21,0.73,,,,,,,,
2026-08-02T07:06:44Z,4.47,6.97,70.37,14.585,2.59,7.6,0.19,0.58,,,,,,,,
2026-08-02T07:08:17Z,3.96,7.1,70.52,15.109,2.52,7.66,0.23,0.52,,,,,,,,
2026-08-02T07:09:50Z,3.46,7.25,70.9,15.823,2.59,7.71,0.26,0.47,,,,,,,,
2026-08-02T07:11:23Z,2.96,7.63,70.65,16.567,2.51,8.14,0.26,0.46,,,,,,,,
2026-08-02T07:12:56Z,2.45,7.76,70.75,17.493,2.57,8.31,0.22,0.45,,,,,,,,
2026-08-02T07:14:29Z,1.94,8.02,70.82,17.859,2.67,8.55,0.25,0.43,,,,,,,,
2026-08-02T07:16:01Z,1.46,8.21,70.94,18.276,2.48,8.57,0.27,0.41,,,,,,,,
2026-08-02T07:17:34Z,0.94,7.89,70.95,18.399,2.59,8.48,0.22,0.42,,,,,,,,
2026-08-02T11:02:07Z,6.08,6.64,70.15,14.532,2.74,7.6,0.22,0.77,,,,,,,,
2026-08-02T11:03:41Z,5.48,6.62,70.34,14.449,2.78,7.53,0.23,0.71,,,,,,,,
2026-08-02T11:05:14Z,4.99,6.66,70.41,14.436,2.61,7.51,0.21,0.7,,,,,,,,
2026-08-02T11:06:47Z,4.49,6.67,70.42,14.441,2.64,7.5,0.22,0.66,,,,,,,,
2026-08-02T11:08:20Z,3.97,6.79,70.42,14.553,2.53,7.52,0.26,0.67,,,,,,,,
2026-08-02T11:09:53Z,3.46,7.04,70.64,15.231,2.49,7.6,0.31,0.57,,,,,,,,
2026-08-02T11:11:26Z,2.97,7.64,70.95,17.041,2.39,8.05,0.22,0.4,,,,,,,,
2026-08-02T11:12:59Z,2.47,7.77,70.95,17.828,2.55,8.31,0.26,0.44,,,,,,,,
2026-08-02T11:14:32Z,1.97,7.74,70.92,18.099,2.67,8.38,0.3,0.39,,,,,,,,
2026-08-02T11:16:05Z,1.46,7.72,70.91,18.189,2.63,8.42,0.26,0.38,,,,,,,,
2026-08-02T11:17:38Z,0.95,7.73,70.91,18.185,2.47,8.43,0.27,0.4,,,,,,,,
2026-08-02T15:02:02Z,6.02,6.39,70.33,14.378,2.61,7.55,0.17,0.47,,,,,,,,
2026-08-02T15:03:35Z,5.47,6.41,70.42,14.341,2.89,7.48,0.18,0.53,,,,,,,,
2026-08-02T15:05:08Z,4.96,6.42,70.43,14.33,2.7,7.46,0.16,0.51,,,,,,,,
2026-08-02T15:06:41Z,4.45,6.44,70.47,14.351,2.53,7.45,0.21,0.49,,,,,,,,
2026-08-02T15:08:14Z,3.94,6.57,70.51,14.512,2.55,7.46,0.18,0.53,,,,,,,,
2026-08-02T15:09:47Z,3.43,6.84,70.71,15.018,2.54,7.53,0.2,0.46,,,,,,,,
2026-08-02T15:11:19Z,2.94,6.98,70.71,15.367,2.52,7.58,0.21,0.53,,,,,,,,
2026-08-02T15:12:52Z,2.44,7.57,71.17,16.493,2.31,7.91,0.21,0.43,,,,,,,,
2026-08-02T15:14:25Z,1.93,7.7,70.71,17.522,2.7,8.28,0.21,0.43,,,,,,,,
2026-08-02T15:15:57Z,1.43,7.72,70.9,17.792,2.68,8.38,0.22,0.43,,,,,,,,
2026-08-02T15:17:30Z,0.93,7.78,70.9,17.822,2.41,8.4,0.19,0.44,,,,,,,,
2026-08-02T19:01:58Z,6.09,6.29,70.39,14.296,3.43,7.5,0.16,0.44,,,,,,,,
2026-08-02T19:03:31Z,5.39,6.41,70.46,14.297,2.64,7.45,0.17,0.41,,,,,,,,
2026-08-02T19:05:03Z,4.91,6.41,70.48,14.288,2.78,7.41,0.17,0.45,,,,,,,,
2026-08-02T19:06:35Z,4.4,6.42,70.5,14.31,2.71,7.4,0.18,0.46,,,,,,,,
2026-08-02T19:08:07Z,3.92,6.63,70.5,14.576,2.64,7.41,0.2,0.43,,,,,,,,
2026-08-02T19:09:39Z,3.38,6.84,70.67,14.963,2.35,7.45,0.2,0.43,,,,,,,,
2026-08-02T19:11:11Z,2.91,7.82,70.73,16.6,2.44,8.11,0.23,0.45,,,,,,,,
2026-08-02T19:12:43Z,2.39,7.83,70.64,16.563,2.6,8.15,0.18,0.45,,,,,,,,
2026-08-02T19:14:15Z,1.91,8.04,70.83,17.531,2.69,8.44,0.2,0.44,,,,,,,,
2026-08-02T19:15:47Z,1.39,7.92,70.92,17.974,2.84,8.48,0.17,0.47,,,,,,,,
2026-08-02T19:17:19Z,0.9,7.9,70.97,18.141,2.68,8.49,0.2,0.39,,,,,,,,
2026-08-02T23:01:58Z,6.09,6.47,70.36,14.384,3.2,7.52,0.13,0.39,,,,,,,,
2026-08-02T23:03:31Z,5.42,6.48,70.42,14.361,2.98,7.44,0.16,0.43,,,,,,,,
2026-08-02T23:05:03Z,4.93,6.53,70.43,14.374,3.03,7.43,0.18,0.44,,,,,,,,
2026-08-02T23:06:35Z,4.43,6.63,70.49,14.483,2.68,7.45,0.21,0.48,,,,,,,,
2026-08-02T23:08:07Z,3.9,6.7,70.51,14.582,2.5,7.43,0.21,0.52,,,,,,,,
2026-08-02T23:09:39Z,3.43,6.82,70.55,14.773,2.46,7.48,0.2,0.52,,,,,,,,
2026-08-02T23:11:11Z,2.89,7.23,70.44,15.56,2.54,7.73,0.21,0.5,,,,,,,,
2026-08-02T23:12:43Z,2.42,7.77,70.92,16.995,2.58,8.04,0.2,0.45,,,,,,,,
2026-08-02T23:14:15Z,1.9,7.88,70.88,18.081,2.67,8.27,0.18,0.41,,,,,,,,
2026-08-02T23:15:47Z,1.39,7.97,71,18.542,2.49,8.44,0.18,0.38,,,,,,,,
2026-08-02T23:17:19Z,0.9,7.97,71.04,18.686,2.64,8.44,0.21,0.37,,,,,,,,
2026-08-03T03:01:59Z,6.03,6.24,70.18,14.415,3.78,7.53,0.2,0.74,,,,,,,,
2026-08-03T03:03:32Z,5.44,6.48,70.41,14.422,2.78,7.48,0.24,0.69,,,,,,,,
2026-08-03T03:05:04Z,4.97,6.52,70.43,14.441,2.68,7.47,0.23,0.62,,,,,,,,
2026-08-03T03:06:37Z,4.45,6.65,70.48,14.553,2.43,7.49,0.15,0.54,,,,,,,,
2026-08-03T03:08:10Z,3.92,6.84,70.59,14.811,2.44,7.53,0.2,0.53,,,,,,,,
2026-08-03T03:09:42Z,3.42,6.85,70.74,14.997,2.48,7.55,0.16,0.51,,,,,,,,
2026-08-03T03:11:14Z,2.94,7.3,70.79,15.739,2.35,7.73,0.2,0.54,,,,,,,,
2026-08-03T03:12:46Z,2.44,8.23,70.79,16.473,2.45,8.46,0.2,0.56,,,,,,,,
2026-08-03T03:14:18Z,1.93,7.95,71.05,18.355,2.69,8.38,0.24,0.45,,,,,,,,
2026-08-03T03:15:50Z,1.42,7.97,71,18.615,2.54,8.45,0.2,0.43,,,,,,,,
2026-08-03T03:17:22Z,0.91,8.04,71.16,19.032,2.65,8.56,0.25,0.45,,,,,,,,
2026-08-03T07:02:05Z,6.09,6.2,70.32,14.404,2.95,7.52,0.2,0.8,,,,,,,,
2026-08-03T07:03:39Z,5.47,6.33,70.49,14.418,2.79,7.46,0.2,0.71,,,,,,,,
2026-08-03T07:05:12Z,4.97,6.44,70.53,14.43,2.6,7.45,0.27,0.59,,,,,,,,
2026-08-03T07:06:45Z,4.47,6.59,70.58,14.573,2.53,7.48,0.17,0.52,,,,,,,,
2026-08-03T07:08:18Z,3.96,6.71,70.67,14.724,2.65,7.51,0.24,0.49,,,,,,,,
2026-08-03T07:09:51Z,3.46,6.95,70.7,15.167,2.45,7.58,0.28,0.56,,,,,,,,
2026-08-03T07:11:24Z,2.94,7.74,71.01,15.967,2.71,8.13,0.24,0.48,,,,,,,,
2026-08-03T07:12:57Z,2.47,7.66,70.93,16.459,3.25,8.06,0.25,0.72,,,,,,,,
2026-08-03T07:14:30Z,1.96,8.31,71.44,17.359,2.44,8.66,0.18,0.43,,,,,,,,
2026-08-03T07:16:03Z,1.45,8,71.14,18.5,2.64,8.55,0.28,0.41,,,,,,,,
2026-08-03T07:17:36Z,0.97,7.99,71.04,18.537,2.54,8.53,0.3,0.36,,,,,,,,
2026-08-03T11:02:06Z,6.06,6.24,70.3,14.483,2.9,7.51,0.17,0.62,,,,,,,,
2026-08-03T11:03:39Z,5.5,6.25,70.54,14.373,2.81,7.44,0.16,0.61,,,,,,,,
2026-08-03T11:05:12Z,5.01,6.38,70.58,14.427,2.71,7.44,0.22,0.64,,,,,,,,
2026-08-03T11:06:45Z,4.5,6.55,70.62,14.555,2.63,7.46,0.25,0.62,,,,,,,,
2026-08-03T11:08:18Z,4,6.82,70.65,14.827,2.13,7.54,0.23,0.59,,,,,,,,
2026-08-03T11:09:51Z,3.48,6.93,70.7,15.189,2.46,7.55,0.26,0.57,,,,,,,,
2026-08-03T11:11:24Z,2.98,7.36,70.67,15.766,2.61,7.76,0.22,0.49,,,,,,,,
2026-08-03T11:12:57Z,2.49,7.65,70.77,16.706,2.25,8.06,0.21,0.5,,,,,,,,
2026-08-03T11:14:30Z,1.98,7.85,71,17.838,2.84,8.33,0.26,0.39,,,,,,,,
2026-08-03T11:16:03Z,1.48,7.75,70.89,18.178,2.63,8.33,0.33,0.42,,,,,,,,
2026-08-03T11:17:36Z,0.97,7.76,70.86,18.203,2.71,8.35,0.33,0.42,,,,,,,,
2026-08-03T15:02:04Z,6.08,6.02,70.4,14.355,3.09,7.47,0.11,0.46,,,,,,,,
2026-08-03T15:03:38Z,5.46,6.19,70.58,14.387,2.74,7.42,0.16,0.39,,,,,,,,
2026-08-03T15:05:11Z,4.96,6.31,70.64,14.469,2.39,7.42,0.14,0.46,,,,,,,,
2026-08-03T15:06:44Z,4.46,6.48,70.59,14.558,2.55,7.44,0.17,0.44,,,,,,,,
2026-08-03T15:08:17Z,3.95,6.8,70.59,14.803,2.28,7.5,0.19,0.45,,,,,,,,
2026-08-03T15:09:50Z,3.43,6.92,70.66,15.164,2.41,7.55,0.18,0.49,,,,,,,,
2026-08-03T15:11:23Z,2.92,7.23,70.83,15.997,2.46,7.67,0.22,0.52,,,,,,,,
2026-08-03T15:12:55Z,2.44,8.14,70.8,16.662,2.68,8.42,0.2,0.5,,,,,,,,
2026-08-03T15:14:28Z,1.95,7.86,71.15,17.493,2.53,8.38,0.23,0.4,,,,,,,,
2026-08-03T15:16:01Z,1.45,7.81,70.91,17.841,2.9,8.38,0.31,0.44,,,,,,,,
2026-08-03T15:17:34Z,0.94,7.8,70.86,17.894,2.54,8.37,0.27,0.41,,,,,,,,
2026-08-03T19:01:59Z,6.07,5.9,70.52,14.328,3.07,7.48,0.11,0.37,,,,,,,,
2026-08-03T19:03:32Z,5.42,6.01,70.64,14.291,2.77,7.39,0.13,0.35,,,,,,,,
2026-08-03T19:05:04Z,4.92,6.18,70.63,14.357,2.83,7.39,0.13,0.63,,,,,,,,
2026-08-03T19:06:36Z,4.39,6.39,70.59,14.477,2.63,7.41,0.12,0.35,,,,,,,,
2026-08-03T19:08:08Z,3.91,6.64,70.57,14.622,2.43,7.45,0.17,0.44,,,,,,,,
2026-08-03T19:09:40Z,3.41,6.81,70.57,14.866,2.47,7.49,0.21,0.5,,,,,,,,
2026-08-03T19:11:12Z,2.92,7,70.59,15.394,2.45,7.55,0.18,0.49,,,,,,,,
2026-08-03T19:12:44Z,2.4,7.52,70.89,16.452,2.3,7.89,0.2,0.5,,,,,,,,
2026-08-03T19:14:16Z,1.94,7.99,70.82,18.062,2.82,8.51,0.28,0.41,,,,,,,,
2026-08-03T19:15:48Z,1.41,8,70.78,18.142,2.89,8.53,0.25,0.4,,,,,,,,
2026-08-03T19:17:20Z,0.9,7.98,70.78,18.231,2.61,8.52,0.2,0.44,,,,,,,,
2026-08-03T23:01:59Z,6.06,5.95,70.57,14.326,3.26,7.48,0.1,0.37,,,,,,,,
2026-08-03T23:03:32Z,5.4,6.25,70.59,14.386,2.9,7.4,0.13,0.37,,,,,,,,
2026-08-03T23:05:04Z,4.92,6.37,70.59,14.435,2.79,7.4,0.14,0.42,,,,,,,,
2026-08-03T23:06:36Z,4.4,6.66,70.56,14.586,2.62,7.46,0.16,0.51,,,,,,,,
2026-08-03T23:08:08Z,3.92,6.79,70.57,14.744,2.32,7.49,0.22,0.48,,,,,,,,
2026-08-03T23:09:40Z,3.41,7,70.65,15.038,2.46,7.56,0.16,0.5,,,,,,,,
2026-08-03T23:11:12Z,2.92,7.44,70.8,15.999,2.32,7.74,0.2,0.53,,,,,,,,
2026-08-03T23:12:44Z,2.41,8.09,70.96,18.487,2.72,8.62,0.26,0.45,,,,,,,,
2026-08-03T23:14:16Z,1.92,8.17,71.17,18.754,2.7,8.68,0.22,0.43,,,,,,,,
2026-08-03T23:15:48Z,1.4,8.16,71.18,18.805,2.56,8.69,0.25,0.42,,,,,,,,
2026-08-03T23:17:20Z,0.91,8.16,71.13,18.922,2.72,8.67,0.24,0.44,,,,,,,,
2026-08-04T03:02:00Z,6.01,6.68,70.54,14.587,2.72,7.55,0.16,0.59,,,,,,,,
2026-08-04T03:03:33Z,5.45,6.75,70.58,14.618,2.46,7.53,0.16,0.59,,,,,,,,
2026-08-04T03:05:06Z,4.95,6.74,70.58,14.588,2.59,7.52,0.17,0.59,,,,,,,,
2026-08-04T03:06:39Z,4.45,6.85,70.52,14.692,2.39,7.53,0.18,0.56,,,,,,,,
2026-08-04T03:08:12Z,3.94,7.08,70.51,14.823,2.39,7.62,0.19,0.57,,,,,,,,
2026-08-04T03:09:45Z,3.45,7.02,70.46,14.925,2.35,7.63,0.19,0.58,,,,,,,,
2026-08-04T03:11:17Z,2.96,7.19,70.56,15.418,2.4,7.66,0.2,0.6,,,,,,,,
2026-08-04T03:12:50Z,2.46,7.75,70.85,17.123,2.45,8.19,0.22,0.5,,,,,,,,
2026-08-04T03:14:23Z,1.96,8.08,71.05,18.55,2.78,8.64,0.26,0.46,,,,,,,,
2026-08-04T03:15:56Z,1.45,8.18,71.1,18.724,2.52,8.71,0.22,0.48,,,,,,,,
2026-08-04T03:17:29Z,0.93,8.18,71.09,18.716,2.65,8.71,0.23,0.46,,,,,,,,
2026-08-04T07:02:05Z,6.09,6.65,70.57,14.639,2.61,7.57,0.18,0.6,,,,,,,,
2026-08-04T07:03:39Z,5.47,6.65,70.61,14.609,2.46,7.51,0.2,0.58,,,,,,,,
2026-08-04T07:05:12Z,4.97,6.68,70.6,14.656,2.62,7.51,0.19,0.59,,,,,,,,
2026-08-04T07:06:45Z,4.47,6.68,70.62,14.7,2.51,7.5,0.19,0.52,,,,,,,,
2026-08-04T07:08:18Z,3.97,6.78,70.61,14.778,2.48,7.51,0.23,0.52,,,,,,,,
2026-08-04T07:09:51Z,3.46,6.83,70.62,14.878,2.53,7.53,0.19,0.51,,,,,,,,
2026-08-04T07:11:24Z,2.96,7.4,70.75,16.413,2.5,7.85,0.23,0.44,,,,,,,,
2026-08-04T07:12:57Z,2.46,7.63,70.94,17.305,2.48,8.18,0.25,0.45,,,,,,,,
2026-08-04T07:14:30Z,1.97,7.75,70.93,17.734,2.66,8.35,0.27,0.46,,,,,,,,
2026-08-04T07:16:03Z,1.45,7.94,71.17,18.185,2.85,8.57,0.27,0.49,,,,,,,,
2026-08-04T07:17:36Z,0.97,8.05,71.12,18.333,2.6,8.64,0.26,0.42,,,,,,,,
2026-08-04T11:02:06Z,6.08,6.66,70.57,14.762,2.46,7.57,0.19,0.56,,,,,,,,
2026-08-04T11:03:40Z,5.48,6.66,70.63,14.748,2.57,7.52,0.19,0.54,,,,,,,,
2026-08-04T11:05:13Z,5,6.71,70.63,14.782,2.53,7.53,0.2,0.54,,,,,,,,
2026-08-04T11:06:46Z,4.48,6.71,70.72,14.878,2.39,7.52,0.24,0.5,,,,,,,,
2026-08-04T11:08:19Z,3.99,6.76,70.66,14.976,2.61,7.53,0.21,0.5,,,,,,,,
2026-08-04T11:09:52Z,3.48,6.85,70.71,15.219,2.42,7.55,0.18,0.48,,,,,,,,
2026-08-04T11:11:25Z,2.98,7.11,70.85,15.686,2.38,7.67,0.22,0.46,,,,,,,,
2026-08-04T11:12:58Z,2.48,7.71,71.34,17.04,2.46,8.22,0.2,0.47,,,,,,,,
2026-08-04T11:14:31Z,1.96,7.86,71.49,17.473,2.59,8.46,0.27,0.51,,,,,,,,
2026-08-04T11:16:04Z,1.45,7.86,71.39,17.609,2.61,8.52,0.27,0.43,,,,,,,,
2026-08-04T11:17:37Z,0.97,7.88,71.3,17.725,2.56,8.55,0.29,0.42,,,,,,,,
2026-08-04T15:02:04Z,6.12,6.59,70.56,14.771,2.44,7.58,0.17,0.44,,,,,,,,
2026-08-04T15:03:38Z,5.46,6.55,70.65,14.706,2.52,7.5,0.15,0.43,,,,,,,,
2026-08-04T15:05:11Z,4.94,6.56,70.65,14.704,2.53,7.48,0.2,0.42,,,,,,,,
2026-08-04T15:06:44Z,4.45,6.6,70.65,14.761,2.58,7.49,0.17,0.44,,,,,,,,
2026-08-04T15:08:17Z,3.93,6.6,70.66,14.781,2.44,7.48,0.18,0.47,,,,,,,,
2026-08-04T15:09:49Z,3.44,6.61,70.66,14.815,2.46,7.48,0.19,0.47,,,,,,,,
2026-08-04T15:11:22Z,2.93,7.22,70.77,15.921,2.4,7.75,0.18,0.46,,,,,,,,
2026-08-04T15:12:54Z,2.45,7.94,71.09,17.151,2.37,8.61,0.22,0.43,,,,,,,,
2026-08-04T15:14:27Z,1.96,7.98,71.08,17.195,2.44,8.63,0.26,0.43,,,,,,,,
2026-08-04T15:16:00Z,1.46,7.98,71.09,17.213,2.64,8.64,0.24,0.39,,,,,,,,
2026-08-04T15:17:33Z,0.94,7.98,71.21,17.231,2.7,8.62,0.23,0.43,,,,,,,,
2026-08-04T19:01:58Z,6.1,6.47,70.57,14.675,2.85,7.58,0.12,0.33,,,,,,,,
2026-08-04T19:03:31Z,5.42,6.48,70.6,14.657,2.71,7.5,0.13,0.34,,,,,,,,
2026-08-04T19:05:03Z,4.93,6.51,70.63,14.669,2.47,7.48,0.15,0.38,,,,,,,,
2026-08-04T19:06:35Z,4.43,6.53,70.67,14.698,2.75,7.48,0.2,0.38,,,,,,,,
2026-08-04T19:08:07Z,3.91,6.54,70.65,14.716,2.43,7.48,0.15,0.38,,,,,,,,
2026-08-04T19:09:39Z,3.4,6.65,70.66,14.867,2.62,7.5,0.17,0.48,,,,,,,,
2026-08-04T19:11:11Z,2.9,7.35,70.73,16.016,2.33,7.85,0.17,0.41,,,,,,,,
2026-08-04T19:12:43Z,2.4,7.92,71.01,17.025,2.51,8.54,0.23,0.47,,,,,,,,
2026-08-04T19:14:15Z,1.9,8.09,71.07,17.378,2.65,8.7,0.26,0.4,,,,,,,,
2026-08-04T19:15:47Z,1.41,7.98,71.31,17.562,2.62,8.61,0.22,0.41,,,,,,,,
2026-08-04T19:17:19Z,0.9,8,71.3,17.708,2.65,8.61,0.23,0.4,,,,,,,,
2026-08-04T23:01:58Z,6.08,6.55,70.6,14.692,2.64,7.5,0.14,0.37,,,,,,,,
2026-08-04T23:03:31Z,5.41,6.57,70.64,14.713,2.67,7.47,0.17,0.41,,,,,,,,
2026-08-04T23:05:03Z,4.95,6.6,70.65,14.752,2.61,7.45,0.17,0.41,,,,,,,,
2026-08-04T23:06:36Z,4.42,6.6,70.66,14.736,2.5,7.45,0.2,0.41,,,,,,,,
2026-08-04T23:08:08Z,3.92,6.75,70.64,14.839,2.39,7.5,0.18,0.47,,,,,,,,
2026-08-04T23:09:40Z,3.42,7.92,70.78,15.88,2.53,8.19,0.16,0.51,,,,,,,,
2026-08-04T23:11:12Z,2.92,8.05,71.36,17.94,2.57,8.63,0.26,0.43,,,,,,,,
2026-08-04T23:12:44Z,2.41,8.01,71.32,18.071,2.52,8.65,0.29,0.39,,,,,,,,
2026-08-04T23:14:16Z,1.94,8.01,71.32,18.091,2.71,8.65,0.24,0.43,,,,,,,,
2026-08-04T23:15:48Z,1.41,7.99,71.32,18.113,2.78,8.65,0.25,0.45,,,,,,,,
2026-08-04T23:17:20Z,0.9,8.01,71.31,18.112,2.83,8.65,0.24,0.41,,,,,,,,
2026-08-05T03:01:59Z,6.05,6.66,70.53,14.779,3.3,7.62,0.14,0.65,,,,,,,,
2026-08-05T03:03:32Z,5.42,6.74,70.62,14.829,2.6,7.55,0.18,0.68,,,,,,,,
2026-08-05T03:05:05Z,4.94,6.74,70.62,14.824,2.62,7.54,0.19,0.67,,,,,,,,
2026-08-05T03:06:38Z,4.44,6.84,70.64,14.963,2.59,7.56,0.17,0.59,,,,,,,,
2026-08-05T03:08:11Z,3.93,7.79,70.87,17.205,2.54,8.42,0.23,0.47,,,,,,,,
2026-08-05T03:09:43Z,3.42,7.82,70.85,17.374,2.71,8.47,0.28,0.5,,,,,,,,
2026-08-05T03:11:15Z,2.93,7.87,70.94,17.605,2.54,8.56,0.26,0.45,,,,,,,,
2026-08-05T03:12:47Z,2.45,7.93,71.06,17.724,2.83,8.62,0.23,0.41,,,,,,,,
2026-08-05T03:14:20Z,1.92,8.01,71.11,17.799,2.78,8.67,0.23,0.47,,,,,,,,
2026-08-05T03:15:52Z,1.43,8.03,71.17,17.824,2.73,8.68,0.24,0.45,,,,,,,,
2026-08-05T03:17:24Z,0.94,8.05,71.17,17.831,2.83,8.69,0.25,0.48,,,,,,,,
2026-08-05T07:02:04Z,6.09,6.54,70.47,14.713,2.61,7.61,0.2,0.7,,,,,,,,
2026-08-05T07:03:38Z,5.47,6.52,70.63,14.645,2.64,7.52,0.22,0.89,,,,,,,,
2026-08-05T07:05:11Z,4.97,6.55,70.65,14.662,2.63,7.5,0.23,0.68,,,,,,,,
2026-08-05T07:06:44Z,4.48,6.62,70.64,14.701,2.56,7.5,0.2,0.63,,,,,,,,
2026-08-05T07:08:17Z,3.96,6.66,70.65,14.782,2.59,7.52,0.21,0.6,,,,,,,,
2026-08-05T07:09:50Z,3.47,7.54,70.79,16.234,2.54,8.06,0.21,0.43,,,,,,,,
2026-08-05T07:11:23Z,2.96,7.94,70.94,17.014,2.29,8.59,0.2,0.46,,,,,,,,
2026-08-05T07:12:56Z,2.46,7.98,70.94,17.06,2.41,8.62,0.19,0.47,,,,,,,,
2026-08-05T07:14:29Z,1.98,7.92,70.85,17.233,2.64,8.59,0.26,0.46,,,,,,,,
2026-08-05T07:16:02Z,1.45,7.92,70.85,17.238,2.74,8.59,0.22,0.47,,,,,,,,
2026-08-05T07:17:35Z,0.96,7.91,70.84,17.24,2.63,8.58,0.27,0.43,,,,,,,,
2026-08-05T11:02:03Z,6.01,6.59,70.44,14.825,2.51,7.61,0.21,0.8,,,,,,,,
2026-08-05T11:03:36Z,5.49,6.54,70.63,14.706,2.67,7.53,0.24,0.85,,,,,,,,
2026-08-05T11:05:09Z,5,6.56,70.67,14.735,2.54,7.51,0.21,0.76,,,,,,,,
2026-08-05T11:06:42Z,4.49,6.63,70.73,14.821,2.92,7.52,0.2,0.62,,,,,,,,
2026-08-05T11:08:15Z,3.98,6.69,70.77,14.916,2.48,7.54,0.24,0.67,,,,,,,,
2026-08-05T11:09:48Z,3.46,6.9,70.82,15.187,2.45,7.6,0.23,0.54,,,,,,,,
2026-08-05T11:11:21Z,2.98,7.59,71.1,16.459,2.55,8.17,0.26,0.45,,,,,,,,
2026-08-05T11:12:54Z,2.48,7.75,70.87,16.845,2.4,8.46,0.15,0.51,,,,,,,,
2026-08-05T11:14:27Z,1.96,7.77,70.83,16.879,2.65,8.47,0.35,0.51,,,,,,,,
2026-08-05T11:16:00Z,1.48,7.78,70.83,16.888,2.74,8.48,0.24,0.47,,,,,,,,
2026-08-05T11:17:33Z,0.97,7.79,70.82,16.888,2.87,8.48,0.19,0.54,,,,,,,,
2026-08-05T15:02:06Z,6.11,6.45,70.51,14.75,3.17,7.57,0.13,0.5,,,,,,,,
2026-08-05T15:03:43Z,5.42,6.42,70.71,14.698,2.53,7.5,0.15,0.52,,,,,,,,
2026-08-05T15:05:16Z,4.98,6.5,70.77,14.755,2.65,7.49,0.15,0.46,,,,,,,,
2026-08-05T15:06:49Z,4.48,6.56,70.77,14.824,2.6,7.51,0.2,0.47,,,,,,,,
2026-08-05T15:08:22Z,3.95,6.64,70.78,14.873,2.37,7.52,0.15,0.52,,,,,,,,
2026-08-05T15:09:55Z,3.48,6.98,70.69,15.223,2.32,7.62,0.16,0.47,,,,,,,,
2026-08-05T15:11:28Z,2.97,7.42,71.12,15.937,2.87,7.78,0.25,0.51,,,,,,,,
2026-08-05T15:13:01Z,2.47,7.66,70.8,16.547,2.56,8.35,0.24,0.43,,,,,,,,
2026-08-05T15:14:34Z,1.95,7.7,70.77,16.556,2.33,8.38,0.3,0.43,,,,,,,,
2026-08-05T15:16:07Z,1.45,7.7,70.75,16.581,2.58,8.39,0.24,0.41,,,,,,,,
2026-08-05T15:17:40Z,0.95,7.72,70.76,16.592,2.69,8.39,0.31,0.44,,,,,,,,
2026-08-05T19:01:59Z,6.07,6.2,70.77,14.623,3.76,7.47,0.16,0.41,,,,,,,,
2026-08-05T19:03:32Z,5.44,6.44,70.72,14.694,2.86,7.47,0.16,0.37,,,,,,,,
2026-08-05T19:05:04Z,4.95,6.48,70.74,14.717,2.71,7.47,0.15,0.43,,,,,,,,
2026-08-05T19:06:37Z,4.41,6.61,70.77,14.805,2.55,7.5,0.21,0.44,,,,,,,,
2026-08-05T19:08:09Z,3.91,6.67,70.76,14.883,2.47,7.51,0.18,0.46,,,,,,,,
2026-08-05T19:09:41Z,3.4,6.92,70.76,15.245,2.37,7.58,0.23,0.48,,,,,,,,
2026-08-05T19:11:13Z,2.92,7.98,71.08,16.944,2.57,8.59,0.21,0.41,,,,,,,,
2026-08-05T19:12:45Z,2.4,7.89,71.19,17.157,2.73,8.56,0.24,0.4,,,,,,,,
2026-08-05T19:14:17Z,1.9,7.9,71.2,17.228,2.68,8.56,0.22,0.44,,,,,,,,
2026-08-05T19:15:49Z,1.42,7.88,71.22,17.324,2.64,8.55,0.2,0.38,,,,,,,,
2026-08-05T19:17:21Z,0.89,7.88,71.2,17.324,2.79,8.56,0.23,0.36,,,,,,,,
2026-08-05T23:02:00Z,6.06,6.67,70.58,14.607,3.19,7.59,0.16,0.49,,,,,,,,
2026-08-05T23:03:33Z,5.42,6.65,70.64,14.642,2.66,7.53,0.17,0.51,,,,,,,,
2026-08-05T23:05:05Z,4.93,6.66,70.65,14.641,2.79,7.51,0.17,0.5,,,,,,,,
2026-08-05T23:06:37Z,4.41,6.94,70.71,14.982,2.33,7.58,0.19,0.48,,,,,,,,
2026-08-05T23:08:09Z,3.9,7.02,70.75,15.096,2.45,7.62,0.16,0.49,,,,,,,,
2026-08-05T23:09:41Z,3.39,8.01,71.28,17.498,2.67,8.63,0.25,0.4,,,,,,,,
2026-08-05T23:11:13Z,2.92,7.96,71.28,17.673,2.67,8.61,0.24,0.41,,,,,,,,
2026-08-05T23:12:45Z,2.41,7.96,71.3,17.809,2.62,8.62,0.2,0.39,,,,,,,,
2026-08-05T23:14:17Z,1.93,7.94,71.28,17.878,2.65,8.62,0.24,0.4,,,,,,,,
2026-08-05T23:15:49Z,1.39,7.96,71.29,17.889,2.72,8.61,0.2,0.41,,,,,,,,
2026-08-05T23:17:21Z,0.91,7.94,71.29,17.918,2.65,8.61,0.2,0.4,,,,,,,,
2026-08-06T03:02:04Z,6.12,6.79,70.51,14.51,2.71,7.64,0.18,0.62,,,,,,,,
2026-08-06T03:03:38Z,5.44,6.78,70.57,14.503,2.73,7.58,0.19,0.69,,,,,,,,
2026-08-06T03:05:11Z,4.95,6.79,70.57,14.499,2.85,7.56,0.19,0.7,,,,,,,,
2026-08-06T03:06:43Z,4.46,6.82,70.6,14.554,2.77,7.55,0.19,0.69,,,,,,,,
2026-08-06T03:08:16Z,3.94,7.05,70.65,14.805,2.67,7.61,0.18,0.59,,,,,,,,
2026-08-06T03:09:49Z,3.43,7.96,71.2,17.053,2.54,8.53,0.23,0.51,,,,,,,,
2026-08-06T03:11:22Z,2.92,7.9,71.16,17.277,2.59,8.54,0.24,0.51,,,,,,,,
2026-08-06T03:12:54Z,2.44,7.95,71.33,17.563,2.75,8.6,0.25,0.44,,,,,,,,
2026-08-06T03:14:27Z,1.92,7.94,71.28,17.648,2.66,8.61,0.27,0.45,,,,,,,,
2026-08-06T03:15:59Z,1.42,7.97,71.29,17.674,2.72,8.62,0.27,0.41,,,,,,,,
2026-08-06T03:17:31Z,0.91,7.98,71.29,17.672,2.83,8.62,0.23,0.41,,,,,,,,
2026-08-06T07:02:05Z,6.08,6.72,70.53,14.384,2.69,7.64,0.21,0.64,,,,,,,,
2026-08-06T07:03:39Z,5.47,6.71,70.6,14.387,2.55,7.57,0.2,0.7,,,,,,,,
2026-08-06T07:05:12Z,4.98,6.71,70.61,14.38,2.75,7.55,0.24,0.73,,,,,,,,
2026-08-06T07:06:45Z,4.47,6.73,70.61,14.382,2.84,7.53,0.21,0.67,,,,,,,,
2026-08-06T07:08:18Z,3.97,6.75,70.62,14.417,2.52,7.53,0.22,0.71,,,,,,,,
2026-08-06T07:09:51Z,3.47,6.94,70.67,14.73,2.5,7.58,0.18,0.55,,,,,,,,
2026-08-06T07:11:24Z,2.96,7.8,70.96,16.309,2.42,8.28,0.17,0.45,,,,,,,,
2026-08-06T07:12:57Z,2.46,7.95,71.13,17.202,2.38,8.61,0.27,0.43,,,,,,,,
2026-08-06T07:14:30Z,1.97,7.95,71.15,17.252,2.75,8.61,0.27,0.45,,,,,,,,
2026-08-06T07:16:03Z,1.46,7.95,71.14,17.269,2.68,8.62,0.27,0.46,,,,,,,,
2026-08-06T07:17:36Z,0.96,7.96,71.13,17.263,2.7,8.62,0.25,0.44,,,,,,,,
2026-08-06T11:02:07Z,6.1,6.58,70.48,14.547,3.02,7.61,0.17,0.67,,,,,,,,
2026-08-06T11:03:41Z,5.51,6.54,70.67,14.433,2.76,7.53,0.24,0.71,,,,,,,,
2026-08-06T11:05:14Z,4.99,6.54,70.72,14.461,2.56,7.51,0.21,0.63,,,,,,,,
2026-08-06T11:06:47Z,4.49,6.54,70.71,14.464,2.77,7.5,0.24,0.65,,,,,,,,
2026-08-06T11:08:20Z,3.98,6.58,70.75,14.537,2.54,7.5,0.19,0.56,,,,,,,,
2026-08-06T11:09:53Z,3.48,6.84,70.85,15.079,2.41,7.58,0.22,0.44,,,,,,,,
2026-08-06T11:11:26Z,2.98,7.4,71.1,16.196,2.41,7.92,0.27,0.48,,,,,,,,
2026-08-06T11:12:59Z,2.49,7.83,71.44,16.692,2.23,8.48,0.24,0.53,,,,,,,,
2026-08-06T11:14:32Z,1.98,7.89,71.14,16.78,2.29,8.56,0.27,0.62,,,,,,,,
2026-08-06T11:16:05Z,1.47,7.87,71.13,16.832,2.59,8.57,0.26,0.44,,,,,,,,
2026-08-06T11:17:38Z,0.96,7.88,71.11,16.838,2.62,8.58,0.28,0.45,,,,,,,,
2026-08-06T15:02:06Z,6.11,6.45,70.51,14.439,2.79,7.57,0.12,0.51,,,,,,,,
2026-08-06T15:03:40Z,5.51,6.44,70.75,14.439,2.78,7.5,0.21,0.54,,,,,,,,
2026-08-06T15:05:13Z,4.97,6.49,70.74,14.494,2.43,7.49,0.3,0.53,,,,,,,,
2026-08-06T15:06:46Z,4.49,6.53,70.74,14.537,2.64,7.49,0.2,0.42,,,,,,,,
2026-08-06T15:08:19Z,3.95,6.6,70.75,14.602,2.41,7.5,0.19,0.5,,,,,,,,
2026-08-06T15:09:52Z,3.46,6.89,70.71,14.895,2.59,7.59,0.17,0.48,,,,,,,,
2026-08-06T15:11:25Z,2.95,7.29,71.25,15.781,2.47,7.79,0.22,0.47,,,,,,,,
2026-08-06T15:12:58Z,2.46,7.72,71.35,16.258,2.31,8.34,0.22,0.49,,,,,,,,
2026-08-06T15:14:31Z,1.96,7.74,71.38,16.403,2.62,8.43,0.36,0.43,,,,,,,,
2026-08-06T15:16:04Z,1.45,7.77,71.37,16.438,2.65,8.45,0.25,0.43,,,,,,,,
2026-08-06T15:17:37Z,0.94,7.78,71.39,16.456,2.9,8.45,0.24,0.43,,,,,,,,
2026-08-06T19:01:59Z,6.05,6.45,70.66,14.471,2.87,7.57,0.17,0.39,,,,,,,,
2026-08-06T19:03:32Z,5.4,6.49,70.71,14.487,2.75,7.51,0.18,0.41,,,,,,,,
2026-08-06T19:05:04Z,4.93,6.52,70.73,14.496,2.54,7.49,0.18,0.38,,,,,,,,
2026-08-06T19:06:36Z,4.43,6.6,70.73,14.537,2.46,7.5,0.2,0.51,,,,,,,,
2026-08-06T19:08:08Z,3.91,6.8,70.75,14.747,2.54,7.55,0.18,0.53,,,,,,,,
2026-08-06T19:09:40Z,3.43,7.26,71.14,15.596,2.37,8.05,0.19,0.49,,,,,,,,
2026-08-06T19:11:12Z,2.91,7.88,71.45,16.84,2.62,8.52,0.21,0.46,,,,,,,,
2026-08-06T19:12:44Z,2.4,7.87,71.44,16.905,2.48,8.51,0.26,0.43,,,,,,,,
2026-08-06T19:14:16Z,1.94,7.86,71.42,16.947,2.56,8.5,0.23,0.4,,,,,,,,
2026-08-06T19:15:48Z,1.4,7.85,71.39,17,2.56,8.5,0.21,0.4,,,,,,,,
2026-08-06T19:17:20Z,0.91,7.85,71.42,17.127,2.47,8.5,0.22,0.41,,,,,,,,
2026-08-06T23:01:59Z,6.07,6.38,70.58,14.428,3.35,7.55,0.1,0.37,,,,,,,,
2026-08-06T23:03:32Z,5.45,6.59,70.62,14.497,2.94,7.51,0.13,0.41,,,,,,,,
2026-08-06T23:05:04Z,4.94,6.62,70.66,14.506,2.8,7.5,0.19,0.51,,,,,,,,
2026-08-06T23:06:36Z,4.43,6.68,70.71,14.564,2.59,7.51,0.2,0.49,,,,,,,,
2026-08-06T23:08:08Z,3.92,6.71,70.72,14.58,2.56,7.51,0.18,0.5,,,,,,,,
2026-08-06T23:09:40Z,3.4,6.73,70.79,14.722,2.46,7.52,0.2,0.49,,,,,,,,
2026-08-06T23:11:12Z,2.89,8.03,71.53,17.595,2.61,8.62,0.23,0.42,,,,,,,,
2026-08-06T23:12:44Z,2.42,7.96,71.49,17.911,2.67,8.58,0.22,0.38,,,,,,,,
2026-08-06T23:14:16Z,1.93,7.97,71.46,17.949,2.37,8.58,0.2,0.36,,,,,,,,
2026-08-06T23:15:48Z,1.39,7.94,71.45,18.088,2.54,8.58,0.19,0.34,,,,,,,,
2026-08-06T23:17:20Z,0.92,7.94,71.45,18.107,2.56,8.58,0.18,0.37,,,,,,,,
2026-08-07T03:02:00Z,6.02,6.66,70.58,14.394,2.71,7.61,0.17,0.62,,,,,,,,
2026-08-07T03:03:33Z,5.45,6.72,70.65,14.457,2.62,7.56,0.16,0.57,,,,,,,,
2026-08-07T03:05:06Z,4.94,6.75,70.69,14.511,2.37,7.55,0.18,0.53,,,,,,,,
2026-08-07T03:06:38Z,4.46,6.84,70.68,14.606,2.31,7.57,0.17,0.56,,,,,,,,
2026-08-07T03:08:11Z,3.91,6.88,70.68,14.646,2.33,7.58,0.16,0.52,,,,,,,,
2026-08-07T03:09:43Z,3.41,7.56,70.6,15.306,2.33,7.89,0.17,0.53,,,,,,,,
2026-08-07T03:11:15Z,2.93,7.99,71.06,17.073,2.51,8.5,0.21,0.48,,,,,,,,
2026-08-07T03:12:47Z,2.43,8.04,71.45,17.69,2.76,8.62,0.24,0.44,,,,,,,,
2026-08-07T03:14:19Z,1.94,7.99,71.43,17.843,2.58,8.59,0.21,0.49,,,,,,,,
2026-08-07T03:15:52Z,1.42,8,71.51,18.067,2.62,8.62,0.2,0.44,,,,,,,,
2026-08-07T03:17:24Z,0.93,8.01,71.52,18.091,2.52,8.63,0.27,0.45,,,,,,,,
2026-08-07T07:02:02Z,6.02,7.02,70.43,14.275,2.41,7.74,0.2,0.66,,,,,,,,
2026-08-07T07:03:35Z,5.48,7.03,70.55,14.161,2.6,7.66,0.17,0.59,,,,,,,,
2026-08-07T07:05:08Z,4.99,7.05,70.54,14.224,2.6,7.64,0.2,0.64,,,,,,,,
2026-08-07T07:06:41Z,4.46,7.53,70.52,14.499,2.44,7.91,0.19,0.55,,,,,,,,
2026-08-07T07:08:14Z,3.95,7.64,70.48,14.582,2.4,7.93,0.2,0.58,,,,,,,,
2026-08-07T07:09:47Z,3.46,7.46,70.58,14.683,2.43,7.83,0.17,0.52,,,,,,,,
2026-08-07T07:11:20Z,2.96,7.49,70.86,15.435,2.3,7.91,0.21,0.44,,,,,,,,
2026-08-07T07:12:53Z,2.45,8.06,71.07,17.018,2.25,8.54,0.19,0.45,,,,,,,,
2026-08-07T07:14:26Z,1.96,8,71.43,17.473,2.5,8.59,0.27,0.4,,,,,,,,
2026-08-07T07:15:59Z,1.46,7.96,71.37,17.523,2.59,8.59,0.29,0.44,,,,,,,,
2026-08-07T07:17:32Z,0.96,7.98,71.39,17.539,2.48,8.6,0.28,0.49,,,,,,,,
2026-08-07T11:02:07Z,6.08,6.68,70.58,14.05,2.44,7.61,0.17,0.56,,,,,,,,
2026-08-07T11:03:41Z,5.51,6.71,70.6,14.073,2.64,7.55,0.23,0.58,,,,,,,,
2026-08-07T11:05:14Z,5,6.69,70.62,14.05,2.55,7.53,0.25,0.57,,,,,,,,
2026-08-07T11:06:47Z,4.49,6.69,70.64,14.065,2.44,7.52,0.22,0.64,,,,,,,,
2026-08-07T11:08:20Z,3.98,6.74,70.66,14.271,2.64,7.53,0.21,0.51,,,,,,,,
2026-08-07T11:09:53Z,3.49,7.27,70.87,14.939,2.4,7.7,0.19,0.46,,,,,,,,
2026-08-07T11:11:26Z,2.98,7.37,71.14,15.906,2.54,7.85,0.23,0.42,,,,,,,,
2026-08-07T11:12:59Z,2.48,7.53,71.41,16.579,2.29,8.06,0.31,0.47,,,,,,,,
2026-08-07T11:14:32Z,1.98,7.88,71.38,16.852,2.64,8.48,0.24,0.46,,,,,,,,
2026-08-07T11:16:05Z,1.48,7.94,71.32,16.997,2.34,8.58,0.35,0.42,,,,,,,,
2026-08-07T11:17:38Z,0.98,7.96,71.34,17.011,2.25,8.6,0.26,0.46,,,,,,,,
2026-08-07T15:02:06Z,6.09,6.5,70.5,14.03,2.72,7.59,0.12,0.4,,,,,,,,
2026-08-07T15:03:40Z,5.48,6.49,70.6,14.008,2.55,7.51,0.18,0.41,,,,,,,,
2026-08-07T15:05:13Z,4.99,6.5,70.65,13.989,2.63,7.48,0.18,0.43,,,,,,,,
2026-08-07T15:06:46Z,4.47,6.52,70.65,13.996,2.54,7.47,0.17,0.43,,,,,,,,
2026-08-07T15:08:19Z,3.98,6.53,70.64,14.061,2.42,7.47,0.12,0.43,,,,,,,,
2026-08-07T15:09:52Z,3.45,6.85,70.89,14.511,2.36,7.55,0.17,0.43,,,,,,,,
2026-08-07T15:11:25Z,2.95,7.39,71.55,15.739,2.26,7.86,0.21,0.41,,,,,,,,
2026-08-07T15:12:58Z,2.46,7.84,71.45,16.483,2.59,8.42,0.3,0.46,,,,,,,,
2026-08-07T15:14:31Z,1.96,7.85,71.3,16.616,2.65,8.5,0.22,0.4,,,,,,,,
2026-08-07T15:16:04Z,1.47,7.87,71.29,16.631,2.68,8.51,0.23,0.42,,,,,,,,
2026-08-07T15:17:37Z,0.94,7.87,71.28,16.631,2.37,8.5,0.25,0.36,,,,,,,,
2026-08-07T19:01:58Z,6.08,6.58,70.58,14.023,2.64,7.56,0.15,0.39,,,,,,,,
2026-08-07T19:03:31Z,5.4,6.56,70.61,13.994,2.55,7.49,0.16,0.37,,,,,,,,
2026-08-07T19:05:03Z,4.9,6.57,70.61,13.993,2.45,7.47,0.17,0.39,,,,,,,,
2026-08-07T19:06:35Z,4.45,6.61,70.64,14.057,2.4,7.47,0.16,0.4,,,,,,,,
2026-08-07T19:08:07Z,3.9,6.64,70.67,14.139,2.56,7.48,0.2,0.41,,,,,,,,
2026-08-07T19:09:39Z,3.42,6.78,70.74,14.33,2.46,7.51,0.2,0.47,,,,,,,,
2026-08-07T19:11:11Z,2.89,7.19,70.97,15.36,2.24,7.73,0.21,0.45,,,,,,,,
2026-08-07T19:12:43Z,2.4,7.79,71.55,16.264,2.43,8.33,0.23,0.46,,,,,,,,
2026-08-07T19:14:15Z,1.88,7.7,71.34,16.69,2.71,8.36,0.18,0.45,,,,,,,,
2026-08-07T19:15:47Z,1.4,8.01,71.34,16.79,2.64,8.59,0.23,0.44,,,,,,,,
2026-08-07T19:17:19Z,0.91,8.05,71.37,16.903,2.78,8.63,0.22,0.38,,,,,,,,
2026-08-07T23:01:58Z,6.08,6.63,70.53,13.988,2.66,7.6,0.16,0.45,,,,,,,,
2026-08-07T23:03:31Z,5.4,6.62,70.59,13.946,2.61,7.52,0.15,0.41,,,,,,,,
2026-08-07T23:05:03Z,4.93,6.64,70.61,13.947,2.56,7.5,0.15,0.43,,,,,,,,
2026-08-07T23:06:35Z,4.44,6.64,70.61,13.942,2.56,7.48,0.15,0.43,,,,,,,,
2026-08-07T23:08:07Z,3.91,6.72,70.59,14.003,2.53,7.5,0.16,0.43,,,,,,,,
2026-08-07T23:09:39Z,3.4,6.87,70.71,14.321,2.32,7.55,0.23,0.53,,,,,,,,
2026-08-07T23:11:11Z,2.9,7.27,71.02,15.027,2.49,7.75,0.2,0.44,,,,,,,,
2026-08-07T23:12:43Z,2.39,7.65,71.49,15.625,2.39,8.15,0.2,0.46,,,,,,,,
2026-08-07T23:14:15Z,1.89,8.09,71.61,16.871,2.67,8.62,0.19,0.44,,,,,,,,
2026-08-07T23:15:47Z,1.41,9.12,71.67,17.354,2.6,9.03,0.16,0.38,,,,,,,,
2026-08-07T23:17:19Z,0.9,8.12,71.97,18.54,2.62,8.59,0.2,0.35,,,,,,,,
2026-08-08T03:01:59Z,6.05,6.88,70.5,13.916,2.64,7.66,0.16,0.52,,,,,,,,
2026-08-08T03:03:32Z,5.43,6.89,70.59,13.885,2.73,7.6,0.15,0.51,,,,,,,,
2026-08-08T03:05:05Z,4.94,6.93,70.62,13.892,2.55,7.59,0.17,0.51,,,,,,,,
2026-08-08T03:06:37Z,4.45,7.08,70.63,14.04,2.5,7.64,0.16,0.48,,,,,,,,
2026-08-08T03:08:10Z,3.93,7.29,70.62,14.16,2.34,7.71,0.17,0.45,,,,,,,,
2026-08-08T03:09:42Z,3.43,7.57,71.06,14.972,2.49,7.93,0.2,0.51,,,,,,,,
2026-08-08T03:11:14Z,2.93,7.67,71.34,15.293,2.11,8.06,0.21,0.48,,,,,,,,
2026-08-08T03:12:46Z,2.44,8.72,71.99,16.361,2.5,8.9,0.21,0.52,,,,,,,,
2026-08-08T03:14:18Z,1.93,8.2,71.91,16.815,2.69,8.64,0.22,0.42,,,,,,,,
2026-08-08T03:15:50Z,1.42,8.34,72,18.317,2.53,8.75,0.22,0.47,,,,,,,,
2026-08-08T03:17:22Z,0.91,8.29,71.66,18.554,2.51,8.76,0.23,0.42,,,,,,,,
2026-08-08T07:02:06Z,6.1,6.94,70.43,13.919,2.28,7.68,0.15,0.54,,,,,,,,
2026-08-08T07:03:43Z,5.42,6.93,70.56,13.832,2.54,7.61,0.19,0.5,,,,,,,,
2026-08-08T07:05:16Z,4.96,7,70.6,13.832,2.44,7.6,0.19,0.52,,,,,,,,
2026-08-08T07:06:49Z,4.47,7.07,70.65,13.906,2.27,7.62,0.17,0.49,,,,,,,,
2026-08-08T07:08:22Z,3.96,7.21,70.58,13.938,2.28,7.66,0.19,0.49,,,,,,,,
2026-08-08T07:09:55Z,3.46,7.52,70.71,14.235,2.23,7.8,0.19,0.44,,,,,,,,
2026-08-08T07:11:28Z,2.96,7.28,71.09,15.303,2.34,7.74,0.19,0.46,,,,,,,,
2026-08-08T07:13:01Z,2.44,9.83,72.22,16.705,2.6,9.28,0.15,0.49,,,,,,,,
2026-08-08T07:14:34Z,1.96,8.66,71.89,17.398,2.26,8.87,0.18,0.39,,,,,,,,
2026-08-08T07:16:07Z,1.46,8.08,71.79,18.117,2.5,8.6,0.22,0.35,,,,,,,,
2026-08-08T07:17:40Z,0.94,8,71.77,18.286,2.65,8.54,0.24,0.36,,,,,,,,
2026-08-08T11:02:06Z,6.09,6.68,70.41,13.784,2.44,7.6,0.18,0.53,,,,,,,,
2026-08-08T11:03:40Z,5.49,6.6,70.63,13.725,2.41,7.52,0.18,0.6,,,,,,,,
2026-08-08T11:05:13Z,5,6.64,70.58,13.699,2.48,7.5,0.19,0.57,,,,,,,,
2026-08-08T11:06:46Z,4.48,6.74,70.59,13.752,2.32,7.51,0.22,0.51,,,,,,,,
2026-08-08T11:08:19Z,3.97,6.73,70.61,13.866,2.32,7.51,0.19,0.5,,,,,,,,
2026-08-08T11:09:52Z,3.47,6.92,70.73,14.432,2.26,7.55,0.16,0.48,,,,,,,,
2026-08-08T11:11:25Z,2.97,8.62,72.41,15.561,2.3,8.82,0.17,0.4,,,,,,,,
2026-08-08T11:12:58Z,2.49,8.14,71.68,16.12,1.92,8.42,0.15,0.42,,,,,,,,
2026-08-08T11:14:31Z,1.97,8.14,71.65,17.224,2.42,8.55,0.21,0.37,,,,,,,,
2026-08-08T11:16:04Z,1.46,7.93,71.81,17.697,2.59,8.51,0.15,0.34,,,,,,,,
2026-08-08T11:17:37Z,0.96,7.87,71.65,17.839,2.79,8.5,0.25,0.34,,,,,,,,
2026-08-08T15:02:02Z,6.01,6.42,70.34,13.853,2.6,7.56,0.18,0.39,,,,,,,,
2026-08-08T15:03:35Z,5.48,6.38,70.59,13.731,2.94,7.48,0.15,0.51,,,,,,,,
2026-08-08T15:05:08Z,4.98,6.41,70.6,13.732,2.32,7.45,0.16,0.43,,,,,,,,
2026-08-08T15:06:41Z,4.46,6.43,70.61,13.746,2.43,7.44,0.15,0.47,,,,,,,,
2026-08-08T15:08:14Z,3.94,6.42,70.61,13.766,2.48,7.44,0.18,0.38,,,,,,,,
2026-08-08T15:09:47Z,3.43,6.49,70.63,13.875,2.68,7.44,0.16,0.44,,,,,,,,
2026-08-08T15:11:20Z,2.96,6.86,70.71,14.675,2.3,7.53,0.21,0.42,,,,,,,,
2026-08-08T15:12:53Z,2.44,7.39,71.32,16.014,2.12,7.85,0.13,0.38,,,,,,,,
2026-08-08T15:14:25Z,1.95,7.88,71.99,16.703,2.46,8.32,0.34,0.39,,,,,,,,
2026-08-08T15:15:58Z,1.44,7.87,71.72,17.305,2.66,8.5,0.3,0.37,,,,,,,,
2026-08-08T15:17:31Z,0.94,7.87,71.62,17.399,2.63,8.52,0.29,0.36,,,,,,,,
2026-08-08T19:01:59Z,6.08,6.37,70.54,13.703,2.71,7.49,0.12,0.32,,,,,,,,
2026-08-08T19:03:32Z,5.42,6.36,70.61,13.678,2.62,7.42,0.14,0.33,,,,,,,,
2026-08-08T19:05:04Z,4.94,6.4,70.62,13.726,2.61,7.4,0.14,0.36,,,,,,,,
2026-08-08T19:06:36Z,4.41,6.55,70.59,13.876,2.28,7.43,0.18,0.42,,,,,,,,
2026-08-08T19:08:08Z,3.92,6.65,70.64,13.982,2.35,7.44,0.16,0.43,,,,,,,,
2026-08-08T19:09:40Z,3.41,6.82,70.76,14.584,2.4,7.52,0.18,0.41,,,,,,,,
2026-08-08T19:11:12Z,2.92,7.09,71.02,15.308,2.6,7.64,0.17,0.37,,,,,,,,
2026-08-08T19:12:44Z,2.41,7.51,70.94,16.244,2.54,7.99,0.21,0.37,,,,,,,,
2026-08-08T19:14:16Z,1.94,7.73,71.47,17.04,2.56,8.23,0.21,0.39,,,,,,,,
2026-08-08T19:15:48Z,1.39,7.97,71.58,17.645,2.56,8.55,0.19,0.38,,,,,,,,
2026-08-08T19:17:20Z,0.92,7.99,71.68,17.825,2.61,8.57,0.23,0.38,,,,,,,,
2026-08-08T23:01:59Z,6.06,6.41,70.51,13.765,2.86,7.52,0.13,0.36,,,,,,,,
2026-08-08T23:03:32Z,5.4,6.4,70.58,13.74,2.69,7.44,0.15,0.39,,,,,,,,
2026-08-08T23:05:04Z,4.91,6.4,70.58,13.726,2.69,7.42,0.16,0.37,,,,,,,,
2026-08-08T23:06:36Z,4.39,6.4,70.59,13.734,2.54,7.41,0.15,0.38,,,,,,,,
2026-08-08T23:08:08Z,3.93,6.44,70.59,13.788,2.47,7.42,0.15,0.41,,,,,,,,
2026-08-08T23:09:40Z,3.41,6.56,70.6,13.938,2.29,7.44,0.16,0.42,,,,,,,,
2026-08-08T23:11:12Z,2.92,7.01,70.56,14.931,2.24,7.63,0.19,0.44,,,,,,,,
2026-08-08T23:12:44Z,2.44,7.57,71.02,16.143,2.39,8.07,0.21,0.45,,,,,,,,
2026-08-08T23:14:16Z,1.92,7.96,71.64,17.632,2.56,8.52,0.21,0.47,,,,,,,,
2026-08-08T23:15:48Z,1.4,7.99,71.63,17.813,2.57,8.55,0.24,0.45,,,,,,,,
2026-08-08T23:17:20Z,0.92,8.02,71.64,17.931,2.58,8.57,0.21,0.42,,,,,,,,
2026-08-09T03:02:00Z,6,6.73,70.51,13.936,2.66,7.6,0.14,0.52,,,,,,,,
2026-08-09T03:03:33Z,5.46,6.7,70.6,13.896,2.58,7.54,0.17,0.5,,,,,,,,
2026-08-09T03:05:06Z,4.94,6.72,70.61,13.9,2.56,7.52,0.16,0.55,,,,,,,,
2026-08-09T03:06:38Z,4.45,6.72,70.63,13.913,2.55,7.51,0.17,0.52,,,,,,,,
2026-08-09T03:08:11Z,3.93,7.02,70.77,14.401,2.34,7.6,0.22,0.5,,,,,,,,
2026-08-09T03:09:43Z,3.43,7.09,70.81,14.578,2.36,7.65,0.21,0.42,,,,,,,,
2026-08-09T03:11:16Z,2.93,7.82,71.48,17.068,2.68,8.39,0.26,0.45,,,,,,,,
2026-08-09T03:12:48Z,2.44,7.86,71.48,17.245,2.53,8.47,0.24,0.47,,,,,,,,
2026-08-09T03:14:21Z,1.94,7.89,71.49,17.285,2.54,8.48,0.24,0.44,,,,,,,,
2026-08-09T03:15:53Z,1.46,7.92,71.51,17.329,2.57,8.51,0.25,0.5,,,,,,,,
2026-08-09T03:17:26Z,0.92,7.94,71.52,17.363,2.58,8.54,0.23,0.48,,,,,,,,
2026-08-09T07:02:02Z,6.04,6.6,70.51,13.895,2.34,7.59,0.22,0.53,,,,,,,,
2026-08-09T07:03:35Z,5.46,6.65,70.67,13.955,2.45,7.53,0.18,0.51,,,,,,,,
2026-08-09T07:05:08Z,4.99,6.72,70.65,13.985,2.43,7.52,0.14,0.51,,,,,,,,
2026-08-09T07:06:41Z,4.46,6.8,70.64,14.061,2.34,7.53,0.18,0.46,,,,,,,,
2026-08-09T07:08:14Z,3.95,6.9,70.78,14.23,2.28,7.57,0.12,0.51,,,,,,,,
2026-08-09T07:09:47Z,3.48,7.43,71.18,15.553,2.29,7.84,0.2,0.43,,,,,,,,
2026-08-09T07:11:20Z,2.94,7.76,71.46,16.625,2.35,8.32,0.21,0.37,,,,,,,,
2026-08-09T07:12:53Z,2.45,7.85,71.49,17.073,2.55,8.46,0.26,0.39,,,,,,,,
2026-08-09T07:14:26Z,1.97,7.88,71.59,17.299,3.06,8.53,0.3,0.41,,,,,,,,
2026-08-09T07:15:59Z,1.46,7.9,71.57,17.31,2.75,8.53,0.25,0.47,,,,,,,,
2026-08-09T07:17:32Z,0.96,7.89,71.58,17.321,2.78,8.53,0.31,0.42,,,,,,,,
2026-08-09T11:02:07Z,6.08,6.4,70.52,13.93,2.85,7.55,0.21,0.53,,,,,,,,
2026-08-09T11:03:41Z,5.49,6.44,70.65,13.917,2.56,7.48,0.17,0.51,,,,,,,,
2026-08-09T11:05:14Z,5,6.46,70.68,13.929,2.32,7.47,0.24,0.53,,,,,,,,
2026-08-09T11:06:47Z,4.47,6.48,70.71,13.986,2.26,7.46,0.16,0.53,,,,,,,,
2026-08-09T11:08:20Z,3.98,6.48,70.7,13.987,2.44,7.46,0.18,0.52,,,,,,,,
2026-08-09T11:09:53Z,3.45,6.6,70.84,14.232,2.31,7.48,0.2,0.5,,,,,,,,
2026-08-09T11:11:26Z,2.98,7.36,71.28,15.808,2.19,7.85,0.17,0.39,,,,,,,,
2026-08-09T11:12:59Z,2.47,7.58,71.55,16.461,2.43,8.14,0.19,0.5,,,,,,,,
2026-08-09T11:14:32Z,1.98,7.76,71.51,16.858,2.87,8.4,0.29,0.48,,,,,,,,
2026-08-09T11:16:05Z,1.47,7.77,71.53,16.937,2.77,8.44,0.26,0.48,,,,,,,,
2026-08-09T11:17:38Z,0.98,7.78,71.52,16.953,2.61,8.45,0.27,0.43,,,,,,,,
2026-08-09T15:02:06Z,6.08,6.29,70.49,14.036,2.86,7.53,0.14,0.46,,,,,,,,
2026-08-09T15:03:39Z,5.49,6.23,70.69,13.874,2.56,7.45,0.14,0.47,,,,,,,,
2026-08-09T15:05:12Z,4.97,6.26,70.72,13.858,2.83,7.43,0.13,0.45,,,,,,,,
2026-08-09T15:06:45Z,4.47,6.35,70.72,13.938,2.32,7.43,0.18,0.43,,,,,,,,
2026-08-09T15:08:18Z,3.98,6.49,70.75,14.086,2.32,7.45,0.16,0.39,,,,,,,,
2026-08-09T15:09:51Z,3.47,6.59,70.74,14.222,2.34,7.48,0.17,0.42,,,,,,,,
2026-08-09T15:11:24Z,2.96,7.12,70.88,15.245,2.2,7.7,0.19,0.45,,,,,,,,
2026-08-09T15:12:57Z,2.44,7.63,71.44,16.38,2.34,8.23,0.23,0.45,,,,,,,,
2026-08-09T15:14:30Z,1.96,7.68,71.35,16.485,2.67,8.36,0.28,0.47,,,,,,,,
2026-08-09T15:16:03Z,1.47,7.69,71.38,16.528,2.69,8.37,0.25,0.45,,,,,,,,
2026-08-09T15:17:36Z,0.96,7.72,71.38,16.546,2.75,8.38,0.21,0.4,,,,,,,,
2026-08-09T19:01:59Z,6.06,6.17,70.72,13.798,2.89,7.49,0.1,0.32,,,,,,,,
2026-08-09T19:03:32Z,5.41,6.26,70.71,13.87,2.8,7.44,0.15,0.35,,,,,,,,
2026-08-09T19:05:04Z,4.93,6.33,70.72,13.932,2.54,7.43,0.15,0.33,,,,,,,,
2026-08-09T19:06:36Z,4.44,6.46,70.73,14.036,2.49,7.44,0.13,0.35,,,,,,,,
2026-08-09T19:08:08Z,3.9,6.53,70.73,14.099,2.36,7.46,0.15,0.37,,,,,,,,
2026-08-09T19:09:40Z,3.41,6.59,70.73,14.156,2.47,7.46,0.17,0.38,,,,,,,,
2026-08-09T19:11:12Z,2.92,6.67,70.75,14.317,2.24,7.49,0.18,0.43,,,,,,,,
2026-08-09T19:12:44Z,2.4,7.61,71.28,15.978,2.31,8.13,0.22,0.46,,,,,,,,
2026-08-09T19:14:16Z,1.89,7.93,71.34,16.381,2.54,8.54,0.26,0.47,,,,,,,,
2026-08-09T19:15:48Z,1.44,7.95,71.34,16.435,2.69,8.57,0.23,0.48,,,,,,,,
2026-08-09T19:17:20Z,0.93,7.95,71.41,16.592,2.43,8.56,0.23,0.43,,,,,,,,
2026-08-09T23:01:59Z,6.04,6.42,70.64,13.928,2.77,7.48,0.12,0.36,,,,,,,,
2026-08-09T23:03:32Z,5.41,6.41,70.68,13.902,2.85,7.42,0.17,0.39,,,,,,,,
2026-08-09T23:05:04Z,4.93,6.39,70.7,13.887,2.78,7.39,0.16,0.41,,,,,,,,
2026-08-09T23:06:36Z,4.44,6.51,70.81,14.12,2.38,7.4,0.16,0.47,,,,,,,,
2026-08-09T23:08:08Z,3.92,6.63,70.68,14.17,2.28,7.43,0.19,0.46,,,,,,,,
2026-08-09T23:09:40Z,3.41,7.33,71,15.126,2.34,7.76,0.23,0.53,,,,,,,,
2026-08-09T23:11:12Z,2.92,7.5,70.94,15.322,2.45,7.98,0.18,0.51,,,,,,,,
2026-08-09T23:12:44Z,2.41,7.91,71.35,16.518,2.51,8.48,0.2,0.48,,,,,,,,
2026-08-09T23:14:16Z,1.94,7.93,71.41,16.577,2.5,8.5,0.22,0.45,,,,,,,,
2026-08-09T23:15:48Z,1.41,7.96,71.43,16.632,2.55,8.53,0.21,0.5,,,,,,,,
2026-08-09T23:17:20Z,0.92,7.98,71.44,16.651,2.53,8.54,0.21,0.47,,,,,,,,
2026-08-10T03:02:02Z,6.04,6.46,70.57,13.842,2.79,7.55,0.19,0.62,,,,,,,,
2026-08-10T03:03:35Z,5.44,6.48,70.67,13.867,2.75,7.49,0.16,0.56,,,,,,,,
2026-08-10T03:05:08Z,4.96,6.59,70.7,13.975,2.42,7.49,0.17,0.53,,,,,,,,
2026-08-10T03:06:41Z,4.43,6.65,70.7,14.016,2.63,7.5,0.15,0.53,,,,,,,,
2026-08-10T03:08:13Z,3.95,6.71,70.68,14.066,2.44,7.51,0.16,0.53,,,,,,,,
2026-08-10T03:09:46Z,3.46,6.79,70.76,14.214,2.32,7.53,0.19,0.47,,,,,,,,
2026-08-10T03:11:19Z,2.97,7.55,70.9,15.393,2.49,7.99,0.19,0.48,,,,,,,,
2026-08-10T03:12:52Z,2.46,7.83,71.26,16.26,2.71,8.36,0.26,0.46,,,,,,,,
2026-08-10T03:14:25Z,1.94,7.86,71.26,16.361,2.58,8.41,0.26,0.48,,,,,,,,
2026-08-10T03:15:58Z,1.45,7.93,71.37,16.593,2.77,8.5,0.25,0.55,,,,,,,,
2026-08-10T03:17:31Z,0.94,8.02,71.42,16.683,2.37,8.58,0.24,0.54,,,,,,,,
2026-08-10T07:02:02Z,6.03,6.4,70.51,13.768,2.76,7.53,0.18,0.68,,,,,,,,
2026-08-10T07:03:35Z,5.47,6.33,70.66,13.738,2.74,7.45,0.19,0.67,,,,,,,,
2026-08-10T07:05:08Z,4.99,6.35,70.67,13.743,2.74,7.43,0.22,0.62,,,,,,,,
2026-08-10T07:06:41Z,4.47,6.39,70.67,13.759,2.58,7.43,0.2,0.69,,,,,,,,
2026-08-10T07:08:14Z,3.98,6.48,70.68,13.844,2.37,7.44,0.2,0.65,,,,,,,,
2026-08-10T07:09:47Z,3.46,6.94,70.7,14.18,2.4,7.56,0.24,0.47,,,,,,,,
2026-08-10T07:11:20Z,2.96,7.31,71.08,15.351,2.41,7.78,0.22,0.47,,,,,,,,
2026-08-10T07:12:53Z,2.45,7.78,71.28,16.231,2.64,8.31,0.3,0.45,,,,,,,,
2026-08-10T07:14:26Z,1.96,7.87,71.27,16.399,2.68,8.43,0.22,0.43,,,,,,,,
2026-08-10T07:15:59Z,1.47,7.9,71.29,16.444,2.69,8.46,0.35,0.47,,,,,,,,
2026-08-10T07:17:32Z,0.98,7.92,71.29,16.448,3.02,8.48,0.34,0.46,,,,,,,,
2026-08-10T11:02:06Z,6.09,6.29,70.54,13.794,2.39,7.51,0.16,0.64,,,,,,,,
2026-08-10T11:03:40Z,5.49,6.23,70.7,13.738,3.82,7.43,0.23,0.68,,,,,,,,
2026-08-10T11:05:13Z,4.99,6.26,70.7,13.729,2.41,7.41,0.23,0.63,,,,,,,,
2026-08-10T11:06:46Z,4.48,6.31,70.69,13.771,2.41,7.41,0.23,0.58,,,,,,,,
2026-08-10T11:08:19Z,3.99,6.37,70.71,13.803,2.37,7.42,0.21,0.56,,,,,,,,
2026-08-10T11:09:52Z,3.48,6.44,70.7,13.874,2.42,7.43,0.15,0.58,,,,,,,,
2026-08-10T11:11:25Z,3,6.74,70.85,14.542,2.26,7.51,0.19,0.55,,,,,,,,
2026-08-10T11:12:58Z,2.48,7.61,71.16,15.971,2.59,8.1,0.24,0.53,,,,,,,,
2026-08-10T11:14:31Z,1.96,7.81,71.27,16.269,2.46,8.37,0.27,0.45,,,,,,,,
2026-08-10T11:16:04Z,1.46,7.8,71.25,16.286,2.72,8.39,0.3,0.44,,,,,,,,
2026-08-10T11:17:37Z,0.98,7.81,71.23,16.282,2.72,8.39,0.29,0.44,,,,,,,,
2026-08-10T15:02:02Z,6.01,6.24,70.6,13.781,2.84,7.52,0.14,0.48,,,,,,,,
2026-08-10T15:03:35Z,5.45,6.21,70.82,13.768,2.87,7.44,0.24,0.54,,,,,,,,
2026-08-10T15:05:08Z,4.94,6.25,70.71,13.753,2.49,7.42,0.12,0.47,,,,,,,,
2026-08-10T15:06:41Z,4.46,6.27,70.72,13.79,2.45,7.42,0.17,0.44,,,,,,,,
2026-08-10T15:08:14Z,3.94,6.33,70.69,13.827,2.36,7.42,0.18,0.53,,,,,,,,
2026-08-10T15:09:47Z,3.45,6.41,70.69,13.904,2.29,7.43,0.17,0.45,,,,,,,,
2026-08-10T15:11:20Z,2.94,7.09,71.14,14.924,2.23,7.65,0.23,0.57,,,,,,,,
2026-08-10T15:12:53Z,2.44,7.73,71.34,15.94,2.66,8.25,0.28,0.47,,,,,,,,
2026-08-10T15:14:25Z,1.95,7.88,71.29,16.142,2.91,8.46,0.29,0.47,,,,,,,,
2026-08-10T15:15:58Z,1.46,7.9,71.27,16.16,2.65,8.48,0.3,0.46,,,,,,,,
2026-08-10T15:17:31Z,0.94,7.9,71.28,16.167,2.93,8.49,0.33,0.48,,,,,,,,
2026-08-10T19:01:58Z,6.06,6.19,70.63,13.789,2.6,7.54,0.12,0.39,,,,,,,,
2026-08-10T19:03:31Z,5.43,6.23,70.73,13.76,2.63,7.44,0.13,0.38,,,,,,,,
2026-08-10T19:05:03Z,4.91,6.22,70.74,13.771,2.57,7.42,0.17,0.4,,,,,,,,
2026-08-10T19:06:35Z,4.41,6.27,70.73,13.792,2.76,7.42,0.16,0.39,,,,,,,,
2026-08-10T19:08:07Z,3.93,6.35,70.71,13.826,2.56,7.43,0.14,0.43,,,,,,,,
2026-08-10T19:09:39Z,3.4,6.42,70.72,13.888,2.24,7.44,0.16,0.49,,,,,,,,
2026-08-10T19:11:11Z,2.91,7.12,70.87,14.756,2.3,7.66,0.22,0.59,,,,,,,,
2026-08-10T19:12:43Z,2.39,7.43,71.4,15.687,2.46,8.01,0.21,0.51,,,,,,,,
2026-08-10T19:14:15Z,1.91,8.05,71.45,16.28,2.66,8.61,0.26,0.49,,,,,,,,
2026-08-10T19:15:47Z,1.43,8.05,71.43,16.349,2.63,8.62,0.22,0.53,,,,,,,,
2026-08-10T19:17:19Z,0.93,8.11,71.42,16.42,2.71,8.67,0.21,0.51,,,,,,,,
2026-08-10T23:01:58Z,6.07,6.49,70.61,13.888,2.68,7.56,0.17,0.55,,,,,,,,
2026-08-10T23:03:31Z,5.41,6.5,70.67,13.875,2.53,7.5,0.19,0.49,,,,,,,,
2026-08-10T23:05:03Z,4.93,6.49,70.66,13.869,2.37,7.48,0.2,0.49,,,,,,,,
2026-08-10T23:06:35Z,4.43,6.47,70.67,13.872,2.46,7.47,0.15,0.5,,,,,,,,
2026-08-10T23:08:07Z,3.92,6.48,70.66,13.86,2.46,7.46,0.18,0.52,,,,,,,,
2026-08-10T23:09:39Z,3.41,6.63,70.71,14.056,2.3,7.49,0.18,0.52,,,,,,,,
2026-08-10T23:11:11Z,2.91,6.79,70.71,14.265,2.38,7.55,0.22,0.57,,,,,,,,
2026-08-10T23:12:43Z,2.39,7.67,71.04,15.289,2.32,8.08,0.2,0.54,,,,,,,,
2026-08-10T23:14:15Z,1.9,7.8,71.17,15.636,2.36,8.3,0.18,0.51,,,,,,,,
2026-08-10T23:15:47Z,1.44,8.17,71.49,16.64,2.87,8.69,0.24,0.48,,,,,,,,
2026-08-10T23:17:19Z,0.91,8.28,71.56,16.854,2.9,8.74,0.24,0.51,,,,,,,,
2026-08-11T03:01:59Z,6.04,6.43,70.6,13.716,2.64,7.57,0.18,0.66,,,,,,,,
2026-08-11T03:03:32Z,5.43,6.43,70.69,13.698,2.54,7.49,0.17,0.65,,,,,,,,
2026-08-11T03:05:05Z,4.92,6.43,70.7,13.697,2.57,7.47,0.19,0.68,,,,,,,,
2026-08-11T03:06:37Z,4.43,6.58,70.67,13.772,2.32,7.49,0.17,0.54,,,,,,,,
2026-08-11T03:08:09Z,3.94,6.67,70.67,13.823,2.27,7.51,0.17,0.58,,,,,,,,
2026-08-11T03:09:41Z,3.45,6.65,70.65,13.812,2.46,7.51,0.18,0.64,,,,,,,,
2026-08-11T03:11:14Z,2.93,7.3,70.76,14.38,2.27,7.73,0.16,0.54,,,,,,,,
2026-08-11T03:12:46Z,2.44,8.12,71.17,15.647,2.48,8.49,0.21,0.64,,,,,,,,
2026-08-11T03:14:18Z,1.92,8.15,71.45,16.477,2.88,8.63,0.29,0.55,,,,,,,,
2026-08-11T03:15:50Z,1.44,8.17,71.46,16.739,3.72,8.65,0.24,0.55,,,,,,,,
2026-08-11T03:17:22Z,0.94,8.26,71.48,16.901,2.78,8.72,0.39,0.57,,,,,,,,
2026-08-11T07:02:02Z,6.02,6.59,70.54,13.823,2.54,7.64,0.16,0.64,,,,,,,,
2026-08-11T07:03:35Z,5.46,6.6,70.65,13.73,2.52,7.55,0.19,0.59,,,,,,,,
2026-08-11T07:04:58Z,4.98,6.65,70.69,13.722,2.32,7.53,0.24,0.71,,,,,,,,
2026-08-11T07:06:31Z,4.45,6.68,70.71,13.746,2.44,7.53,0.23,0.65,,,,,,,,
2026-08-11T07:08:04Z,3.97,6.82,70.74,13.841,2.4,7.55,0.17,0.5,,,,,,,,
2026-08-11T07:09:37Z,3.45,6.91,70.73,13.979,2.34,7.57,0.18,0.56,,,,,,,,
2026-08-11T07:11:10Z,2.95,7.02,70.97,14.662,2.63,7.65,0.21,0.53,,,,,,,,
2026-08-11T07:12:43Z,2.44,7.6,71.16,15.657,2.35,8.01,0.28,0.44,,,,,,,,
2026-08-11T07:14:16Z,1.94,8.1,71.49,16.601,2.81,8.63,0.31,0.47,,,,,,,,
2026-08-11T07:15:49Z,1.47,8.11,71.45,16.682,2.74,8.64,0.29,0.5,,,,,,,,
2026-08-11T07:17:22Z,0.96,8.11,71.43,16.69,2.8,8.64,0.31,0.47,,,,,,,,
2026-08-11T11:02:05Z,6.08,6.34,70.59,13.633,2.66,7.56,0.19,0.62,,,,,,,,
2026-08-11T11:03:39Z,5.48,6.31,70.72,13.571,2.59,7.47,0.16,0.57,,,,,,,,
2026-08-11T11:05:12Z,4.97,6.33,70.73,13.577,2.55,7.45,0.19,0.61,,,,,,,,
2026-08-11T11:06:45Z,4.48,6.39,70.71,13.627,2.52,7.45,0.22,0.61,,,,,,,,
2026-08-11T11:08:18Z,3.97,6.48,70.7,13.671,2.45,7.46,0.19,0.63,,,,,,,,
2026-08-11T11:09:51Z,3.48,6.81,70.68,13.844,2.42,7.53,0.19,0.54,,,,,,,,
2026-08-11T11:11:24Z,2.98,6.86,70.76,14.053,2.33,7.55,0.17,0.6,,,,,,,,
2026-08-11T11:12:57Z,2.49,6.46,71.38,14.845,2.82,7.55,0.17,0.63,,,,,,,,
2026-08-11T11:14:30Z,1.96,7.97,71.59,16.413,2.71,8.54,0.34,0.47,,,,,,,,
2026-08-11T11:16:03Z,1.47,8.04,71.49,16.574,2.8,8.63,0.26,0.43,,,,,,,,
2026-08-11T11:17:36Z,0.98,8.05,71.43,16.602,2.53,8.63,0.37,0.44,,,,,,,,
2026-08-11T15:02:06Z,6.11,6.29,70.52,13.784,2.57,7.56,0.14,0.65,,,,,,,,
2026-08-11T15:03:40Z,5.49,6.26,70.67,13.626,2.82,7.47,0.17,0.53,,,,,,,,
2026-08-11T15:05:13Z,4.97,6.26,70.73,13.586,2.65,7.44,0.17,0.43,,,,,,,,
2026-08-11T15:06:46Z,4.45,6.27,70.73,13.591,2.51,7.43,0.19,0.5,,,,,,,,
2026-08-11T15:08:19Z,3.94,6.34,70.72,13.626,2.6,7.43,0.17,0.46,,,,,,,,
2026-08-11T15:09:52Z,3.46,6.51,70.71,13.771,2.57,7.46,0.2,0.48,,,,,,,,
2026-08-11T15:11:25Z,2.94,6.69,70.79,14.185,2.33,7.5,0.23,0.57,,,,,,,,
2026-08-11T15:12:57Z,2.46,7.64,71.1,14.884,1.93,7.91,0.19,0.51,,,,,,,,
2026-08-11T15:14:30Z,1.95,7.95,71.43,15.873,2.98,8.44,0.16,0.48,,,,,,,,
2026-08-11T15:16:02Z,1.46,8.05,71.45,16.404,2.56,8.63,0.36,0.47,,,,,,,,
2026-08-11T15:17:35Z,0.93,8.05,71.44,16.452,3.13,8.64,0.33,0.47,,,,,,,,
2026-08-11T19:02:00Z,6.08,6.12,70.57,13.661,3.38,7.55,0.13,0.43,,,,,,,,
2026-08-11T19:03:33Z,5.4,6.14,70.71,13.558,2.72,7.45,0.17,0.37,,,,,,,,
2026-08-11T19:05:05Z,4.93,6.17,70.71,13.559,2.97,7.42,0.17,0.38,,,,,,,,
2026-08-11T19:06:37Z,4.43,6.28,70.72,13.667,2.68,7.42,0.18,0.41,,,,,,,,
2026-08-11T19:08:09Z,3.93,6.33,70.71,13.76,2.23,7.43,0.17,0.45,,,,,,,,
2026-08-11T19:09:41Z,3.4,6.38,70.7,13.862,2.22,7.43,0.18,0.5,,,,,,,,
2026-08-11T19:11:13Z,2.9,6.53,70.73,13.954,2.32,7.46,0.19,0.59,,,,,,,,
2026-08-11T19:12:45Z,2.4,7.03,71.06,14.961,2.22,7.63,0.21,0.54,,,,,,,,
2026-08-11T19:14:17Z,1.92,7.51,71.67,15.833,2.51,8.12,0.22,0.6,,,,,,,,
2026-08-11T19:15:49Z,1.41,8.25,71.57,16.626,2.94,8.75,0.3,0.51,,,,,,,,
2026-08-11T19:17:21Z,0.9,8.2,71.52,16.848,2.79,8.71,0.29,0.48,,,,,,,,
2026-08-11T23:01:58Z,6.07,6.3,70.67,13.665,2.69,7.48,0.15,0.48,,,,,,,,
2026-08-11T23:03:31Z,5.43,6.28,70.72,13.648,2.59,7.43,0.14,0.5,,,,,,,,
2026-08-11T23:05:04Z,4.92,6.27,70.72,13.643,2.58,7.41,0.16,0.49,,,,,,,,
2026-08-11T23:06:36Z,4.41,6.3,70.71,13.673,2.63,7.41,0.16,0.51,,,,,,,,
2026-08-11T23:08:08Z,3.94,6.3,70.72,13.683,2.53,7.41,0.17,0.49,,,,,,,,
2026-08-11T23:09:40Z,3.4,6.32,70.75,13.721,2.59,7.42,0.19,0.49,,,,,,,,
2026-08-11T23:11:12Z,2.92,6.76,71.27,14.495,2.49,7.53,0.21,0.48,,,,,,,,
2026-08-11T23:12:44Z,2.43,7.26,71.1,15.386,2.56,7.81,0.25,0.49,,,,,,,,
2026-08-11T23:14:16Z,1.91,7.52,70.93,15.901,2.63,8.09,0.23,0.5,,,,,,,,
2026-08-11T23:15:48Z,1.42,7.79,71.4,16.397,2.92,8.33,0.24,0.49,,,,,,,,
2026-08-11T23:17:20Z,0.91,7.88,71.36,16.589,2.76,8.44,0.3,0.51,,,,,,,,
2026-08-12T03:02:04Z,6.08,6.31,70.64,13.693,2.47,7.54,0.16,0.63,,,,,,,,
2026-08-12T03:03:38Z,5.45,6.37,70.72,13.687,2.65,7.48,0.17,0.57,,,,,,,,
2026-08-12T03:05:11Z,4.95,6.36,70.74,13.688,2.52,7.46,0.17,0.56,,,,,,,,
2026-08-12T03:06:44Z,4.44,6.46,70.74,13.778,2.42,7.46,0.18,0.56,,,,,,,,
2026-08-12T03:08:17Z,3.94,6.5,70.75,13.815,2.55,7.47,0.2,0.57,,,,,,,,
2026-08-12T03:09:50Z,3.43,6.55,70.76,13.855,2.55,7.48,0.18,0.58,,,,,,,,
2026-08-12T03:11:22Z,2.95,7.51,71.14,15.386,2.51,7.94,0.23,0.51,,,,,,,,
2026-08-12T03:12:55Z,2.43,7.68,71.21,16.146,2.92,8.22,0.22,0.52,,,,,,,,
2026-08-12T03:14:27Z,1.95,7.91,71.31,16.572,2.71,8.46,0.25,0.48,,,,,,,,
2026-08-12T03:15:59Z,1.48,8.03,71.41,16.8,2.83,8.58,0.29,0.55,,,,,,,,
2026-08-12T03:17:32Z,0.95,8.01,71.46,16.949,2.57,8.6,0.28,0.52,,,,,,,,
2026-08-12T07:02:02Z,6.02,6.24,70.53,13.745,2.65,7.56,0.23,0.62,,,,,,,,
2026-08-12T07:03:35Z,5.48,6.23,70.66,13.673,2.62,7.47,0.19,0.62,,,,,,,,
2026-08-12T07:05:08Z,4.98,6.25,70.71,13.65,2.64,7.44,0.19,0.71,,,,,,,,
2026-08-12T07:06:41Z,4.46,6.34,70.73,13.681,2.5,7.44,0.2,0.67,,,,,,,,
2026-08-12T07:08:14Z,3.98,6.43,70.76,13.772,2.36,7.46,0.28,0.69,,,,,,,,
2026-08-12T07:09:47Z,3.46,6.62,70.78,13.96,2.42,7.5,0.19,0.51,,,,,,,,
2026-08-12T07:11:20Z,2.96,6.89,71.05,14.72,2.57,7.57,0.2,0.55,,,,,,,,
2026-08-12T07:12:53Z,2.45,7.6,71.39,16.155,2.62,8.26,0.26,0.51,,,,,,,,
2026-08-12T07:14:26Z,1.96,7.95,71.52,16.8,3.07,8.56,0.35,0.47,,,,,,,,
2026-08-12T07:15:59Z,1.48,7.95,71.46,16.88,3.3,8.59,0.28,0.53,,,,,,,,
2026-08-12T07:17:32Z,0.98,7.95,71.44,16.893,2.97,8.59,0.29,0.51,,,,,,,,
2026-08-12T11:02:06Z,6.08,6.11,70.63,13.679,2.59,7.52,0.16,0.61,,,,,,,,
2026-08-12T11:03:40Z,5.5,6.1,70.77,13.654,2.59,7.43,0.18,0.62,,,,,,,,
2026-08-12T11:05:13Z,4.99,6.1,70.78,13.656,2.41,7.41,0.18,0.66,,,,,,,,
2026-08-12T11:06:46Z,4.48,6.1,70.79,13.69,2.52,7.4,0.21,0.56,,,,,,,,
2026-08-12T11:08:19Z,3.97,6.23,70.82,13.855,2.36,7.41,0.17,0.53,,,,,,,,
2026-08-12T11:09:52Z,3.46,6.45,70.76,14.035,2.4,7.46,0.19,0.5,,,,,,,,
2026-08-12T11:11:25Z,2.96,6.63,70.85,14.418,2.33,7.51,0.22,0.52,,,,,,,,
2026-08-12T11:12:58Z,2.47,7,71.04,15.147,2.28,7.65,0.17,0.47,,,,,,,,
2026-08-12T11:14:31Z,1.97,7.34,71.16,15.823,3.33,7.9,0.25,0.49,,,,,,,,
2026-08-12T11:16:04Z,1.48,8.03,71.44,16.557,2.9,8.63,0.33,0.51,,,,,,,,
2026-08-12T11:17:37Z,0.96,8.06,71.42,16.594,2.75,8.65,0.33,0.52,,,,,,,,
2026-08-12T15:02:02Z,6.01,6.11,70.58,13.797,3.07,7.51,0.15,0.56,,,,,,,,
2026-08-12T15:03:35Z,5.47,6.02,70.79,13.662,2.46,7.42,0.15,0.46,,,,,,,,
2026-08-12T15:05:08Z,4.98,6.04,70.82,13.703,2.48,7.4,0.18,0.44,,,,,,,,
2026-08-12T15:06:41Z,4.46,6.27,70.81,13.927,2.38,7.42,0.19,0.44,,,,,,,,
2026-08-12T15:08:14Z,3.95,6.34,70.79,13.995,2.38,7.43,0.17,0.46,,,,,,,,
2026-08-12T15:09:47Z,3.46,6.4,70.77,14.061,2.49,7.43,0.21,0.5,,,,,,,,
2026-08-12T15:11:20Z,2.93,6.46,70.82,14.216,2.22,7.45,0.2,0.55,,,,,,,,
2026-08-12T15:12:53Z,2.44,6.7,70.96,14.862,2.51,7.53,0.15,0.56,,,,,,,,
2026-08-12T15:14:26Z,1.95,7.84,71.33,16.293,2.92,8.48,0.34,0.45,,,,,,,,
2026-08-12T15:15:59Z,1.46,7.86,71.35,16.367,3.2,8.52,0.39,0.47,,,,,,,,
2026-08-12T15:17:32Z,0.94,7.9,71.35,16.424,3.11,8.53,0.34,0.52,,,,,,,,
2026-08-12T19:01:58Z,6.07,5.91,70.67,13.683,2.96,7.5,0.11,0.38,,,,,,,,
2026-08-12T19:03:31Z,5.41,5.97,70.84,13.639,2.74,7.4,0.16,0.36,,,,,,,,
2026-08-12T19:05:03Z,4.92,6,70.8,13.66,2.53,7.38,0.15,0.35,,,,,,,,
2026-08-12T19:06:35Z,4.42,6.01,70.83,13.712,2.76,7.37,0.15,0.41,,,,,,,,
2026-08-12T19:08:07Z,3.93,6.26,70.82,13.915,2.43,7.4,0.16,0.4,,,,,,,,
2026-08-12T19:09:39Z,3.39,6.39,70.78,14.027,2.4,7.43,0.18,0.48,,,,,,,,
2026-08-12T19:11:11Z,2.92,6.54,70.8,14.202,3,7.46,0.21,0.58,,,,,,,,
2026-08-12T19:12:43Z,2.38,6.9,71.14,14.734,2.38,7.57,0.19,0.64,,,,,,,,
2026-08-12T19:14:15Z,1.9,8.05,71.73,16.339,2.85,8.58,0.3,0.43,,,,,,,,
2026-08-12T19:15:47Z,1.43,8.09,71.59,17.274,2.75,8.66,0.3,0.44,,,,,,,,
2026-08-12T19:17:19Z,0.89,8.11,71.56,17.361,3.06,8.68,0.24,0.45,,,,,,,,
2026-08-12T23:01:59Z,6.04,6.23,70.73,13.799,3.14,7.49,0.13,0.41,,,,,,,,
2026-08-12T23:03:32Z,5.42,6.22,70.76,13.792,2.98,7.42,0.16,0.4,,,,,,,,
2026-08-12T23:05:05Z,4.92,6.26,70.76,13.826,3.01,7.41,0.15,0.43,,,,,,,,
2026-08-12T23:06:37Z,4.42,6.27,70.77,13.852,2.99,7.41,0.15,0.43,,,,,,,,
2026-08-12T23:08:09Z,3.96,6.33,70.78,13.893,2.97,7.41,0.16,0.46,,,,,,,,
2026-08-12T23:09:41Z,3.44,6.45,70.77,13.941,2.92,7.43,0.18,0.51,,,,,,,,
2026-08-12T23:11:13Z,2.93,7.53,70.63,14.407,2.29,7.94,0.17,0.5,,,,,,,,
2026-08-12T23:12:45Z,2.4,8.11,71.52,17.181,2.63,8.64,0.26,0.48,,,,,,,,
2026-08-12T23:14:17Z,1.94,8.1,71.55,17.387,3.05,8.66,0.29,0.47,,,,,,,,
2026-08-12T23:15:50Z,1.41,8.08,71.61,17.6,3.04,8.69,0.29,0.46,,,,,,,,
2026-08-12T23:17:22Z,0.9,8.07,71.6,17.626,2.86,8.69,0.33,0.46,,,,,,,,
2026-08-13T03:02:02Z,6.02,6.27,70.75,13.877,3.01,7.45,0.15,0.62,,,,,,,,
2026-08-13T03:03:35Z,5.47,6.29,70.76,13.874,2.99,7.43,0.18,0.58,,,,,,,,
2026-08-13T03:05:08Z,4.99,6.28,70.77,13.87,2.96,7.42,0.18,0.63,,,,,,,,
2026-08-13T03:06:41Z,4.46,6.44,70.75,13.953,2.89,7.45,0.2,0.59,,,,,,,,
2026-08-13T03:08:14Z,3.96,6.76,70.72,14.066,2.37,7.52,0.16,0.56,,,,,,,,
2026-08-13T03:09:47Z,3.46,7.06,70.66,14.107,2.29,7.61,0.15,0.6,,,,,,,,
2026-08-13T03:11:20Z,2.95,7.37,70.62,14.184,2.13,7.75,0.18,0.52,,,,,,,,
2026-08-13T03:12:53Z,2.44,7.21,70.73,14.287,2.29,7.71,0.16,0.51,,,,,,,,
2026-08-13T03:14:26Z,1.96,7,70.75,14.282,2.38,7.63,0.16,0.57,,,,,,,,
2026-08-13T03:15:59Z,1.47,6.92,70.9,14.636,2.39,7.61,0.17,0.51,,,,,,,,
2026-08-13T03:17:32Z,0.96,7.8,71.24,16.639,2.83,8.42,0.27,0.46,,,,,,,,
2026-08-13T07:02:06Z,6.08,6.3,70.7,13.958,2.53,7.51,0.18,0.67,,,,,,,,
2026-08-13T07:03:43Z,5.41,6.26,70.82,13.931,2.5,7.45,0.18,0.62,,,,,,,,
2026-08-13T07:05:16Z,4.98,6.44,70.74,13.998,2.46,7.46,0.17,0.63,,,,,,,,
2026-08-13T07:06:49Z,4.48,6.25,70.79,13.925,2.56,7.44,0.2,0.68,,,,,,,,
2026-08-13T07:08:22Z,3.97,6.51,70.75,14.036,2.34,7.47,0.17,0.59,,,,,,,,
2026-08-13T07:09:55Z,3.48,6.6,70.74,14.079,2.35,7.5,0.17,0.53,,,,,,,,
2026-08-13T07:11:28Z,2.98,6.86,70.75,14.364,2.22,7.57,0.19,0.51,,,,,,,,
2026-08-13T07:13:01Z,2.48,7.48,70.94,15.189,2.35,7.87,0.21,0.52,,,,,,,,
2026-08-13T07:14:34Z,1.97,7.48,71.08,15.849,2.56,8.05,0.27,0.54,,,,,,,,
2026-08-13T07:16:07Z,1.48,7.69,71.11,16.297,2.66,8.34,0.3,0.51,,,,,,,,
2026-08-13T07:17:40Z,0.94,7.72,71.1,16.339,3.47,8.4,0.31,0.52,,,,,,,,
2026-08-13T11:02:07Z,6.07,6.19,70.7,13.95,2.41,7.49,0.25,0.64,,,,,,,,
2026-08-13T11:03:44Z,5.43,6.17,70.8,13.919,2.51,7.43,0.19,0.65,,,,,,,,
2026-08-13T11:05:17Z,4.98,6.19,70.79,13.906,2.5,7.42,0.17,0.57,,,,,,,,
2026-08-13T11:06:50Z,4.48,6.2,70.81,13.951,2.57,7.41,0.15,0.64,,,,,,,,
2026-08-13T11:08:23Z,3.98,6.3,70.82,14.074,2.42,7.43,0.17,0.56,,,,,,,,
2026-08-13T11:09:56Z,3.47,6.35,70.83,14.168,2.35,7.44,0.17,0.56,,,,,,,,
2026-08-13T11:11:29Z,2.96,6.77,70.93,14.902,2.46,7.57,0.22,0.49,,,,,,,,
2026-08-13T11:13:02Z,2.46,7.23,70.98,15.611,2.6,7.82,0.27,0.54,,,,,,,,
2026-08-13T11:14:35Z,1.97,7.45,71.01,15.862,2.68,8.1,0.28,0.5,,,,,,,,
2026-08-13T11:16:08Z,1.48,7.5,71.01,15.885,2.68,8.16,0.34,0.54,,,,,,,,
2026-08-13T11:17:41Z,0.98,7.51,71.01,15.887,2.59,8.16,0.31,0.56,,,,,,,,
2026-08-13T15:02:03Z,6.01,5.99,70.8,13.823,2.65,7.45,0.17,0.45,,,,,,,,
2026-08-13T15:03:36Z,5.48,5.99,70.85,13.805,2.7,7.39,0.18,0.44,,,,,,,,
2026-08-13T15:05:09Z,4.98,6.07,70.83,13.846,2.62,7.39,0.17,0.46,,,,,,,,
2026-08-13T15:06:42Z,4.48,6.07,70.81,13.869,2.53,7.38,0.17,0.53,,,,,,,,
2026-08-13T15:08:15Z,3.97,6.09,70.82,13.888,2.66,7.38,0.19,0.5,,,,,,,,
2026-08-13T15:09:48Z,3.46,6.19,70.76,13.924,2.4,7.39,0.18,0.43,,,,,,,,
2026-08-13T15:11:21Z,2.95,6.22,70.77,13.958,2.42,7.4,0.17,0.49,,,,,,,,
2026-08-13T15:12:54Z,2.46,7.08,70.96,15.08,2.19,7.73,0.21,0.55,,,,,,,,
2026-08-13T15:14:27Z,1.93,7.36,70.94,15.503,2.64,7.99,0.31,0.62,,,,,,,,
2026-08-13T15:16:00Z,1.45,7.43,70.93,15.593,2.69,8.08,0.29,0.61,,,,,,,,
2026-08-13T15:17:33Z,0.94,7.45,70.9,15.596,2.8,8.1,0.28,0.64,,,,,,,,
2026-08-13T16:11:35Z,6,6,70.83,13.895,2.46,7.37,0.14,0.42,,,,,,,,
2026-08-13T16:13:08Z,5.46,5.99,70.85,13.897,2.67,7.29,0.19,0.44,,,,,,,,
2026-08-13T16:14:41Z,4.95,6.01,70.87,13.919,2.45,7.25,0.15,0.4,,,,,,,,
2026-08-13T16:16:14Z,4.43,6.05,70.86,13.936,2.44,7.24,0.16,0.46,,,,,,,,
2026-08-13T16:17:46Z,3.96,6.08,70.84,13.964,2.36,7.23,0.18,0.41,,,,,,,,
2026-08-13T16:19:19Z,3.43,6.22,70.84,14.107,2.23,7.25,0.17,0.48,,,,,,,,
2026-08-13T16:20:52Z,2.92,6.58,70.88,14.642,2.3,7.37,0.24,0.62,,,,,,,,
2026-08-13T16:22:24Z,2.43,6.9,70.99,14.994,2.07,7.51,0.21,0.57,,,,,,,,
2026-08-13T16:23:56Z,1.93,7.41,70.97,15.505,2.11,7.93,0.38,0.59,,,,,,,,
2026-08-13T16:25:29Z,1.44,7.49,70.94,15.643,2.69,7.98,0.35,0.66,,,,,,,,
2026-08-13T16:27:02Z,0.91,7.46,70.96,15.68,2.6,7.95,0.3,0.69,,,,,,,,
2026-08-13T19:01:59Z,6.05,5.98,70.75,13.959,2.82,7.33,0.12,0.41,,,,,,,,
2026-08-13T19:03:32Z,5.43,5.99,70.87,13.918,2.79,7.29,0.13,0.37,,,,,,,,
2026-08-13T19:05:04Z,4.94,6,70.89,13.919,2.79,7.27,0.14,0.39,,,,,,,,
2026-08-13T19:06:37Z,4.42,6.01,70.9,13.927,2.62,7.26,0.16,0.42,,,,,,,,
2026-08-13T19:08:09Z,3.94,6.06,70.91,13.975,2.51,7.27,0.13,0.39,,,,,,,,
2026-08-13T19:09:42Z,3.41,6.18,70.87,14.086,2.29,7.3,0.19,0.41,,,,,,,,
2026-08-13T19:11:14Z,2.93,6.74,70.96,14.641,2.17,7.46,0.23,0.52,,,,,,,,
2026-08-13T19:12:46Z,2.41,7.54,71,15.572,2.16,8.1,0.23,0.52,,,,,,,,
2026-08-13T19:14:18Z,1.9,7.78,71.04,15.716,2.36,8.36,0.26,0.59,,,,,,,,
2026-08-13T19:15:50Z,1.44,7.76,71.01,15.835,2.56,8.31,0.33,0.64,,,,,,,,
2026-08-13T19:17:22Z,0.92,7.79,71.05,15.923,2.59,8.36,0.39,0.67,,,,,,,,
2026-08-13T23:01:59Z,6.09,5.96,70.81,13.956,3.04,7.38,0.11,0.35,,,,,,,,
2026-08-13T23:03:32Z,5.42,6.01,70.87,13.906,2.79,7.34,0.14,0.37,,,,,,,,
2026-08-13T23:05:04Z,4.93,6.05,70.87,13.931,2.58,7.33,0.13,0.4,,,,,,,,
2026-08-13T23:06:36Z,4.4,6.15,70.89,13.99,2.49,7.35,0.16,0.43,,,,,,,,
2026-08-13T23:08:08Z,3.93,6.29,70.86,14.082,2.4,7.38,0.23,0.54,,,,,,,,
2026-08-13T23:09:40Z,3.42,6.32,70.83,14.145,2.15,7.39,0.24,0.6,,,,,,,,
2026-08-13T23:11:12Z,2.89,6.93,70.96,14.775,2.25,7.61,0.22,0.61,,,,,,,,
2026-08-13T23:12:44Z,2.41,7.55,71.12,15.337,2.06,8.12,0.22,0.65,,,,,,,,
2026-08-13T23:14:16Z,1.9,7.86,71.1,15.89,2.59,8.51,0.31,0.58,,,,,,,,
2026-08-13T23:15:48Z,1.41,7.71,71.05,16.022,2.57,8.26,0.23,0.49,,,,,,,,
2026-08-13T23:17:20Z,0.9,8.26,71.33,17.012,2.43,8.66,0.27,0.44,,,,,,,,
2026-08-14T03:02:01Z,6.04,5.9,70.81,13.954,3.22,7.35,0.11,0.42,,,,,,,,
2026-08-14T03:03:34Z,5.44,5.95,70.81,13.938,3.15,7.33,0.18,0.74,,,,,,,,
2026-08-14T03:05:07Z,4.96,5.99,70.81,13.959,2.89,7.32,0.24,0.97,,,,,,,,
2026-08-14T03:06:40Z,4.45,6.05,70.84,13.968,2.54,7.32,0.17,0.71,,,,,,,,
2026-08-14T03:08:12Z,3.96,6.19,70.89,14.034,2.49,7.35,0.22,0.77,,,,,,,,
2026-08-14T03:09:45Z,3.43,6.31,70.86,14.128,2.3,7.38,0.22,0.61,,,,,,,,
2026-08-14T03:11:17Z,2.96,6.9,70.85,14.264,2.24,7.63,0.21,0.68,,,,,,,,
2026-08-14T03:12:50Z,2.43,7.93,71.4,16.566,2.39,8.57,0.3,0.57,,,,,,,,
2026-08-14T03:14:23Z,1.92,7.98,71.19,16.769,2.72,8.55,0.31,0.57,,,,,,,,
2026-08-14T03:15:55Z,1.44,7.96,71.17,16.85,2.83,8.54,0.32,0.56,,,,,,,,
2026-08-14T03:17:27Z,0.94,7.95,71.22,16.982,2.93,8.54,0.31,0.52,,,,,,,,
2026-08-14T07:02:02Z,6.01,5.87,70.76,14.03,2.86,7.35,0.17,0.69,,,,,,,,
2026-08-14T07:03:35Z,5.48,5.92,70.83,13.996,2.98,7.32,0.24,1.04,,,,,,,,
2026-08-14T07:05:08Z,4.99,5.95,70.84,13.99,2.97,7.31,0.2,0.88,,,,,,,,
2026-08-14T07:06:41Z,4.47,5.96,70.84,13.991,2.8,7.31,0.21,0.83,,,,,,,,
2026-08-14T07:08:14Z,3.97,6.03,70.85,14.017,2.71,7.32,0.21,0.81,,,,,,,,
2026-08-14T07:09:47Z,3.45,6.14,70.84,14.08,2.51,7.34,0.21,0.83,,,,,,,,
2026-08-14T07:11:20Z,2.96,6.24,70.82,14.138,2.31,7.36,0.18,0.81,,,,,,,,
2026-08-14T07:12:53Z,2.45,6.87,70.93,14.453,2.14,7.54,0.2,0.98,,,,,,,,
2026-08-14T07:14:26Z,1.97,7.78,71.26,16.661,2.6,8.46,0.37,0.47,,,,,,,,
2026-08-14T07:15:59Z,1.46,7.85,71.12,16.669,3.13,8.46,0.33,0.5,,,,,,,,
2026-08-14T07:17:32Z,0.96,7.85,71.13,16.747,2.68,8.47,0.36,0.51,,,,,,,,
2026-08-14T11:02:06Z,6.08,5.9,70.72,13.908,2.56,7.35,0.21,0.7,,,,,,,,
2026-08-14T11:03:40Z,5.49,5.88,70.8,13.836,2.5,7.32,0.23,0.7,,,,,,,,
2026-08-14T11:05:13Z,4.98,5.94,70.86,13.855,2.74,7.31,0.23,0.65,,,,,,,,
2026-08-14T11:06:46Z,4.48,5.99,70.83,13.902,2.67,7.32,0.22,0.69,,,,,,,,
2026-08-14T11:08:19Z,3.96,6.01,70.83,13.924,2.5,7.32,0.2,0.75,,,,,,,,
2026-08-14T11:09:52Z,3.48,6.03,70.88,13.964,2.36,7.33,0.21,0.64,,,,,,,,
2026-08-14T11:11:25Z,2.96,6.27,70.88,14.127,2.43,7.38,0.19,0.66,,,,,,,,
2026-08-14T11:12:58Z,2.46,6.51,70.83,14.254,2.01,7.44,0.23,0.66,,,,,,,,
2026-08-14T11:14:31Z,1.98,7.91,71.09,15.696,2.21,8.58,0.2,0.57,,,,,,,,
2026-08-14T11:16:04Z,1.48,7.78,71.11,16.368,2.56,8.4,0.27,0.53,,,,,,,,
2026-08-14T11:17:37Z,0.99,7.77,71.06,16.505,2.57,8.41,0.46,0.55,,,,,,,,
2026-08-14T15:02:06Z,6.11,5.93,70.72,13.895,2.75,7.35,0.16,0.49,,,,,,,,
2026-08-14T15:03:40Z,5.5,5.9,70.79,13.806,3.02,7.31,0.17,0.57,,,,,,,,
2026-08-14T15:05:13Z,4.99,5.91,70.84,13.814,2.81,7.31,0.16,0.49,,,,,,,,
2026-08-14T15:06:46Z,4.44,6.01,70.83,13.853,2.43,7.33,0.19,0.54,,,,,,,,
2026-08-14T15:08:19Z,3.97,6.14,70.81,13.916,2.17,7.34,0.2,0.57,,,,,,,,
2026-08-14T15:09:52Z,3.47,6.35,70.76,14.065,2.1,7.39,0.21,0.73,,,,,,,,
2026-08-14T15:11:25Z,2.95,6.39,70.84,14.172,2.14,7.4,0.2,0.74,,,,,,,,
2026-08-14T15:12:58Z,2.46,6.75,70.88,14.309,2.16,7.48,0.22,0.59,,,,,,,,
2026-08-14T15:14:31Z,1.96,7.54,71.05,15.929,2.01,8.25,0.25,0.52,,,,,,,,
2026-08-14T15:16:04Z,1.47,7.68,71.07,16.131,2.38,8.34,0.38,0.6,,,,,,,,
2026-08-14T15:17:37Z,0.95,7.79,71.05,16.317,2.75,8.43,0.39,0.66,,,,,,,,
2026-08-14T19:01:58Z,6.02,5.96,70.71,13.785,2.84,7.34,0.16,0.4,,,,,,,,
2026-08-14T19:03:31Z,5.42,6,70.73,13.788,2.51,7.32,0.15,0.44,,,,,,,,
2026-08-14T19:05:03Z,4.93,6.05,70.71,13.809,2.65,7.32,0.19,0.55,,,,,,,,
2026-08-14T19:06:35Z,4.41,6.14,70.7,13.89,2.49,7.34,0.19,0.62,,,,,,,,
2026-08-14T19:08:07Z,3.91,6.53,70.72,14.125,2.16,7.43,0.23,0.64,,,,,,,,
2026-08-14T19:09:39Z,3.4,6.68,70.74,14.239,2.07,7.48,0.21,0.64,,,,,,,,
2026-08-14T19:11:11Z,2.91,6.72,70.76,14.317,2,7.49,0.25,0.64,,,,,,,,
2026-08-14T19:12:43Z,2.4,7.85,71.3,15.82,2.2,8.48,0.24,0.73,,,,,,,,
2026-08-14T19:14:15Z,1.92,7.96,71.54,16.573,2.42,8.59,0.31,0.62,,,,,,,,
2026-08-14T19:15:47Z,1.41,7.94,71.48,16.63,2.53,8.57,0.26,0.52,,,,,,,,
2026-08-14T19:17:19Z,0.89,7.89,71.4,16.71,2.51,8.52,0.27,0.52,,,,,,,,
2026-08-14T23:01:58Z,6.04,6,70.64,13.848,3.49,7.36,0.12,0.47,,,,,,,,
2026-08-14T23:03:31Z,5.42,6.12,70.65,13.845,2.74,7.35,0.15,0.5,,,,,,,,
2026-08-14T23:05:03Z,4.93,6.14,70.69,13.849,2.58,7.35,0.21,0.67,,,,,,,,
2026-08-14T23:06:35Z,4.4,6.19,70.76,13.933,2.32,7.36,0.2,0.59,,,,,,,,
2026-08-14T23:08:07Z,3.91,6.11,70.86,14.04,2.4,7.33,0.2,0.62,,,,,,,,
2026-08-14T23:09:39Z,3.39,6.36,70.83,14.142,2.3,7.39,0.19,0.57,,,,,,,,
2026-08-14T23:11:11Z,2.92,7.66,71.44,15.808,2.4,8.24,0.25,0.56,,,,,,,,
2026-08-14T23:12:43Z,2.39,7.95,71.63,16.952,2.62,8.52,0.27,0.5,,,,,,,,
2026-08-14T23:14:15Z,1.93,7.92,71.44,17.081,2.47,8.46,0.27,0.44,,,,,,,,
2026-08-14T23:15:47Z,1.42,7.88,71.31,17.351,2.54,8.46,0.29,0.42,,,,,,,,
2026-08-14T23:17:19Z,0.89,7.86,71.35,17.665,2.65,8.49,0.23,0.45,,,,,,,,
2026-08-15T03:02:01Z,6.04,5.95,70.45,13.966,3.11,7.38,0.16,0.7,,,,,,,,
2026-08-15T03:03:34Z,5.46,5.97,70.67,13.812,2.75,7.34,0.2,0.74,,,,,,,,
2026-08-15T03:05:07Z,4.96,6.02,70.67,13.826,2.64,7.34,0.25,0.95,,,,,,,,
2026-08-15T03:06:40Z,4.44,6.1,70.72,13.848,2.48,7.35,0.17,0.66,,,,,,,,
2026-08-15T03:08:13Z,3.94,6.15,70.71,13.877,2.51,7.35,0.18,0.71,,,,,,,,
2026-08-15T03:09:45Z,3.46,6.25,70.79,14.012,2.25,7.37,0.16,0.66,,,,,,,,
2026-08-15T03:11:18Z,2.95,6.45,70.82,14.198,2.2,7.42,0.2,0.76,,,,,,,,
2026-08-15T03:12:51Z,2.45,7.58,70.72,14.95,2.08,8.21,0.16,0.64,,,,,,,,
2026-08-15T03:14:24Z,1.95,8.02,71.84,16.967,2.22,8.63,0.29,0.59,,,,,,,,
2026-08-15T03:15:57Z,1.46,8.02,71.72,17.088,2.57,8.62,0.28,0.54,,,,,,,,
2026-08-15T03:17:30Z,0.95,7.98,71.59,17.195,2.72,8.58,0.35,0.58,,,,,,,,
2026-08-15T07:02:06Z,6.1,6.02,70.51,13.716,2.55,7.36,0.22,0.94,,,,,,,,
2026-08-15T07:03:43Z,5.42,6.1,70.62,13.73,2.34,7.34,0.21,0.73,,,,,,,,
2026-08-15T07:05:15Z,5,6.13,70.63,13.747,2.4,7.34,0.2,0.68,,,,,,,,
2026-08-15T07:06:48Z,4.49,6.12,70.62,13.755,2.3,7.34,0.22,0.79,,,,,,,,
2026-08-15T07:08:21Z,3.99,6.19,70.67,13.811,2.24,7.34,0.15,0.72,,,,,,,,
2026-08-15T07:09:54Z,3.47,6.39,70.69,13.97,2.16,7.39,0.21,0.65,,,,,,,,
2026-08-15T07:11:27Z,2.96,6.62,70.79,14.232,2.13,7.46,0.19,0.66,,,,,,,,
2026-08-15T07:13:00Z,2.44,6.95,71.28,14.728,2.17,7.56,0.18,0.77,,,,,,,,
2026-08-15T07:14:33Z,1.97,7.91,71.78,15.689,1.83,8.07,0.26,1.31,,,,,,,,
2026-08-15T07:16:06Z,1.48,7.94,71.79,16.878,2.42,8.59,0.24,0.56,,,,,,,,
2026-08-15T07:17:39Z,0.99,7.96,71.84,16.927,2.41,8.62,0.33,0.55,,,,,,,,
2026-08-15T11:02:06Z,6.08,6.03,70.45,13.744,2.59,7.36,0.2,0.74,,,,,,,,
2026-08-15T11:03:40Z,5.49,6.05,70.56,13.697,2.55,7.33,0.17,0.77,,,,,,,,
2026-08-15T11:05:13Z,5,6.05,70.61,13.698,2.61,7.32,0.21,0.76,,,,,,,,
2026-08-15T11:06:46Z,4.48,6.11,70.61,13.723,2.36,7.33,0.23,0.87,,,,,,,,
2026-08-15T11:08:19Z,3.97,6.28,70.66,13.885,2.26,7.35,0.19,0.74,,,,,,,,
2026-08-15T11:09:52Z,3.48,6.43,70.68,14.122,2.12,7.43,0.21,0.74,,,,,,,,
2026-08-15T11:11:25Z,2.99,6.92,70.78,14.418,2.03,7.55,0.22,0.77,,,,,,,,
2026-08-15T11:12:58Z,2.47,7.17,70.87,14.671,2.01,7.66,0.18,0.66,,,,,,,,
2026-08-15T11:14:31Z,1.98,7.58,71.75,15.881,2.25,8.17,0.17,0.5,,,,,,,,
2026-08-15T11:16:04Z,1.47,7.87,71.86,16.594,2.29,8.52,0.23,0.55,,,,,,,,
2026-08-15T11:17:37Z,0.97,7.91,71.77,16.77,2.55,8.58,0.26,0.55,,,,,,,,
2026-08-15T15:02:05Z,6.11,6.07,70.46,13.679,2.63,7.37,0.14,0.53,,,,,,,,
2026-08-15T15:03:39Z,5.48,6.08,70.59,13.631,2.54,7.34,0.18,0.71,,,,,,,,
2026-08-15T15:05:12Z,4.99,6.09,70.58,13.635,2.55,7.33,0.18,0.56,,,,,,,,
2026-08-15T15:06:45Z,4.47,6.09,70.59,13.653,2.49,7.32,0.18,0.52,,,,,,,,
2026-08-15T15:08:18Z,3.96,6.14,70.63,13.716,2.33,7.33,0.18,0.59,,,,,,,,
2026-08-15T15:09:51Z,3.46,6.56,70.65,14.15,2.11,7.43,0.22,0.66,,,,,,,,
2026-08-15T15:11:24Z,2.94,6.85,70.74,14.574,2.13,7.52,0.22,0.76,,,,,,,,
2026-08-15T15:12:56Z,2.45,7.03,70.87,14.78,2.05,7.6,0.18,0.72,,,,,,,,
2026-08-15T15:14:29Z,1.95,7.72,71.43,15.628,1.95,8.1,0.2,0.63,,,,,,,,
2026-08-15T15:16:02Z,1.46,7.83,71.48,16.278,2.29,8.45,0.3,0.68,,,,,,,,
2026-08-15T15:17:35Z,0.96,7.83,71.69,16.489,2.4,8.52,0.37,0.5,,,,,,,,
2026-08-15T19:01:59Z,6.09,6.02,70.49,13.586,2.9,7.35,0.14,0.43,,,,,,,,
2026-08-15T19:03:32Z,5.39,6,70.57,13.551,2.88,7.31,0.18,0.43,,,,,,,,
2026-08-15T19:05:04Z,4.95,6.03,70.56,13.555,2.91,7.3,0.15,0.45,,,,,,,,
2026-08-15T19:06:36Z,4.41,6.12,70.56,13.596,2.61,7.32,0.18,0.46,,,,,,,,
2026-08-15T19:08:08Z,3.92,6.37,70.53,13.717,2.34,7.4,0.19,0.56,,,,,,,,
2026-08-15T19:09:40Z,3.43,6.81,70.48,13.89,2.27,7.49,0.19,0.59,,,,,,,,
2026-08-15T19:11:12Z,2.89,7.08,70.65,14.508,2.02,7.59,0.22,0.74,,,,,,,,
2026-08-15T19:12:44Z,2.38,7.85,71.47,16.278,2.38,8.42,0.23,0.65,,,,,,,,
2026-08-15T19:14:16Z,1.9,7.91,71.5,16.65,2.14,8.5,0.26,0.61,,,,,,,,
2026-08-15T19:15:48Z,1.42,7.94,71.67,16.854,2.4,8.54,0.23,0.57,,,,,,,,
2026-08-15T19:17:20Z,0.89,7.94,71.57,17.076,2.59,8.54,0.28,0.51,,,,,,,,
2026-08-15T23:01:59Z,6.1,5.82,70.51,13.529,3.42,7.3,0.14,0.45,,,,,,,,
2026-08-15T23:03:32Z,5.43,5.85,70.56,13.517,3.14,7.28,0.14,0.53,,,,,,,,
2026-08-15T23:05:04Z,4.93,5.97,70.56,13.553,2.86,7.29,0.19,0.56,,,,,,,,
2026-08-15T23:06:36Z,4.41,6.14,70.59,13.689,2.51,7.31,0.19,0.65,,,,,,,,
2026-08-15T23:08:08Z,3.92,6.49,70.63,14.069,2.2,7.39,0.19,0.77,,,,,,,,
2026-08-15T23:09:40Z,3.4,6.85,70.71,14.638,2.14,7.52,0.21,0.83,,,,,,,,
2026-08-15T23:11:12Z,2.92,6.95,70.75,14.729,2.16,7.55,0.24,0.83,,,,,,,,
2026-08-15T23:12:44Z,2.38,7.85,71.34,16.467,2.31,8.32,0.26,0.59,,,,,,,,
2026-08-15T23:14:16Z,1.91,7.89,71.3,16.696,2.43,8.34,0.31,0.58,,,,,,,,
2026-08-15T23:15:48Z,1.4,7.88,71.31,17.075,2.56,8.35,0.28,0.53,,,,,,,,
2026-08-15T23:17:20Z,0.93,7.91,71.35,17.174,2.49,8.37,0.25,0.54,,,,,,,,
2026-08-16T03:02:00Z,6.05,6.16,70.49,13.71,2.9,7.38,0.18,0.78,,,,,,,,
2026-08-16T03:03:33Z,5.45,6.16,70.57,13.671,2.73,7.35,0.18,0.8,,,,,,,,
2026-08-16T03:05:06Z,4.95,6.43,70.56,13.885,2.54,7.4,0.17,0.66,,,,,,,,
2026-08-16T03:06:38Z,4.45,6.41,70.58,13.881,2.52,7.39,0.22,0.74,,,,,,,,
2026-08-16T03:08:10Z,3.95,6.53,70.59,14.004,2.51,7.43,0.18,0.69,,,,,,,,
2026-08-16T03:09:42Z,3.45,7.7,71.02,15.731,2.13,8.09,0.2,0.64,,,,,,,,
2026-08-16T03:11:15Z,2.93,7.64,71.06,16.24,2.28,8.08,0.25,0.61,,,,,,,,
2026-08-16T03:12:47Z,2.42,7.88,71.29,16.933,2.71,8.38,0.32,0.62,,,,,,,,
2026-08-16T03:14:19Z,1.94,7.91,71.35,17.017,2.65,8.42,0.33,0.61,,,,,,,,
2026-08-16T03:15:51Z,1.44,7.93,71.36,17.051,2.45,8.46,0.27,0.62,,,,,,,,
2026-08-16T03:17:23Z,0.95,7.96,71.37,17.066,2.6,8.48,0.26,0.64,,,,,,,,
2026-08-16T07:02:05Z,6.09,6.1,70.37,13.693,2.76,7.38,0.75,0.85,,,,,,,,
2026-08-16T07:03:39Z,5.48,6.09,70.5,13.612,2.63,7.33,0.19,0.81,,,,,,,,
2026-08-16T07:05:12Z,4.98,6.16,70.54,13.622,2.62,7.34,0.19,0.86,,,,,,,,
2026-08-16T07:06:45Z,4.47,6.28,70.59,13.688,2.56,7.36,0.2,0.86,,,,,,,,
2026-08-16T07:08:18Z,3.97,6.47,70.59,13.807,2.47,7.41,0.23,0.75,,,,,,,,
2026-08-16T07:09:51Z,3.45,6.63,70.8,14.351,2.2,7.47,0.21,0.63,,,,,,,,
2026-08-16T07:11:24Z,2.97,7.45,70.99,15.126,2.1,7.76,0.25,0.78,,,,,,,,
2026-08-16T07:12:57Z,2.44,7.76,71.59,16.095,3.03,8.19,0.35,0.69,,,,,,,,
2026-08-16T07:14:30Z,1.97,7.9,71.22,16.669,2.91,8.43,0.4,0.58,,,,,,,,
2026-08-16T07:16:03Z,1.46,7.97,71.36,16.844,2.09,8.54,0.27,0.8,,,,,,,,
2026-08-16T07:17:36Z,0.98,8,71.35,16.885,2.27,8.55,0.41,0.56,,,,,,,,
2026-08-16T11:02:06Z,6.09,5.92,70.5,13.624,2.43,7.31,0.2,0.7,,,,,,,,
2026-08-16T11:03:40Z,5.48,6.06,70.55,13.691,2.45,7.31,0.19,0.7,,,,,,,,
2026-08-16T11:05:13Z,4.98,6.08,70.59,13.705,2.5,7.31,0.21,0.69,,,,,,,,
2026-08-16T11:06:46Z,4.46,6.16,70.61,13.752,2.36,7.34,0.2,0.69,,,,,,,,
2026-08-16T11:08:19Z,3.97,6.77,70.52,13.915,2.26,7.49,0.21,0.65,,,,,,,,
2026-08-16T11:09:52Z,3.48,6.84,70.61,14.113,2.21,7.51,0.18,0.75,,,,,,,,
2026-08-16T11:11:25Z,2.96,6.8,70.87,15.059,2.18,7.5,0.21,0.68,,,,,,,,
2026-08-16T11:12:58Z,2.46,7.48,70.97,15.965,2.09,7.93,0.2,0.65,,,,,,,,
2026-08-16T11:14:31Z,1.99,7.78,71.22,16.488,2.39,8.27,0.28,0.62,,,,,,,,
2026-08-16T11:16:04Z,1.5,7.95,71.33,16.619,2.32,8.49,0.34,0.57,,,,,,,,
2026-08-16T11:17:37Z,0.98,7.99,71.31,16.635,2.64,8.53,0.26,0.55,,,,,,,,
2026-08-16T15:02:06Z,6.07,5.75,70.38,13.688,3.35,7.29,0.15,0.62,,,,,,,,
2026-08-16T15:03:39Z,5.49,5.74,70.59,13.634,2.86,7.25,0.15,0.55,,,,,,,,
2026-08-16T15:05:12Z,4.99,5.78,70.6,13.678,2.56,7.25,0.19,0.54,,,,,,,,
2026-08-16T15:06:45Z,4.47,5.88,70.65,13.824,2.47,7.27,0.2,0.59,,,,,,,,
2026-08-16T15:08:18Z,3.97,6.02,70.67,14.067,2.36,7.29,0.19,0.56,,,,,,,,
2026-08-16T15:09:51Z,3.45,6.36,70.85,14.63,2.29,7.37,0.16,0.63,,,,,,,,
2026-08-16T15:11:24Z,2.95,7.23,71.09,15.642,2.22,7.82,0.22,0.69,,,,,,,,
2026-08-16T15:12:57Z,2.46,7.67,71.16,16.204,2.67,8.2,0.26,0.55,,,,,,,,
2026-08-16T15:14:30Z,1.96,7.71,71.17,16.226,2.65,8.22,0.29,0.55,,,,,,,,
2026-08-16T15:16:03Z,1.46,7.72,71.16,16.241,2.36,8.23,0.28,0.52,,,,,,,,
2026-08-16T15:17:36Z,0.96,7.73,71.16,16.245,2.4,8.24,0.28,0.68,,,,,,,,
2026-08-16T19:01:58Z,6.05,5.64,70.52,13.606,3.22,7.28,0.12,0.4,,,,,,,,
2026-08-16T19:03:31Z,5.42,5.71,70.63,13.634,2.8,7.25,0.13,0.46,,,,,,,,
2026-08-16T19:05:03Z,4.91,5.85,70.55,13.769,2.57,7.26,0.16,0.53,,,,,,,,
2026-08-16T19:06:35Z,4.4,5.88,70.6,13.807,2.55,7.26,0.17,0.51,,,,,,,,
2026-08-16T19:08:07Z,3.94,6.17,70.65,14.191,2.35,7.31,0.18,0.65,,,,,,,,
2026-08-16T19:09:39Z,3.42,6.41,70.5,14.444,2.41,7.41,0.18,0.7,,,,,,,,
2026-08-16T19:11:11Z,2.9,6.34,70.7,14.48,2.41,7.36,0.17,0.67,,,,,,,,
2026-08-16T19:12:43Z,2.4,7.85,71.54,16.936,2.41,8.33,0.31,0.56,,,,,,,,
2026-08-16T19:14:15Z,1.93,7.85,71.23,16.879,2.52,8.34,0.24,0.58,,,,,,,,
2026-08-16T19:15:47Z,1.41,7.84,71.27,17.009,2.65,8.34,0.27,0.53,,,,,,,,
2026-08-16T19:17:19Z,0.94,7.85,71.4,17.202,2.59,8.35,0.27,0.51,,,,,,,,
2026-08-16T23:01:59Z,6.09,6.13,70.56,13.983,2.67,7.33,0.17,0.65,,,,,,,,
2026-08-16T23:03:32Z,5.44,6.15,70.6,13.995,2.66,7.32,0.2,0.67,,,,,,,,
2026-08-16T23:05:04Z,4.91,6.17,70.63,14.029,2.81,7.31,0.22,0.7,,,,,,,,
2026-08-16T23:06:36Z,4.41,6.24,70.59,14.108,2.63,7.32,0.18,0.73,,,,,,,,
2026-08-16T23:08:08Z,3.91,6.32,70.63,14.182,2.45,7.34,0.19,0.71,,,,,,,,
2026-08-16T23:09:40Z,3.41,6.51,70.68,14.399,2.38,7.39,0.23,0.74,,,,,,,,
2026-08-16T23:11:12Z,2.91,7.21,70.96,15.375,2.32,7.68,0.23,0.79,,,,,,,,
2026-08-16T23:12:44Z,2.38,7.7,71.12,15.975,2.32,8.06,0.25,0.73,,,,,,,,
2026-08-16T23:14:16Z,1.88,7.82,71.18,16.337,2.62,8.21,0.27,0.67,,,,,,,,
2026-08-16T23:15:48Z,1.42,7.92,71.28,16.84,2.5,8.32,0.2,0.54,,,,,,,,
2026-08-16T23:17:20Z,0.92,7.98,71.38,17.29,2.56,8.39,0.24,0.59,,,,,,,,
2026-08-17T03:02:01Z,6.04,6.18,70.49,14.002,2.81,7.36,0.19,1.01,,,,,,,,
2026-08-17T03:03:34Z,5.45,6.19,70.6,13.965,2.73,7.34,0.2,0.88,,,,,,,,
2026-08-17T03:05:07Z,4.95,6.35,70.65,14.028,2.62,7.36,0.19,0.88,,,,,,,,
2026-08-17T03:06:39Z,4.45,6.99,70.68,14.469,2.35,7.56,0.2,0.74,,,,,,,,
2026-08-17T03:08:12Z,3.95,7.29,70.96,15.35,2.33,7.7,0.22,0.73,,,,,,,,
2026-08-17T03:09:44Z,3.45,7.26,71.05,15.525,2.19,7.71,0.19,0.66,,,,,,,,
2026-08-17T03:11:17Z,2.94,7.16,71.03,15.613,2.6,7.66,0.21,0.7,,,,,,,,
2026-08-17T03:12:50Z,2.41,7.49,71.28,16.169,2.32,7.9,0.25,0.83,,,,,,,,
2026-08-17T03:14:22Z,1.94,7.71,71.34,16.523,2.48,8.1,0.22,0.68,,,,,,,,
2026-08-17T03:15:54Z,1.44,7.93,71.4,16.87,2.54,8.34,0.24,0.71,,,,,,,,
2026-08-17T03:17:26Z,0.96,7.97,71.41,17.02,2.68,8.41,0.29,0.65,,,,,,,,
2026-08-17T07:02:02Z,6.02,6.22,70.51,14.037,2.68,7.37,0.31,1.02,,,,,,,,
2026-08-17T07:03:35Z,5.47,6.2,70.64,13.981,2.54,7.34,0.19,0.81,,,,,,,,
2026-08-17T07:05:08Z,4.98,6.38,70.64,14.034,2.48,7.37,0.2,0.8,,,,,,,,
2026-08-17T07:06:41Z,4.45,6.71,70.56,14.153,2.53,7.44,0.17,0.75,,,,,,,,
2026-08-17T07:08:14Z,3.98,6.89,70.63,14.34,2.32,7.5,0.16,0.68,,,,,,,,
2026-08-17T07:09:47Z,3.45,6.87,70.68,14.486,2.25,7.5,0.16,0.63,,,,,,,,
2026-08-17T07:11:20Z,2.95,7.33,71.1,15.691,2.23,7.76,0.2,0.64,,,,,,,,
2026-08-17T07:12:53Z,2.45,7.97,71.42,16.964,2.67,8.44,0.35,0.55,,,,,,,,
2026-08-17T07:14:26Z,1.96,7.99,71.39,16.994,2.69,8.46,0.3,0.56,,,,,,,,
2026-08-17T07:15:59Z,1.46,8,71.39,17.019,2.94,8.46,0.31,0.56,,,,,,,,
2026-08-17T07:17:32Z,0.97,7.99,71.4,17.028,2.77,8.46,0.35,0.54,,,,,,,,
2026-08-17T11:02:06Z,6.08,6.1,70.44,14.144,2.5,7.34,0.22,0.88,,,,,,,,
2026-08-17T11:03:40Z,5.49,6.04,70.65,14.016,2.45,7.3,0.21,0.84,,,,,,,,
2026-08-17T11:05:13Z,4.97,6.07,70.71,14.043,2.46,7.3,0.23,0.76,,,,,,,,
2026-08-17T11:06:46Z,4.48,6.08,70.73,14.062,2.42,7.3,0.18,0.73,,,,,,,,
2026-08-17T11:08:19Z,3.97,6.12,70.74,14.14,2.49,7.3,0.2,0.76,,,,,,,,
2026-08-17T11:09:52Z,3.47,6.48,70.81,14.716,2.22,7.39,0.16,0.69,,,,,,,,
2026-08-17T11:11:25Z,2.95,7.17,71.3,15.813,2.13,7.74,0.2,0.6,,,,,,,,
2026-08-17T11:12:58Z,2.45,7.77,71.46,16.823,2.43,8.29,0.33,0.63,,,,,,,,
2026-08-17T11:14:31Z,1.99,7.8,71.5,16.857,2.57,8.32,0.33,0.58,,,,,,,,
2026-08-17T11:16:04Z,1.48,7.8,71.47,16.862,2.61,8.32,0.3,0.56,,,,,,,,
2026-08-17T11:17:37Z,0.99,7.81,71.46,16.852,2.34,8.32,0.33,0.55,,,,,,,,
2026-08-17T15:02:06Z,6.08,5.97,70.46,14.114,2.55,7.32,0.14,0.69,,,,,,,,
2026-08-17T15:03:40Z,5.48,5.92,70.64,13.951,2.8,7.29,0.19,0.74,,,,,,,,
2026-08-17T15:05:13Z,4.97,5.97,70.67,13.96,2.3,7.29,0.19,0.6,,,,,,,,
2026-08-17T15:06:46Z,4.47,5.98,70.71,13.985,2.3,7.29,0.16,0.65,,,,,,,,
2026-08-17T15:08:19Z,3.95,6.09,70.75,14.17,2.33,7.31,0.19,0.7,,,,,,,,
2026-08-17T15:09:52Z,3.46,6.22,70.83,14.393,2.33,7.34,0.17,0.65,,,,,,,,
2026-08-17T15:11:25Z,2.94,7.27,71.29,16.076,2.15,7.86,0.26,0.68,,,,,,,,
2026-08-17T15:12:58Z,2.44,7.71,71.53,16.513,2.56,8.27,0.38,0.59,,,,,,,,
2026-08-17T15:14:31Z,1.95,7.73,71.52,16.522,2.49,8.28,0.3,0.65,,,,,,,,
2026-08-17T15:16:04Z,1.45,7.74,71.53,16.534,2.71,8.3,0.31,0.65,,,,,,,,
2026-08-17T15:17:37Z,0.96,7.75,71.52,16.546,2.59,8.29,0.29,0.66,,,,,,,,
2026-08-17T19:01:58Z,6.04,5.82,70.61,13.938,3.11,7.31,0.11,0.47,,,,,,,,
2026-08-17T19:03:31Z,5.42,5.8,70.74,13.907,2.77,7.27,0.14,0.44,,,,,,,,
2026-08-17T19:05:03Z,4.92,5.96,70.71,13.963,2.46,7.29,0.14,0.42,,,,,,,,
2026-08-17T19:06:35Z,4.42,6.01,70.74,14.031,2.37,7.3,0.16,0.53,,,,,,,,
2026-08-17T19:08:07Z,3.9,6.07,70.73,14.104,2.25,7.31,0.17,0.58,,,,,,,,
2026-08-17T19:09:39Z,3.41,6.12,70.76,14.189,2.42,7.32,0.18,0.58,,,,,,,,
2026-08-17T19:11:11Z,2.9,6.46,71.21,14.549,2.14,7.37,0.16,0.68,,,,,,,,
2026-08-17T19:12:43Z,2.39,7.93,71.81,16.505,2.65,8.51,0.27,0.64,,,,,,,,
2026-08-17T19:14:15Z,1.92,8.01,71.68,17.027,2.42,8.51,0.29,0.64,,,,,,,,
2026-08-17T19:15:47Z,1.38,8,71.78,17.249,2.64,8.53,0.26,0.52,,,,,,,,
2026-08-17T19:17:19Z,0.9,8,71.75,17.273,2.39,8.53,0.24,0.5,,,,,,,,
2026-08-17T23:02:00Z,6.05,5.96,70.44,14.04,2.78,7.35,0.13,0.49,,,,,,,,
2026-08-17T23:03:33Z,5.42,5.93,70.63,13.945,2.78,7.31,0.16,0.54,,,,,,,,
2026-08-17T23:05:05Z,4.92,5.96,70.64,13.949,2.77,7.3,0.17,0.56,,,,,,,,
2026-08-17T23:06:37Z,4.4,6.01,70.64,13.981,2.66,7.31,0.19,0.56,,,,,,,,
2026-08-17T23:08:09Z,3.91,6.15,70.71,14.098,2.45,7.33,0.2,0.67,,,,,,,,
2026-08-17T23:09:41Z,3.4,6.25,70.75,14.256,2.49,7.35,0.19,0.64,,,,,,,,
2026-08-17T23:11:13Z,2.9,6.28,70.79,14.319,2.24,7.36,0.2,0.74,,,,,,,,
2026-08-17T23:12:45Z,2.41,6.96,71.13,15.05,2.18,7.69,0.21,0.75,,,,,,,,
2026-08-17T23:14:17Z,1.9,8.21,72.45,17.06,2.52,8.64,0.24,0.49,,,,,,,,
2026-08-17T23:15:49Z,1.38,8.21,72.07,17.649,2.43,8.7,0.29,0.53,,,,,,,,
2026-08-17T23:17:21Z,0.92,8.18,72.03,17.858,2.79,8.67,0.27,0.53,,,,,,,,
2026-08-18T03:01:59Z,6.09,5.89,70.34,14.167,3.07,7.32,0.13,0.7,,,,,,,,
2026-08-18T03:03:32Z,5.43,5.86,70.6,14.024,2.92,7.3,0.19,0.81,,,,,,,,
2026-08-18T03:05:04Z,4.94,5.95,70.62,14.01,2.65,7.31,0.19,1.01,,,,,,,,
2026-08-18T03:06:36Z,4.44,6.02,70.64,14.021,2.7,7.31,0.2,0.91,,,,,,,,
2026-08-18T03:08:08Z,3.95,6.14,70.77,14.134,2.2,7.34,0.18,0.99,,,,,,,,
2026-08-18T03:09:41Z,3.42,6.32,70.8,14.333,2.28,7.36,0.23,0.8,,,,,,,,
2026-08-18T03:11:13Z,2.91,6.43,70.77,14.555,2.09,7.39,0.19,0.77,,,,,,,,
2026-08-18T03:12:45Z,2.42,6.59,70.95,14.857,2.08,7.44,0.16,0.76,,,,,,,,
2026-08-18T03:14:17Z,1.93,8.33,72.5,16.731,2.24,8.82,0.2,0.75,,,,,,,,
2026-08-18T03:15:49Z,1.43,8.26,72.12,17.581,2.89,8.7,0.22,0.53,,,,,,,,
2026-08-18T03:17:21Z,0.94,8.68,72.27,18.07,2.33,8.97,0.29,0.62,,,,,,,,
2026-08-18T07:02:05Z,6.1,5.74,70.42,14.13,3.24,7.29,0.21,0.86,,,,,,,,
2026-08-18T07:03:39Z,5.48,5.82,70.62,14.024,2.68,7.28,0.16,0.71,,,,,,,,
2026-08-18T07:05:12Z,4.97,5.92,70.67,14.034,2.89,7.28,0.17,0.72,,,,,,,,
2026-08-18T07:06:45Z,4.45,6,70.69,14.058,2.64,7.3,0.15,0.72,,,,,,,,
2026-08-18T07:08:18Z,3.97,6.11,70.71,14.142,2.26,7.32,0.18,0.69,,,,,,,,
2026-08-18T07:09:51Z,3.47,6.35,70.73,14.269,2.26,7.37,0.16,0.69,,,,,,,,
2026-08-18T07:11:24Z,2.94,6.43,70.85,14.485,2.73,7.39,0.16,0.67,,,,,,,,
2026-08-18T07:12:57Z,2.46,6.76,70.99,15.161,2.11,7.5,0.18,0.76,,,,,,,,
2026-08-18T07:14:30Z,1.97,7.63,71.87,16.419,1.95,8.55,0.15,0.64,,,,,,,,
2026-08-18T07:16:03Z,1.45,8.11,71.88,17.613,2.46,8.65,0.29,0.47,,,,,,,,
2026-08-18T07:17:36Z,0.97,8.07,71.96,17.743,2.77,8.66,0.36,0.45,,,,,,,,
2026-08-18T11:02:06Z,6.06,5.84,70.67,14.111,2.64,7.3,0.21,0.81,,,,,,,,
2026-08-18T11:03:39Z,5.49,5.9,70.79,13.991,2.54,7.3,0.17,0.73,,,,,,,,
2026-08-18T11:05:12Z,4.98,5.94,70.82,13.992,2.52,7.3,0.18,0.73,,,,,,,,
2026-08-18T11:06:45Z,4.46,5.99,70.81,14.029,2.5,7.3,0.18,0.7,,,,,,,,
2026-08-18T11:08:18Z,3.98,6.48,70.79,14.248,2.17,7.41,0.19,0.74,,,,,,,,
2026-08-18T11:09:51Z,3.47,6.43,70.74,14.469,2.01,7.39,0.18,0.77,,,,,,,,
2026-08-18T11:11:24Z,2.96,6.55,70.99,14.664,2.13,7.43,0.18,0.68,,,,,,,,
2026-08-18T11:12:57Z,2.45,6.67,71.09,15.114,2,7.47,0.23,0.8,,,,,,,,
2026-08-18T11:14:30Z,1.98,7.81,72.3,16.857,2.58,8.62,0.33,0.58,,,,,,,,
2026-08-18T11:16:03Z,1.48,8.02,71.87,17.134,2.56,8.66,0.26,0.47,,,,,,,,
2026-08-18T11:17:36Z,0.97,8.04,71.8,17.225,2.53,8.66,0.32,0.58,,,,,,,,
2026-08-18T15:02:05Z,6.09,5.71,70.83,14.036,3.03,7.27,0.11,0.5,,,,,,,,
2026-08-18T15:03:39Z,5.49,5.66,70.9,13.926,2.59,7.26,0.17,0.62,,,,,,,,
2026-08-18T15:05:12Z,4.99,5.72,70.9,13.933,2.48,7.26,0.13,0.5,,,,,,,,
2026-08-18T15:06:45Z,4.49,5.88,70.85,13.983,2.43,7.28,0.18,0.54,,,,,,,,
2026-08-18T15:08:18Z,3.97,6.25,70.83,14.148,2.28,7.36,0.2,0.63,,,,,,,,
2026-08-18T15:09:51Z,3.47,6.27,70.9,14.343,2.26,7.36,0.2,0.67,,,,,,,,
2026-08-18T15:11:24Z,2.95,6.68,71.08,14.879,2.11,7.47,0.21,0.72,,,,,,,,
2026-08-18T15:12:57Z,2.44,7.6,71.27,15.65,2.05,7.92,0.17,0.8,,,,,,,,
2026-08-18T15:14:30Z,1.96,8.09,72.03,16.598,2.51,8.69,0.31,0.53,,,,,,,,
2026-08-18T15:16:03Z,1.44,8.09,71.95,16.752,2.55,8.72,0.32,0.51,,,,,,,,
2026-08-18T15:17:35Z,0.97,8.1,71.96,16.784,2.56,8.74,0.33,0.56,,,,,,,,
2026-08-18T19:02:03Z,6.15,5.45,70.95,13.892,3.34,7.26,0.12,0.48,,,,,,,,
2026-08-18T19:03:37Z,5.42,5.74,70.92,13.947,3.02,7.27,0.12,0.44,,,,,,,,
2026-08-18T19:05:09Z,4.93,5.83,70.95,13.979,2.58,7.28,0.16,0.48,,,,,,,,
2026-08-18T19:06:41Z,4.4,5.95,70.91,14.049,2.43,7.3,0.16,0.46,,,,,,,,
2026-08-18T19:08:13Z,3.91,6.08,70.93,14.187,2.33,7.32,0.17,0.6,,,,,,,,
2026-08-18T19:09:45Z,3.41,6.17,70.91,14.333,2.32,7.34,0.21,0.64,,,,,,,,
2026-08-18T19:11:17Z,2.9,6.6,70.82,14.629,2.24,7.44,0.22,0.74,,,,,,,,
2026-08-18T19:12:49Z,2.39,7.42,71.09,15.545,1.93,7.81,0.18,0.73,,,,,,,,
2026-08-18T19:14:21Z,1.92,7.87,71.5,16.455,2.26,8.44,0.28,0.9,,,,,,,,
2026-08-18T19:15:53Z,1.39,8.23,71.84,16.861,2.73,8.76,0.24,0.55,,,,,,,,
2026-08-18T19:17:25Z,0.92,8.26,71.87,16.928,2.56,8.78,0.32,0.61,,,,,,,,
2026-08-18T23:01:59Z,6.1,5.56,70.94,13.907,3.52,7.28,0.12,0.49,,,,,,,,
2026-08-18T23:03:32Z,5.44,5.85,70.94,13.973,2.78,7.28,0.16,0.6,,,,,,,,
2026-08-18T23:05:04Z,4.93,5.91,70.93,13.996,2.57,7.29,0.15,0.59,,,,,,,,
2026-08-18T23:06:36Z,4.41,6.04,70.89,14.053,2.51,7.31,0.17,0.63,,,,,,,,
2026-08-18T23:08:08Z,3.92,6.25,70.84,14.143,2.4,7.35,0.21,0.81,,,,,,,,
2026-08-18T23:09:40Z,3.41,6.6,70.75,14.427,2.18,7.43,0.22,0.87,,,,,,,,
2026-08-18T23:11:12Z,2.89,7.47,71.26,15.584,2.27,7.98,0.25,0.94,,,,,,,,
2026-08-18T23:12:44Z,2.4,7.97,71.54,16.457,2.16,8.43,0.2,0.98,,,,,,,,
2026-08-18T23:14:16Z,1.92,8.4,71.96,17.115,2.66,8.82,0.33,0.66,,,,,,,,
2026-08-18T23:15:48Z,1.39,8.37,72.03,17.502,2.51,8.83,0.23,0.51,,,,,,,,
2026-08-18T23:17:20Z,0.93,8.34,72.07,17.563,2.49,8.83,0.3,0.54,,,,,,,,
2026-08-19T03:02:00Z,6.05,5.62,70.84,13.982,3.2,7.31,0.19,0.95,,,,,,,,
2026-08-19T03:03:33Z,5.45,5.69,70.95,13.944,2.99,7.28,0.15,0.95,,,,,,,,
2026-08-19T03:05:06Z,4.96,5.87,70.89,13.989,2.63,7.3,0.25,1.12,,,,,,,,
2026-08-19T03:06:39Z,4.46,6.11,70.88,14.064,2.43,7.34,0.25,1.03,,,,,,,,
2026-08-19T03:08:12Z,3.94,6.36,70.67,14.128,2.05,7.39,0.18,0.77,,,,,,,,
2026-08-19T03:09:45Z,3.43,6.55,70.84,14.316,2.07,7.44,0.2,0.85,,,,,,,,
2026-08-19T03:11:17Z,2.95,6.82,71.02,14.688,2.21,7.54,0.21,0.79,,,,,,,,
2026-08-19T03:12:50Z,2.44,8.17,71.99,16.557,2.2,8.59,0.22,0.71,,,,,,,,
2026-08-19T03:14:23Z,1.95,8.29,72.18,17.223,2.56,8.8,0.24,0.58,,,,,,,,
2026-08-19T03:15:56Z,1.44,8.31,72.19,17.336,2.6,8.84,0.28,0.6,,,,,,,,
2026-08-19T03:17:29Z,0.95,8.37,72.22,17.474,2.74,8.87,0.39,0.62,,,,,,,,
2026-08-19T07:02:04Z,6.08,6.17,70.92,14.074,2.48,7.38,0.19,0.74,,,,,,,,
2026-08-19T07:03:38Z,5.48,6.15,70.96,14.066,2.45,7.36,0.21,0.74,,,,,,,,
2026-08-19T07:05:11Z,4.97,6.19,70.96,14.074,2.54,7.36,0.19,0.82,,,,,,,,
2026-08-19T07:06:44Z,4.48,6.2,71.08,14.168,2.33,7.36,0.17,0.68,,,,,,,,
2026-08-19T07:08:17Z,3.97,6.29,71.09,14.263,2.34,7.37,0.21,0.72,,,,,,,,
2026-08-19T07:09:50Z,3.45,6.39,70.99,14.32,2.25,7.39,0.21,0.72,,,,,,,,
2026-08-19T07:11:23Z,2.96,6.48,71.01,14.405,2.24,7.42,0.2,0.72,,,,,,,,
2026-08-19T07:12:56Z,2.46,7.09,71.29,15.171,2.19,7.68,0.22,0.65,,,,,,,,
2026-08-19T07:14:29Z,1.96,7.92,71.86,16.551,2.51,8.57,0.28,0.51,,,,,,,,
2026-08-19T07:16:02Z,1.47,8.15,72,16.932,2.59,8.76,0.31,0.6,,,,,,,,
2026-08-19T07:17:35Z,0.97,8.16,71.95,16.952,2.82,8.77,0.32,0.55,,,,,,,,
2026-08-19T11:02:06Z,6.06,6.13,70.82,14.186,2.5,7.39,0.22,0.83,,,,,,,,
2026-08-19T11:03:39Z,5.49,6.1,70.93,14.092,2.49,7.36,0.22,0.86,,,,,,,,
2026-08-19T11:05:12Z,4.99,6.09,70.96,14.083,2.52,7.35,0.21,0.8,,,,,,,,
2026-08-19T11:06:45Z,4.5,6.13,70.97,14.119,2.38,7.36,0.23,0.73,,,,,,,,
2026-08-19T11:08:18Z,3.99,6.13,70.99,14.144,2.51,7.36,0.18,0.88,,,,,,,,
2026-08-19T11:09:51Z,3.49,6.21,71.04,14.262,2.38,7.37,0.17,0.69,,,,,,,,
2026-08-19T11:11:24Z,2.97,6.81,71.29,14.959,2.35,7.58,0.19,0.65,,,,,,,,
2026-08-19T11:12:57Z,2.47,7.19,71.5,15.504,2.31,7.79,0.24,0.71,,,,,,,,
2026-08-19T11:14:30Z,1.97,7.78,72.01,16.602,2.54,8.57,0.4,0.64,,,,,,,,
2026-08-19T11:16:03Z,1.48,8.02,71.86,16.826,2.7,8.71,0.41,0.59,,,,,,,,
2026-08-19T11:17:36Z,0.96,8.04,71.83,16.866,2.67,8.71,0.45,0.56,,,,,,,,
2026-08-19T15:02:06Z,6.08,5.97,70.91,14.12,2.7,7.36,0.14,0.64,,,,,,,,
2026-08-19T15:03:40Z,5.48,5.95,71.02,14.085,2.77,7.33,0.13,0.61,,,,,,,,
2026-08-19T15:05:13Z,4.97,6,71.04,14.104,2.53,7.33,0.18,0.54,,,,,,,,
2026-08-19T15:06:46Z,4.48,6.04,71.04,14.142,2.54,7.33,0.17,0.56,,,,,,,,
2026-08-19T15:08:19Z,3.96,6.21,71.04,14.263,2.3,7.37,0.18,0.6,,,,,,,,
2026-08-19T15:09:52Z,3.47,6.42,70.97,14.339,2.3,7.42,0.18,0.71,,,,,,,,
2026-08-19T15:11:25Z,2.94,6.4,71.09,14.468,2.47,7.42,0.22,0.75,,,,,,,,
2026-08-19T15:12:58Z,2.46,7.07,71.57,15.466,2.21,7.77,0.25,0.74,,,,,,,,
2026-08-19T15:14:31Z,1.98,7.88,71.94,16.487,2.62,8.6,0.31,0.69,,,,,,,,
2026-08-19T15:16:04Z,1.46,7.96,71.9,16.556,2.53,8.66,0.35,0.7,,,,,,,,
2026-08-19T15:17:37Z,0.96,7.98,71.89,16.568,2.8,8.67,0.37,0.72,,,,,,,,
2026-08-19T19:01:58Z,6.03,5.96,70.97,14.137,2.7,7.36,0.11,0.44,,,,,,,,
2026-08-19T19:03:31Z,5.42,5.96,71.01,14.114,2.85,7.33,0.14,0.47,,,,,,,,
2026-08-19T19:05:03Z,4.92,5.98,71.04,14.143,2.89,7.32,0.17,0.46,,,,,,,,
2026-08-19T19:06:35Z,4.42,6.01,71.05,14.168,2.84,7.32,0.2,0.46,,,,,,,,
2026-08-19T19:08:07Z,3.9,6.07,71.1,14.23,2.44,7.34,0.2,0.55,,,,,,,,
2026-08-19T19:09:39Z,3.4,6.28,71.05,14.378,2.41,7.39,0.22,0.64,,,,,,,,
2026-08-19T19:11:11Z,2.94,6.57,71.19,14.713,2.43,7.48,0.21,0.75,,,,,,,,
2026-08-19T19:12:43Z,2.39,7.79,71.86,16.138,2.57,8.47,0.28,0.83,,,,,,,,
2026-08-19T19:14:15Z,1.92,8.05,72.03,16.86,2.55,8.68,0.23,0.54,,,,,,,,
2026-08-19T19:15:47Z,1.42,8.08,72.21,17.425,2.5,8.75,0.24,0.53,,,,,,,,
2026-08-19T19:17:19Z,0.92,8.07,72.21,17.465,2.52,8.74,0.28,0.46,,,,,,,,
2026-08-19T23:02:01Z,6.16,6.02,70.98,14.163,2.78,7.38,0.11,0.49,,,,,,,,
2026-08-19T23:03:35Z,5.4,6.02,71.01,14.147,2.63,7.34,0.18,0.5,,,,,,,,
2026-08-19T23:05:07Z,4.92,6.08,71.08,14.211,2.58,7.34,0.16,0.52,,,,,,,,
2026-08-19T23:06:39Z,4.41,6.11,71.04,14.206,2.74,7.35,0.18,0.5,,,,,,,,
2026-08-19T23:08:11Z,3.91,6.24,71.04,14.329,2.44,7.41,0.19,0.61,,,,,,,,
2026-08-19T23:09:43Z,3.4,6.52,71.1,14.477,2.39,7.46,0.21,0.64,,,,,,,,
2026-08-19T23:11:15Z,2.92,6.71,71.19,14.776,2.27,7.52,0.22,0.72,,,,,,,,
2026-08-19T23:12:47Z,2.39,7.73,71.66,15.872,2.31,8.5,0.21,0.79,,,,,,,,
2026-08-19T23:14:19Z,1.93,8.13,72.24,17.074,2.63,8.72,0.27,0.63,,,,,,,,
2026-08-19T23:15:51Z,1.42,8.15,72.33,17.735,2.5,8.78,0.33,0.54,,,,,,,,
2026-08-19T23:17:23Z,0.89,8.16,72.46,17.925,2.69,8.79,0.24,0.49,,,,,,,,
2026-08-20T03:02:00Z,6.07,6.31,70.81,14.372,2.93,7.44,0.17,0.75,,,,,,,,
2026-08-20T03:03:33Z,5.45,6.23,70.95,14.172,2.9,7.4,0.2,0.68,,,,,,,,
2026-08-20T03:05:06Z,4.95,6.27,71.06,14.2,2.76,7.39,0.18,0.68,,,,,,,,
2026-08-20T03:06:39Z,4.44,6.38,71.01,14.261,2.67,7.41,0.19,0.65,,,,,,,,
2026-08-20T03:08:12Z,3.94,6.44,71.04,14.299,2.48,7.43,0.18,0.65,,,,,,,,
2026-08-20T03:09:44Z,3.45,7.3,71.33,15.446,2.32,7.88,0.23,0.69,,,,,,,,
2026-08-20T03:11:17Z,2.93,7.65,71.57,16.281,2.38,8.32,0.27,0.59,,,,,,,,
2026-08-20T03:12:49Z,2.44,7.76,71.65,16.538,2.56,8.44,0.26,0.55,,,,,,,,
2026-08-20T03:14:22Z,1.94,7.97,72.25,16.957,2.34,8.62,0.32,0.6,,,,,,,,
2026-08-20T03:15:54Z,1.44,8.11,72.19,17.386,2.5,8.76,0.3,0.59,,,,,,,,
2026-08-20T03:17:27Z,0.94,8.39,72.34,17.465,2.58,8.95,0.25,0.6,,,,,,,,
2026-08-20T07:02:02Z,6.04,6.33,70.78,14.332,2.47,7.42,0.19,0.74,,,,,,,,
2026-08-20T07:03:35Z,5.47,6.3,70.96,14.243,2.62,7.4,0.24,0.96,,,,,,,,
2026-08-20T07:05:08Z,4.98,6.29,71.03,14.252,2.75,7.41,0.21,0.98,,,,,,,,
2026-08-20T07:06:41Z,4.47,6.29,71.06,14.281,2.66,7.41,0.21,0.77,,,,,,,,
2026-08-20T07:08:14Z,3.97,6.27,71.11,14.299,2.48,7.4,0.2,0.64,,,,,,,,
2026-08-20T07:09:47Z,3.45,6.54,71.21,14.768,2.45,7.51,0.22,0.61,,,,,,,,
2026-08-20T07:11:20Z,2.96,7.32,71.45,15.943,2.47,8.03,0.24,0.57,,,,,,,,
2026-08-20T07:12:53Z,2.44,7.65,71.55,16.469,2.33,8.38,0.28,0.57,,,,,,,,
2026-08-20T07:14:26Z,1.97,7.77,71.61,16.646,2.47,8.47,0.26,0.51,,,,,,,,
2026-08-20T07:15:59Z,1.46,7.88,71.79,16.867,2.29,8.65,0.26,0.49,,,,,,,,
2026-08-20T07:17:32Z,0.97,7.93,71.86,16.931,2.29,8.67,0.34,0.58,,,,,,,,
2026-08-20T11:02:06Z,6.08,5.96,70.8,14.144,2.69,7.34,0.2,0.79,,,,,,,,
2026-08-20T11:03:40Z,5.49,5.98,70.99,14.127,2.74,7.33,0.22,0.86,,,,,,,,
2026-08-20T11:05:13Z,4.97,6,71.03,14.145,2.54,7.33,0.2,0.72,,,,,,,,
2026-08-20T11:06:46Z,4.5,6.04,71.12,14.201,2.38,7.34,0.22,0.7,,,,,,,,
2026-08-20T11:08:19Z,4,6.31,71.11,14.469,2.33,7.41,0.28,0.8,,,,,,,,
2026-08-20T11:09:52Z,3.49,6.37,71.1,14.552,2.38,7.43,0.26,0.77,,,,,,,,
2026-08-20T11:11:25Z,2.98,6.89,71.34,15.478,2.36,7.67,0.23,0.6,,,,,,,,
2026-08-20T11:12:58Z,2.46,7.62,71.87,16.393,2.6,8.49,0.36,0.62,,,,,,,,
2026-08-20T11:14:31Z,1.99,7.8,71.74,16.534,2.82,8.58,0.3,0.5,,,,,,,,
2026-08-20T11:16:04Z,1.5,7.82,71.75,16.555,2.44,8.59,0.29,0.48,,,,,,,,
2026-08-20T11:17:37Z,0.97,7.82,71.75,16.564,2.48,8.59,0.33,0.56,,,,,,,,
2026-08-20T15:02:06Z,6.08,5.93,70.85,14.121,2.77,7.33,0.16,0.52,,,,,,,,
2026-08-20T15:03:40Z,5.48,5.9,71.01,14.11,2.57,7.33,0.16,0.6,,,,,,,,
2026-08-20T15:05:13Z,4.98,5.92,71.04,14.139,2.54,7.33,0.2,0.57,,,,,,,,
2026-08-20T15:06:46Z,4.48,6,71.1,14.236,2.24,7.35,0.19,0.56,,,,,,,,
2026-08-20T15:08:19Z,3.96,6.16,71.15,14.456,2.55,7.38,0.18,0.55,,,,,,,,
2026-08-20T15:09:52Z,3.48,6.31,71.15,14.748,2.31,7.42,0.26,0.7,,,,,,,,
2026-08-20T15:11:25Z,2.97,6.75,71.42,15.487,2.25,7.62,0.22,0.94,,,,,,,,
2026-08-20T15:12:58Z,2.46,7.67,71.75,16.15,2.48,8.46,0.3,0.67,,,,,,,,
2026-08-20T15:14:31Z,1.97,7.74,71.72,16.21,2.55,8.53,0.34,0.7,,,,,,,,
2026-08-20T15:16:04Z,1.46,7.76,71.68,16.226,2.46,8.55,0.32,0.66,,,,,,,,
2026-08-20T15:17:37Z,0.94,7.76,71.69,16.234,2.85,8.54,0.3,0.73,,,,,,,,
2026-08-20T19:01:59Z,6.11,5.79,70.97,14.045,2.78,7.31,0.11,0.43,,,,,,,,
2026-08-20T19:03:32Z,5.41,5.84,71.03,14.05,2.63,7.3,0.11,0.39,,,,,,,,
2026-08-20T19:05:04Z,4.93,5.85,71.06,14.084,2.58,7.31,0.14,0.46,,,,,,,,
2026-08-20T19:06:36Z,4.41,5.94,71.09,14.195,2.56,7.33,0.18,0.51,,,,,,,,
2026-08-20T19:08:08Z,3.9,6.09,71.06,14.344,2.48,7.36,0.25,0.6,,,,,,,,
2026-08-20T19:09:40Z,3.41,6.33,71.1,14.668,2.45,7.42,0.22,0.66,,,,,,,,
2026-08-20T19:11:12Z,2.9,6.65,71.27,15.106,2.28,7.52,0.2,0.72,,,,,,,,
2026-08-20T19:12:44Z,2.39,7.63,71.75,16.259,2.36,8.39,0.23,0.65,,,,,,,,
2026-08-20T19:14:16Z,1.9,7.78,71.93,16.979,2.4,8.61,0.25,0.45,,,,,,,,
2026-08-20T19:15:48Z,1.4,7.94,71.89,17.289,2.48,8.7,0.27,0.5,,,,,,,,
2026-08-20T19:17:20Z,0.92,7.94,71.94,17.431,2.68,8.69,0.26,0.47,,,,,,,,
2026-08-20T23:01:59Z,6.12,6.37,70.97,14.424,2.55,7.43,0.16,0.73,,,,,,,,
2026-08-20T23:03:32Z,5.41,6.35,71.01,14.404,2.52,7.42,0.19,0.73,,,,,,,,
2026-08-20T23:05:04Z,4.94,6.34,71.04,14.403,2.53,7.41,0.21,0.71,,,,,,,,
2026-08-20T23:06:36Z,4.39,6.39,71,14.446,2.59,7.42,0.2,0.71,,,,,,,,
2026-08-20T23:08:08Z,3.89,6.56,70.99,14.577,2.4,7.48,0.2,0.74,,,,,,,,
2026-08-20T23:09:40Z,3.42,7.23,71.26,15.356,2.33,7.83,0.22,0.85,,,,,,,,
2026-08-20T23:11:12Z,2.89,7.82,71.58,16.26,2.47,8.5,0.26,0.65,,,,,,,,
2026-08-20T23:12:44Z,2.4,7.94,71.65,16.635,2.34,8.61,0.23,0.59,,,,,,,,
2026-08-20T23:14:16Z,1.9,8.07,71.96,17.273,2.59,8.74,0.22,0.54,,,,,,,,
2026-08-20T23:15:48Z,1.4,8.05,71.96,17.464,2.6,8.73,0.21,0.45,,,,,,,,
2026-08-20T23:17:20Z,0.92,8.01,72.03,17.674,2.38,8.7,0.21,0.42,,,,,,,,
2026-08-21T03:02:00Z,6.07,6.36,70.95,14.293,2.84,7.43,0.2,0.92,,,,,,,,
2026-08-21T03:03:33Z,5.45,6.37,70.99,14.289,2.72,7.43,0.2,0.81,,,,,,,,
2026-08-21T03:05:06Z,4.94,6.43,71,14.316,2.72,7.44,0.19,0.84,,,,,,,,
2026-08-21T03:06:38Z,4.42,6.64,71.01,14.44,2.64,7.49,0.22,0.77,,,,,,,,
2026-08-21T03:08:10Z,3.94,6.66,71.03,14.457,2.48,7.5,0.22,0.73,,,,,,,,
2026-08-21T03:09:42Z,3.45,7.14,70.96,14.64,2.34,7.69,0.2,0.68,,,,,,,,
2026-08-21T03:11:15Z,2.93,7.27,71.44,15.481,2.28,7.9,0.26,0.66,,,,,,,,
2026-08-21T03:12:48Z,2.41,8.24,72.01,16.828,2.37,8.8,0.25,0.58,,,,,,,,
2026-08-21T03:14:20Z,1.94,8.1,71.9,17.041,2.39,8.7,0.26,0.52,,,,,,,,
2026-08-21T03:15:53Z,1.43,8.04,71.97,17.422,2.58,8.7,0.25,0.52,,,,,,,,
2026-08-21T03:17:25Z,0.93,8.07,72.02,17.624,2.3,8.74,0.26,0.55,,,,,,,,
2026-08-21T07:02:02Z,6.03,6.12,70.96,14.161,2.71,7.37,0.18,0.87,,,,,,,,
2026-08-21T07:03:35Z,5.46,6.12,71.04,14.165,2.66,7.36,0.25,0.83,,,,,,,,
2026-08-21T07:05:08Z,4.98,6.15,71.04,14.184,2.63,7.37,0.2,0.79,,,,,,,,
2026-08-21T07:06:41Z,4.45,6.17,71.04,14.209,2.59,7.37,0.2,0.75,,,,,,,,
2026-08-21T07:08:14Z,3.96,6.29,71.08,14.342,2.55,7.4,0.2,0.72,,,,,,,,
2026-08-21T07:09:47Z,3.47,6.34,71.14,14.473,2.48,7.41,0.19,0.76,,,,,,,,
2026-08-21T07:11:20Z,2.94,6.91,71.49,15.526,2.34,7.63,0.2,0.56,,,,,,,,
2026-08-21T07:12:53Z,2.46,7.71,71.79,17.152,2.33,8.46,0.23,0.48,,,,,,,,
2026-08-21T07:14:26Z,1.95,8.1,71.81,17.348,2.43,8.69,0.28,0.55,,,,,,,,
2026-08-21T07:15:59Z,1.46,8.16,72,17.425,2.35,8.79,0.29,0.51,,,,,,,,
2026-08-21T07:17:32Z,0.97,8.18,72.01,17.431,2.38,8.81,0.24,0.52,,,,,,,,
2026-08-21T11:02:08Z,6.1,6.03,70.82,14.384,2.6,7.35,0.21,0.78,,,,,,,,
2026-08-21T11:03:42Z,5.49,5.99,71,14.249,2.81,7.33,0.37,0.96,,,,,,,,
2026-08-21T11:05:15Z,4.99,5.99,71.09,14.235,2.64,7.33,0.21,0.82,,,,,,,,
2026-08-21T11:06:48Z,4.5,6.03,71.07,14.368,2.53,7.34,0.25,0.72,,,,,,,,
2026-08-21T11:08:21Z,3.99,6.06,71.09,14.451,2.37,7.34,0.19,0.6,,,,,,,,
2026-08-21T11:09:54Z,3.47,6.08,71.17,14.543,2.26,7.35,0.19,0.64,,,,,,,,
2026-08-21T11:11:27Z,2.97,6.98,71.61,16.149,2.08,7.73,0.19,0.55,,,,,,,,
2026-08-21T11:13:00Z,2.45,7.54,71.94,17.081,3.28,8.42,0.28,0.55,,,,,,,,
2026-08-21T11:14:33Z,1.97,7.76,71.93,17.203,2.41,8.57,0.29,0.44,,,,,,,,
2026-08-21T11:16:06Z,1.48,7.8,71.9,17.218,2.84,8.59,0.31,0.45,,,,,,,,
2026-08-21T11:17:39Z,0.98,7.81,71.93,17.229,2.31,8.6,0.3,0.43,,,,,,,,
2026-08-21T15:02:03Z,6,5.94,70.84,14.414,2.85,7.35,0.14,0.55,,,,,,,,
2026-08-21T15:03:36Z,5.49,5.9,71.06,14.301,2.47,7.33,0.21,0.49,,,,,,,,
2026-08-21T15:05:09Z,4.97,5.91,71.09,14.328,2.4,7.33,0.15,0.62,,,,,,,,
2026-08-21T15:06:42Z,4.48,5.96,71.15,14.415,2.46,7.34,0.17,0.6,,,,,,,,
2026-08-21T15:08:15Z,3.97,6.04,71.11,14.467,2.4,7.36,0.17,0.53,,,,,,,,
2026-08-21T15:09:48Z,3.46,6.2,71.13,14.572,2.1,7.39,0.17,0.65,,,,,,,,
2026-08-21T15:11:21Z,2.95,6.25,71.24,14.912,2.07,7.41,0.18,0.57,,,,,,,,
2026-08-21T15:12:54Z,2.46,7.14,72.3,15.967,2.42,8,0.28,0.5,,,,,,,,
2026-08-21T15:14:27Z,1.96,7.6,71.85,16.698,2.65,8.38,0.28,0.39,,,,,,,,
2026-08-21T15:16:00Z,1.46,7.7,71.82,16.856,2.47,8.51,0.3,0.49,,,,,,,,
2026-08-21T15:17:33Z,0.95,7.71,71.82,16.937,2.45,8.52,0.25,0.47,,,,,,,,
2026-08-21T19:01:59Z,6.1,5.83,70.84,14.32,3.17,7.33,0.09,0.41,,,,,,,,
2026-08-21T19:03:32Z,5.42,5.83,71.05,14.241,3.55,7.32,0.13,0.45,,,,,,,,
2026-08-21T19:05:04Z,4.92,5.85,71.1,14.27,2.55,7.32,0.1,0.46,,,,,,,,
2026-08-21T19:06:36Z,4.4,5.9,71.11,14.325,2.49,7.32,0.16,0.47,,,,,,,,
2026-08-21T19:08:08Z,3.91,5.98,71.13,14.401,2.43,7.34,0.22,0.59,,,,,,,,
2026-08-21T19:09:40Z,3.4,6.12,71.14,14.555,2.43,7.37,0.21,0.72,,,,,,,,
2026-08-21T19:11:12Z,2.9,6.33,71.17,14.864,2.3,7.43,0.22,0.62,,,,,,,,
2026-08-21T19:12:44Z,2.38,7.79,71.7,16.389,2.22,8.45,0.24,0.72,,,,,,,,
2026-08-21T19:14:16Z,1.9,7.96,71.92,17.29,2.7,8.68,0.26,0.5,,,,,,,,
2026-08-21T19:15:48Z,1.4,7.99,72.14,17.791,2.56,8.71,0.27,0.52,,,,,,,,
2026-08-21T19:17:20Z,0.91,8,72.26,17.932,2.48,8.74,0.24,0.51,,,,,,,,
2026-08-21T23:01:59Z,6.1,5.76,71,14.254,3.41,7.33,0.12,0.41,,,,,,,,
2026-08-21T23:03:32Z,5.41,6.03,71,14.284,2.75,7.36,0.17,0.54,,,,,,,,
2026-08-21T23:05:04Z,4.9,6.07,71.01,14.307,2.42,7.36,0.18,0.71,,,,,,,,
2026-08-21T23:06:36Z,4.42,6.07,71.05,14.337,2.38,7.36,0.23,0.59,,,,,,,,
2026-08-21T23:08:08Z,3.89,6.14,71.12,14.44,2.44,7.36,0.17,0.62,,,,,,,,
2026-08-21T23:09:40Z,3.4,6.17,71.1,14.522,2.3,7.37,0.23,0.65,,,,,,,,
2026-08-21T23:11:12Z,2.9,6.84,71.12,14.839,2.3,7.57,0.18,0.68,,,,,,,,
2026-08-21T23:12:44Z,2.38,7.5,71.75,16.215,2.16,8.08,0.26,0.87,,,,,,,,
2026-08-21T23:14:16Z,1.86,8.07,71.89,17.358,2.54,8.71,0.22,0.51,,,,,,,,
2026-08-21T23:15:48Z,1.4,8.22,72.24,17.907,2.47,8.81,0.28,0.48,,,,,,,,
2026-08-21T23:17:20Z,0.9,8.16,72.58,18.554,2.36,8.81,0.22,0.45,,,,,,,,
2026-08-22T03:02:00Z,6.05,5.97,71.09,14.306,2.95,7.35,0.2,0.73,,,,,,,,
2026-08-22T03:03:33Z,5.46,6.03,71.1,14.303,2.71,7.34,0.17,0.74,,,,,,,,
2026-08-22T03:05:06Z,4.94,6.05,71.12,14.297,2.64,7.34,0.21,0.72,,,,,,,,
2026-08-22T03:06:39Z,4.41,6.18,71.09,14.325,2.68,7.37,0.18,0.7,,,,,,,,
2026-08-22T03:08:11Z,3.93,6.6,71.17,14.438,2.29,7.44,0.17,0.6,,,,,,,,
2026-08-22T03:09:44Z,3.42,7.01,71.07,14.632,2.37,7.63,0.14,0.6,,,,,,,,
2026-08-22T03:11:16Z,2.92,6.71,71.18,14.723,2.32,7.53,0.19,0.62,,,,,,,,
2026-08-22T03:12:48Z,2.41,7.19,71.45,15.523,2.31,7.79,0.21,0.65,,,,,,,,
2026-08-22T03:14:20Z,1.93,7.51,71.68,16.337,2.24,8.11,0.21,0.65,,,,,,,,
2026-08-22T03:15:52Z,1.44,7.85,71.8,16.595,2.16,8.44,0.18,0.84,,,,,,,,
2026-08-22T03:17:24Z,0.95,8.29,72.26,17.57,2.59,8.83,0.27,0.56,,,,,,,,
2026-08-22T07:02:05Z,6.08,6.02,71.02,14.367,2.57,7.39,0.22,0.8,,,,,,,,
2026-08-22T07:03:39Z,5.47,6.03,71.11,14.288,2.61,7.37,0.2,0.78,,,,,,,,
2026-08-22T07:05:12Z,4.98,6.09,71.14,14.303,2.43,7.38,0.2,0.76,,,,,,,,
2026-08-22T07:06:45Z,4.46,6.35,71.22,14.46,2.41,7.42,0.18,0.74,,,,,,,,
2026-08-22T07:08:18Z,3.97,6.49,71.24,14.527,2.35,7.45,0.23,0.81,,,,,,,,
2026-08-22T07:09:51Z,3.45,7.01,71.18,14.742,2.26,7.62,0.21,0.69,,,,,,,,
2026-08-22T07:11:24Z,2.94,7.3,71.43,15.444,2.27,7.83,0.2,0.61,,,,,,,,
2026-08-22T07:12:57Z,2.45,7.78,71.93,16.283,2.16,8.48,0.21,0.52,,,,,,,,
2026-08-22T07:14:30Z,1.96,8.1,72.14,17.459,2.41,8.74,0.27,0.49,,,,,,,,
2026-08-22T07:16:03Z,1.46,7.97,72.15,17.569,2.41,8.69,0.27,0.48,,,,,,,,
2026-08-22T07:17:36Z,0.96,7.95,72.11,17.593,2.45,8.67,0.26,0.52,,,,,,,,
2026-08-22T11:02:05Z,6.08,6.03,71.08,14.424,2.53,7.32,0.2,0.75,,,,,,,,
2026-08-22T11:03:39Z,5.48,6.04,71.24,14.368,2.54,7.3,0.19,0.68,,,,,,,,
2026-08-22T11:05:12Z,4.98,6.1,71.22,14.398,2.37,7.32,0.19,0.71,,,,,,,,
2026-08-22T11:06:45Z,4.47,6.14,71.22,14.443,2.29,7.33,0.19,0.65,,,,,,,,
2026-08-22T11:08:18Z,3.97,6.21,71.23,14.493,2.47,7.34,0.19,0.68,,,,,,,,
2026-08-22T11:09:51Z,3.46,6.24,71.22,14.529,2.34,7.36,0.17,0.62,,,,,,,,
2026-08-22T11:11:24Z,2.95,6.54,71.25,14.85,2.15,7.43,0.17,0.55,,,,,,,,
2026-08-22T11:12:57Z,2.46,7.77,72.02,17.116,2.34,8.42,0.23,0.52,,,,,,,,
2026-08-22T11:14:30Z,1.96,7.93,72.1,17.586,2.36,8.66,0.32,0.51,,,,,,,,
2026-08-22T11:16:03Z,1.47,7.93,72.11,17.614,2.47,8.65,0.28,0.48,,,,,,,,
2026-08-22T11:17:36Z,0.96,7.93,72.1,17.613,2.49,8.65,0.28,0.48,,,,,,,,
2026-08-22T15:02:06Z,6.07,5.92,71.1,14.405,2.67,7.32,0.14,0.56,,,,,,,,
2026-08-22T15:03:39Z,5.49,5.89,71.19,14.326,2.65,7.29,0.15,0.57,,,,,,,,
2026-08-22T15:05:12Z,4.98,5.92,71.23,14.343,2.57,7.3,0.16,0.56,,,,,,,,
2026-08-22T15:06:45Z,4.48,5.91,71.24,14.331,2.7,7.29,0.17,0.57,,,,,,,,
2026-08-22T15:08:18Z,3.99,5.96,71.24,14.41,2.6,7.3,0.16,0.52,,,,,,,,
2026-08-22T15:09:51Z,3.48,6.01,71.26,14.514,2.23,7.31,0.21,0.52,,,,,,,,
2026-08-22T15:11:24Z,2.94,6.61,71.46,15.263,2.18,7.48,0.17,0.6,,,,,,,,
2026-08-22T15:12:57Z,2.47,7.57,72.17,16.988,2.37,8.41,0.3,0.53,,,,,,,,
2026-08-22T15:14:30Z,1.96,7.73,72.02,17.16,2.35,8.54,0.29,0.59,,,,,,,,
2026-08-22T15:16:03Z,1.46,7.75,72,17.172,2.22,8.54,0.28,0.5,,,,,,,,
2026-08-22T15:17:36Z,0.96,7.75,72,17.172,2.53,8.54,0.26,0.58,,,,,,,,
2026-08-22T19:01:59Z,6.11,5.83,71.19,14.307,2.69,7.31,0.11,0.36,,,,,,,,
2026-08-22T19:03:32Z,5.4,5.85,71.24,14.302,2.7,7.28,0.17,0.43,,,,,,,,
2026-08-22T19:05:04Z,4.93,5.87,71.24,14.33,2.61,7.29,0.15,0.47,,,,,,,,
2026-08-22T19:06:36Z,4.42,5.94,71.24,14.389,2.52,7.3,0.16,0.49,,,,,,,,
2026-08-22T19:08:08Z,3.9,6.02,71.23,14.455,2.47,7.32,0.18,0.58,,,,,,,,
2026-08-22T19:09:40Z,3.42,6.06,71.25,14.523,2.37,7.33,0.22,0.63,,,,,,,,
2026-08-22T19:11:12Z,2.89,6.54,71.73,15.208,2.18,7.42,0.21,0.74,,,,,,,,
2026-08-22T19:12:44Z,2.4,7.33,71.56,16.189,2.2,7.96,0.2,0.68,,,,,,,,
2026-08-22T19:14:16Z,1.91,7.46,71.57,16.427,2.4,8.12,0.19,0.67,,,,,,,,
2026-08-22T19:15:48Z,1.39,8,72.17,17.424,2.53,8.74,0.2,0.5,,,,,,,,
2026-08-22T19:17:20Z,0.91,8.09,72.23,17.787,2.54,8.78,0.25,0.42,,,,,,,,
2026-08-22T23:01:59Z,6.12,5.9,71.11,14.406,3.46,7.34,0.14,0.54,,,,,,,,
2026-08-22T23:03:32Z,5.42,5.9,71.15,14.388,3.24,7.32,0.13,0.51,,,,,,,,
2026-08-22T23:05:04Z,4.94,5.91,71.18,14.397,2.92,7.32,0.16,0.48,,,,,,,,
2026-08-22T23:06:36Z,4.42,6.1,71.21,14.498,2.56,7.36,0.16,0.48,,,,,,,,
2026-08-22T23:08:08Z,3.91,6.11,71.2,14.507,2.67,7.36,0.17,0.53,,,,,,,,
2026-08-22T23:09:40Z,3.4,6.32,71.25,14.674,2.37,7.42,0.21,0.55,,,,,,,,
2026-08-22T23:11:12Z,2.9,6.46,71.27,14.827,2.32,7.46,0.17,0.53,,,,,,,,
2026-08-22T23:12:44Z,2.39,7.24,71.58,16.223,2.2,7.86,0.18,0.57,,,,,,,,
2026-08-22T23:14:16Z,1.91,7.8,71.88,17.368,2.43,8.51,0.24,0.63,,,,,,,,
2026-08-22T23:15:48Z,1.4,7.93,71.99,17.704,2.4,8.66,0.25,0.55,,,,,,,,
2026-08-22T23:17:20Z,0.93,8.01,72.15,17.978,2.36,8.73,0.23,0.55,,,,,,,,
2026-08-23T03:02:01Z,6.01,5.96,70.93,14.553,2.42,7.37,0.17,0.74,,,,,,,,
2026-08-23T03:03:34Z,5.46,5.93,71.14,14.464,2.65,7.34,0.23,0.72,,,,,,,,
2026-08-23T03:05:07Z,4.94,6,71.24,14.475,2.4,7.35,0.18,0.64,,,,,,,,
2026-08-23T03:06:40Z,4.44,6.07,71.23,14.504,2.64,7.37,0.17,0.74,,,,,,,,
2026-08-23T03:08:13Z,3.96,6.13,71.24,14.552,2.38,7.38,0.26,0.81,,,,,,,,
2026-08-23T03:09:46Z,3.45,6.42,71.32,14.85,2.1,7.46,0.19,0.68,,,,,,,,
2026-08-23T03:11:19Z,2.95,6.87,71.48,15.455,2.18,7.63,0.21,0.69,,,,,,,,
2026-08-23T03:12:52Z,2.46,7.12,71.57,15.903,2.26,7.77,0.24,0.74,,,,,,,,
2026-08-23T03:14:25Z,1.96,7.88,72.18,17.349,2.55,8.56,0.26,0.64,,,,,,,,
2026-08-23T03:15:58Z,1.45,7.91,72.04,17.715,2.55,8.66,0.27,0.63,,,,,,,,
2026-08-23T03:17:31Z,0.94,7.96,72,17.752,2.61,8.69,0.27,0.54,,,,,,,,
2026-08-23T07:02:05Z,6.12,5.74,71.14,14.435,2.99,7.32,0.19,0.76,,,,,,,,
2026-08-23T07:03:39Z,5.48,5.76,71.17,14.357,2.79,7.3,0.22,0.79,,,,,,,,
2026-08-23T07:05:12Z,4.97,5.79,71.22,14.367,2.74,7.31,0.18,0.69,,,,,,,,
2026-08-23T07:06:45Z,4.48,5.89,71.24,14.414,2.59,7.33,0.22,0.74,,,,,,,,
2026-08-23T07:08:18Z,3.98,6.05,71.23,14.475,2.21,7.36,0.19,0.76,,,,,,,,
2026-08-23T07:09:51Z,3.45,6.31,71.24,14.638,2.1,7.43,0.22,0.69,,,,,,,,
2026-08-23T07:11:24Z,2.95,6.55,71.36,14.951,2.23,7.48,0.2,0.73,,,,,,,,
2026-08-23T07:12:57Z,2.46,7.41,71.78,15.735,2.42,7.92,0.2,0.58,,,,,,,,
2026-08-23T07:14:30Z,1.97,7.72,72.18,17.071,2.58,8.42,0.24,0.5,,,,,,,,
2026-08-23T07:16:03Z,1.47,7.72,71.94,17.338,2.49,8.5,0.39,0.7,,,,,,,,
2026-08-23T07:17:36Z,0.96,7.74,71.86,17.473,2.63,8.53,0.27,0.52,,,,,,,,
2026-08-23T11:02:06Z,6.09,6.11,71.16,14.446,2.38,7.4,0.17,0.68,,,,,,,,
2026-08-23T11:03:40Z,5.48,6.09,71.21,14.413,2.39,7.38,0.17,0.69,,,,,,,,
2026-08-23T11:05:13Z,4.96,6.1,71.23,14.413,2.28,7.38,0.19,0.65,,,,,,,,
2026-08-23T11:06:46Z,4.46,6.45,71.23,14.589,2.14,7.44,0.21,0.63,,,,,,,,
2026-08-23T11:08:19Z,3.97,6.41,71.2,14.639,2.14,7.44,0.19,0.69,,,,,,,,
2026-08-23T11:09:52Z,3.47,6.65,71.17,14.742,2.16,7.51,0.15,0.68,,,,,,,,
2026-08-23T11:11:25Z,2.96,6.89,71.34,15.345,2.02,7.62,0.19,0.53,,,,,,,,
2026-08-23T11:12:58Z,2.46,7.12,71.46,15.778,2.06,7.79,0.19,0.7,,,,,,,,
2026-08-23T11:14:31Z,1.98,7.44,71.51,16.228,1.93,8.02,0.19,0.6,,,,,,,,
2026-08-23T11:16:04Z,1.51,7.65,71.95,16.864,2.23,8.36,0.54,0.7,,,,,,,,
2026-08-23T11:17:37Z,0.97,7.73,71.86,17.114,2.43,8.54,0.28,0.59,,,,,,,,
2026-08-23T15:02:02Z,5.99,5.74,71.28,14.37,2.8,7.33,0.1,0.45,,,,,,,,
2026-08-23T15:03:35Z,5.47,5.75,71.32,14.335,2.56,7.3,0.15,0.46,,,,,,,,
2026-08-23T15:05:08Z,4.96,5.76,71.33,14.331,2.61,7.3,0.14,0.45,,,,,,,,
2026-08-23T15:06:41Z,4.46,5.8,71.35,14.354,2.37,7.3,0.15,0.51,,,,,,,,
2026-08-23T15:08:14Z,3.97,5.87,71.29,14.417,2.37,7.32,0.15,0.49,,,,,,,,
2026-08-23T15:09:47Z,3.44,6.21,71.28,14.783,2.1,7.4,0.17,0.51,,,,,,,,
2026-08-23T15:11:20Z,2.97,6.5,71.31,15.079,2.16,7.49,0.19,0.62,,,,,,,,
2026-08-23T15:12:53Z,2.44,7.02,71.82,15.741,2.16,7.71,0.22,0.72,,,,,,,,
2026-08-23T15:14:26Z,1.93,7.53,71.57,16.625,2.29,8.2,0.25,0.62,,,,,,,,
2026-08-23T15:15:59Z,1.45,7.66,71.74,16.916,2.34,8.46,0.28,0.53,,,,,,,,
2026-08-23T15:17:32Z,0.96,7.66,71.73,16.933,2.46,8.46,0.23,0.55,,,,,,,,
2026-08-23T19:01:59Z,6.09,5.76,71.18,14.394,3.35,7.32,0.12,0.43,,,,,,,,
2026-08-23T19:03:32Z,5.43,5.8,71.29,14.381,2.54,7.31,0.15,0.43,,,,,,,,
2026-08-23T19:05:04Z,4.96,5.83,71.3,14.4,2.49,7.31,0.21,0.51,,,,,,,,
2026-08-23T19:06:36Z,4.43,5.85,71.3,14.411,2.35,7.31,0.19,0.48,,,,,,,,
2026-08-23T19:08:08Z,3.93,5.88,71.29,14.429,2.35,7.31,0.18,0.56,,,,,,,,
2026-08-23T19:09:40Z,3.43,6.13,71.26,14.59,2.26,7.37,0.22,0.67,,,,,,,,
2026-08-23T19:11:12Z,2.92,6.99,71.43,15.734,2.25,7.69,0.21,0.54,,,,,,,,
2026-08-23T19:12:44Z,2.39,7.44,71.3,16.555,2.34,8.06,0.24,0.55,,,,,,,,
2026-08-23T19:14:16Z,1.92,7.81,71.74,17.226,2.47,8.52,0.25,0.57,,,,,,,,
2026-08-23T19:15:48Z,1.42,7.84,71.74,17.305,2.45,8.55,0.24,0.55,,,,,,,,
2026-08-23T19:17:20Z,0.93,7.88,71.79,17.482,2.57,8.61,0.24,0.48,,,,,,,,
2026-08-23T23:02:01Z,6.14,5.94,71.12,14.525,3.1,7.36,0.13,0.43,,,,,,,,
2026-08-23T23:03:35Z,5.41,5.99,71.21,14.513,2.58,7.35,0.14,0.44,,,,,,,,
2026-08-23T23:05:07Z,4.94,6.04,71.21,14.529,2.56,7.36,0.19,0.54,,,,,,,,
2026-08-23T23:06:39Z,4.42,6.13,71.23,14.59,2.34,7.38,0.19,0.6,,,,,,,,
2026-08-23T23:08:11Z,3.92,6.29,71.25,14.692,2.35,7.41,0.18,0.61,,,,,,,,
2026-08-23T23:09:43Z,3.39,6.46,71.21,14.859,2.22,7.46,0.17,0.64,,,,,,,,
2026-08-23T23:11:15Z,2.91,7.84,71.83,17.37,2.56,8.53,0.28,0.52,,,,,,,,
2026-08-23T23:12:47Z,2.4,7.81,71.73,17.52,2.33,8.48,0.25,0.58,,,,,,,,
2026-08-23T23:14:19Z,1.92,7.82,71.73,17.566,2.52,8.49,0.22,0.59,,,,,,,,
2026-08-23T23:15:51Z,1.41,7.85,71.74,17.656,2.45,8.52,0.25,0.58,,,,,,,,
2026-08-23T23:17:23Z,0.9,7.92,71.9,17.969,2.54,8.62,0.25,0.51,,,,,,,,
2026-08-24T03:02:05Z,6.11,6.14,70.93,14.802,3.05,7.39,0.2,1.04,,,,,,,,
2026-08-24T03:03:39Z,5.46,6.06,71.18,14.664,2.9,7.36,0.2,0.68,,,,,,,,
2026-08-24T03:05:12Z,4.96,6.08,71.17,14.639,2.8,7.37,0.22,0.74,,,,,,,,
2026-08-24T03:06:45Z,4.46,6.1,71.17,14.638,2.81,7.37,0.19,0.73,,,,,,,,
2026-08-24T03:08:18Z,3.96,6.14,71.18,14.659,2.73,7.38,0.18,0.88,,,,,,,,
2026-08-24T03:09:51Z,3.46,6.26,71.16,14.721,2.66,7.41,0.18,0.83,,,,,,,,
2026-08-24T03:11:24Z,2.94,6.69,71.26,15.017,2.23,7.55,0.18,0.84,,,,,,,,
2026-08-24T03:12:57Z,2.45,7.77,71.78,17.173,2.17,8.45,0.28,0.63,,,,,,,,
2026-08-24T03:14:30Z,1.95,7.81,71.79,17.444,2.39,8.51,0.3,0.67,,,,,,,,
2026-08-24T03:16:03Z,1.46,7.81,71.72,17.478,2.4,8.52,0.31,0.63,,,,,,,,
2026-08-24T03:17:36Z,0.97,7.82,71.73,17.492,2.32,8.52,0.24,0.58,,,,,,,,
2026-08-24T07:02:06Z,6.08,5.9,71.22,14.656,2.62,7.34,0.22,0.78,,,,,,,,
2026-08-24T07:03:40Z,5.48,5.8,71.22,14.487,2.59,7.3,0.19,0.79,,,,,,,,
2026-08-24T07:05:13Z,4.96,5.81,71.27,14.46,2.68,7.3,0.2,0.82,,,,,,,,
2026-08-24T07:06:46Z,4.51,5.89,71.27,14.508,2.61,7.32,0.19,0.81,,,,,,,,
2026-08-24T07:08:19Z,3.97,6.02,71.25,14.56,2.39,7.35,0.15,0.7,,,,,,,,
2026-08-24T07:09:52Z,3.48,6.14,71.21,14.64,2.43,7.38,0.22,0.66,,,,,,,,
2026-08-24T07:11:25Z,2.99,6.34,71.24,14.775,2.34,7.43,0.15,0.63,,,,,,,,
2026-08-24T07:12:58Z,2.47,6.87,71.34,15.255,2.01,7.61,0.16,0.55,,,,,,,,
2026-08-24T07:14:31Z,1.99,7.74,72.01,16.95,2.61,8.51,0.27,0.68,,,,,,,,
2026-08-24T07:16:04Z,1.5,7.87,71.7,17.233,2.43,8.54,0.35,0.76,,,,,,,,
2026-08-24T07:17:37Z,0.96,7.87,71.72,17.271,2.34,8.55,0.24,0.68,,,,,,,,
2026-08-24T11:02:06Z,6.08,5.93,71.06,14.616,2.19,7.35,0.18,0.59,,,,,,,,
2026-08-24T11:03:40Z,5.5,5.87,71.26,14.527,2.34,7.33,0.16,0.61,,,,,,,,
2026-08-24T11:05:13Z,4.98,5.86,71.25,14.49,2.32,7.33,0.18,0.64,,,,,,,,
2026-08-24T11:06:46Z,4.46,5.93,71.26,14.515,2.39,7.34,0.18,0.59,,,,,,,,
2026-08-24T11:08:19Z,3.97,6.13,71.24,14.611,2.25,7.39,0.16,0.63,,,,,,,,
2026-08-24T11:09:52Z,3.48,6.6,71.28,15.021,2.03,7.51,0.13,0.62,,,,,,,,
2026-08-24T11:11:25Z,2.99,6.69,71.27,15.118,2.06,7.55,0.17,0.54,,,,,,,,
2026-08-24T11:12:58Z,2.48,6.7,71.3,15.265,1.98,7.55,0.17,0.58,,,,,,,,
2026-08-24T11:14:31Z,1.98,7,71.56,15.902,2.25,7.74,0.18,0.68,,,,,,,,
2026-08-24T11:16:04Z,1.48,7.6,71.88,16.71,2.73,8.36,0.3,0.62,,,,,,,,
2026-08-24T11:17:37Z,0.99,7.66,71.68,16.869,2.63,8.39,0.28,0.61,,,,,,,,
2026-08-24T15:02:04Z,6.07,5.73,71.14,14.491,2.52,7.33,0.18,0.52,,,,,,,,
2026-08-24T15:03:37Z,5.48,5.74,71.22,14.421,2.67,7.31,0.19,0.56,,,,,,,,
2026-08-24T15:05:10Z,4.96,5.81,71.25,14.43,2.37,7.32,0.15,0.48,,,,,,,,
2026-08-24T15:06:43Z,4.48,5.78,71.27,14.418,2.46,7.31,0.15,0.5,,,,,,,,
2026-08-24T15:08:16Z,3.96,5.79,71.29,14.447,2.23,7.32,0.16,0.5,,,,,,,,
2026-08-24T15:09:49Z,3.46,6.05,71.22,14.523,2.23,7.36,0.15,0.51,,,,,,,,
2026-08-24T15:11:22Z,2.96,6.38,71.34,15.072,1.97,7.46,0.19,0.62,,,,,,,,
2026-08-24T15:12:55Z,2.45,6.76,71.47,15.522,2.02,7.57,0.19,0.6,,,,,,,,
2026-08-24T15:14:28Z,1.96,7.4,71.97,16.249,2.32,8.26,0.38,0.52,,,,,,,,
2026-08-24T15:16:01Z,1.44,7.64,71.59,16.592,2.55,8.36,0.27,0.59,,,,,,,,
2026-08-24T15:17:34Z,0.95,7.66,71.59,16.66,2.58,8.38,0.35,0.56,,,,,,,,
2026-08-24T19:01:59Z,6.1,5.78,71.17,14.351,2.61,7.34,0.15,0.43,,,,,,,,
2026-08-24T19:03:32Z,5.42,5.81,71.21,14.336,2.48,7.32,0.16,0.46,,,,,,,,
2026-08-24T19:05:04Z,4.92,5.82,71.22,14.349,2.45,7.32,0.17,0.46,,,,,,,,
2026-08-24T19:06:36Z,4.4,5.83,71.25,14.376,2.51,7.32,0.17,0.52,,,,,,,,
2026-08-24T19:08:08Z,3.92,5.95,71.2,14.435,2.42,7.34,0.18,0.47,,,,,,,,
2026-08-24T19:09:40Z,3.4,6.55,71.29,14.891,2.31,7.5,0.22,0.6,,,,,,,,
2026-08-24T19:11:12Z,2.91,6.71,71.26,15.222,2.16,7.55,0.21,0.59,,,,,,,,
2026-08-24T19:12:44Z,2.4,7.29,71.38,16.155,2.35,7.99,0.22,0.65,,,,,,,,
2026-08-24T19:14:16Z,1.91,7.72,71.62,16.689,2.55,8.41,0.26,0.65,,,,,,,,
2026-08-24T19:15:48Z,1.39,7.86,71.68,16.88,2.51,8.54,0.24,0.57,,,,,,,,
2026-08-24T19:17:20Z,0.92,7.83,71.72,17.406,2.63,8.53,0.29,0.52,,,,,,,,
2026-08-24T23:01:58Z,6.06,5.71,71.03,14.331,2.67,7.33,0.15,0.51,,,,,,,,
2026-08-24T23:03:31Z,5.41,5.7,71.12,14.263,2.74,7.31,0.16,0.51,,,,,,,,
2026-08-24T23:05:03Z,4.92,5.69,71.17,14.238,2.78,7.3,0.16,0.54,,,,,,,,
2026-08-24T23:06:35Z,4.4,5.71,71.18,14.236,2.55,7.3,0.18,0.53,,,,,,,,
2026-08-24T23:08:07Z,3.92,5.91,71.15,14.325,2.6,7.33,0.21,0.57,,,,,,,,
2026-08-24T23:09:39Z,3.42,6.1,71.12,14.506,2.19,7.39,0.16,0.62,,,,,,,,
2026-08-24T23:11:11Z,2.91,6.41,71.21,14.772,2.13,7.47,0.18,0.63,,,,,,,,
2026-08-24T23:12:43Z,2.4,7.12,71.56,15.431,2.2,7.7,0.26,0.75,,,,,,,,
2026-08-24T23:14:15Z,1.93,8.08,72.24,16.609,2.2,8.79,0.34,0.64,,,,,,,,
2026-08-24T23:15:47Z,1.43,7.97,72.12,17.552,2.41,8.61,0.19,0.48,,,,,,,,
2026-08-24T23:17:19Z,0.92,7.91,72.07,18.086,2.36,8.62,0.25,0.44,,,,,,,,
2026-08-25T03:02:04Z,6.14,5.73,71.11,14.132,2.73,7.32,0.14,0.66,,,,,,,,
2026-08-25T03:03:38Z,5.46,5.83,71.17,14.149,2.58,7.31,0.18,0.61,,,,,,,,
2026-08-25T03:05:11Z,4.92,6.07,71.12,14.269,2.32,7.36,0.17,0.57,,,,,,,,
2026-08-25T03:06:43Z,4.44,6.29,71.06,14.38,2.29,7.4,0.17,0.57,,,,,,,,
2026-08-25T03:08:16Z,3.92,6.36,71.03,14.442,2.2,7.42,0.16,0.52,,,,,,,,
2026-08-25T03:09:48Z,3.44,6.39,71.05,14.526,2.05,7.43,0.15,0.57,,,,,,,,
2026-08-25T03:11:20Z,2.95,6.86,71.25,15.055,2.08,7.6,0.15,0.63,,,,,,,,
2026-08-25T03:12:53Z,2.43,7.19,71.46,15.82,2.03,7.82,0.21,0.57,,,,,,,,
2026-08-25T03:14:26Z,1.94,7.64,72.39,16.645,2.37,8.37,0.24,0.57,,,,,,,,
2026-08-25T03:15:58Z,1.46,7.87,72.21,17.635,3.52,8.64,0.25,0.56,,,,,,,,
2026-08-25T03:17:31Z,0.95,7.89,72.16,17.662,2.49,8.64,0.27,0.55,,,,,,,,
2026-08-25T07:02:01Z,5.99,5.88,70.96,14.225,2.47,7.37,0.22,0.86,,,,,,,,
2026-08-25T07:03:34Z,5.46,5.88,71.09,14.207,2.56,7.32,0.19,0.72,,,,,,,,
2026-08-25T07:05:07Z,4.96,5.88,71.14,14.229,2.56,7.33,0.21,0.77,,,,,,,,
2026-08-25T07:06:40Z,4.47,5.93,71.16,14.281,2.47,7.34,0.19,0.69,,,,,,,,
2026-08-25T07:08:13Z,3.96,6.43,71.13,14.46,2.18,7.46,0.14,0.56,,,,,,,,
2026-08-25T07:09:46Z,3.46,6.65,71.2,14.76,2.18,7.53,0.18,0.72,,,,,,,,
2026-08-25T07:11:19Z,2.96,7.18,71.19,15.233,2.07,7.75,0.18,0.55,,,,,,,,
2026-08-25T07:12:52Z,2.46,7.58,71.84,16.836,2.21,8.28,0.25,0.66,,,,,,,,
2026-08-25T07:14:25Z,1.96,7.78,71.92,17.193,2.33,8.5,0.27,0.58,,,,,,,,
2026-08-25T07:15:58Z,1.46,7.83,71.91,17.314,2.18,8.58,0.32,0.55,,,,,,,,
2026-08-25T07:17:31Z,0.95,7.83,71.91,17.327,2.46,8.58,0.31,0.56,,,,,,,,
2026-08-25T11:02:05Z,6.06,5.7,71.02,14.218,2.62,7.33,0.17,0.71,,,,,,,,
2026-08-25T11:03:38Z,5.5,5.69,71.16,14.174,2.55,7.29,0.19,0.71,,,,,,,,
2026-08-25T11:05:11Z,4.98,5.68,71.15,14.164,2.56,7.29,0.2,0.63,,,,,,,,
2026-08-25T11:06:44Z,4.47,5.74,71.2,14.237,2.46,7.31,0.17,0.63,,,,,,,,
2026-08-25T11:08:17Z,3.98,5.77,71.19,14.261,2.32,7.31,0.22,0.63,,,,,,,,
2026-08-25T11:09:50Z,3.48,5.97,71.21,14.339,2.21,7.35,0.15,0.72,,,,,,,,
2026-08-25T11:11:23Z,2.99,6.8,71.53,15.665,2.14,7.64,0.19,0.62,,,,,,,,
2026-08-25T11:12:56Z,2.48,7.11,71.47,16.059,2.31,7.79,0.21,0.71,,,,,,,,
2026-08-25T11:14:29Z,1.96,7.57,72.29,16.588,2.85,8.38,0.27,0.64,,,,,,,,
2026-08-25T11:16:02Z,1.48,7.67,71.94,16.912,2.92,8.45,0.46,0.9,,,,,,,,
2026-08-25T11:17:35Z,0.98,7.68,71.93,16.961,2.43,8.46,0.39,0.69,,,,,,,,
2026-08-25T15:02:03Z,5.99,5.61,71.03,14.224,2.94,7.31,0.16,0.51,,,,,,,,
2026-08-25T15:03:36Z,5.47,5.48,71.17,14.126,2.78,7.27,0.16,0.54,,,,,,,,
2026-08-25T15:05:09Z,4.96,5.52,71.19,14.108,2.7,7.27,0.16,0.48,,,,,,,,
2026-08-25T15:06:42Z,4.48,5.55,71.17,14.122,2.76,7.27,0.15,0.55,,,,,,,,
2026-08-25T15:08:15Z,3.95,5.58,71.2,14.149,2.42,7.28,0.17,0.54,,,,,,,,
2026-08-25T15:09:48Z,3.46,5.91,71.16,14.31,2.18,7.34,0.2,0.58,,,,,,,,
2026-08-25T15:11:21Z,2.95,6.46,71.4,15.145,2.29,7.49,0.21,0.68,,,,,,,,
2026-08-25T15:12:54Z,2.45,7.08,71.46,15.79,2.16,7.75,0.19,0.69,,,,,,,,
2026-08-25T15:14:27Z,1.96,7.57,72.1,16.52,2.68,8.4,0.38,0.68,,,,,,,,
2026-08-25T15:16:00Z,1.46,7.64,72.01,16.7,2.57,8.46,0.36,0.55,,,,,,,,
2026-08-25T15:17:33Z,0.94,7.65,71.99,16.731,2.25,8.47,0.33,0.65,,,,,,,,
2026-08-25T19:01:59Z,6.1,5.54,71.06,14.167,2.9,7.31,0.12,0.38,,,,,,,,
2026-08-25T19:03:32Z,5.42,5.52,71.16,14.109,2.79,7.28,0.12,0.4,,,,,,,,
2026-08-25T19:05:04Z,4.92,5.56,71.17,14.129,2.73,7.28,0.15,0.4,,,,,,,,
2026-08-25T19:06:36Z,4.39,5.62,71.19,14.163,2.5,7.28,0.18,0.45,,,,,,,,
2026-08-25T19:08:08Z,3.89,5.69,71.18,14.211,2.45,7.29,0.17,0.49,,,,,,,,
2026-08-25T19:09:40Z,3.42,5.82,71.17,14.357,2.49,7.32,0.21,0.63,,,,,,,,
2026-08-25T19:11:12Z,2.9,6.33,71.42,14.913,2.21,7.46,0.18,0.71,,,,,,,,
2026-08-25T19:12:44Z,2.38,7.19,71.76,15.899,2.31,7.84,0.21,0.65,,,,,,,,
2026-08-25T19:14:16Z,1.93,7.93,71.77,16.993,2.15,8.62,0.22,0.49,,,,,,,,
2026-08-25T19:15:48Z,1.41,7.84,72.13,17.522,2.62,8.58,0.27,0.55,,,,,,,,
2026-08-25T19:17:20Z,0.9,7.86,72.07,17.652,2.3,8.61,0.28,0.6,,,,,,,,
2026-08-25T23:02:01Z,6.13,5.79,70.98,14.255,2.71,7.33,0.15,0.73,,,,,,,,
2026-08-25T23:03:35Z,5.42,5.77,71.09,14.181,2.64,7.31,0.18,0.77,,,,,,,,
2026-08-25T23:05:07Z,4.92,5.75,71.12,14.156,2.81,7.3,0.15,0.62,,,,,,,,
2026-08-25T23:06:39Z,4.4,5.87,71.13,14.252,2.57,7.31,0.19,0.57,,,,,,,,
2026-08-25T23:08:11Z,3.92,5.96,71.14,14.344,2.53,7.33,0.16,0.6,,,,,,,,
2026-08-25T23:09:43Z,3.42,5.97,71.18,14.377,2.51,7.34,0.17,0.65,,,,,,,,
2026-08-25T23:11:15Z,2.91,7.05,71.31,15.55,2.27,7.74,0.28,0.71,,,,,,,,
2026-08-25T23:12:47Z,2.4,7.51,71.63,16.328,2.37,8.13,0.23,0.76,,,,,,,,
2026-08-25T23:14:19Z,1.92,7.71,71.75,16.876,2.3,8.39,0.27,0.8,,,,,,,,
2026-08-25T23:15:51Z,1.43,7.79,71.78,17.1,2.48,8.48,0.24,0.62,,,,,,,,
2026-08-25T23:17:23Z,0.94,7.84,71.82,17.507,2.57,8.53,0.27,0.57,,,,,,,,
2026-08-26T03:02:00Z,6.06,5.75,71.04,14.088,2.78,7.33,0.16,0.76,,,,,,,,
2026-08-26T03:03:33Z,5.46,5.75,71.1,14.072,2.7,7.3,0.18,0.76,,,,,,,,
2026-08-26T03:05:06Z,4.94,5.91,71.12,14.162,2.49,7.32,0.18,0.73,,,,,,,,
2026-08-26T03:06:38Z,4.43,5.86,71.12,14.134,2.56,7.32,0.2,0.74,,,,,,,,
2026-08-26T03:08:10Z,3.94,6,71.08,14.205,2.61,7.34,0.18,0.68,,,,,,,,
2026-08-26T03:09:43Z,3.42,6.29,71.15,14.426,2.31,7.41,0.19,0.73,,,,,,,,
2026-08-26T03:11:15Z,2.94,7.15,71.42,15.575,2.33,7.82,0.2,0.79,,,,,,,,
2026-08-26T03:12:47Z,2.45,7.43,71.54,15.997,2.32,8.04,0.28,0.67,,,,,,,,
2026-08-26T03:14:20Z,1.95,7.74,71.67,16.763,2.68,8.41,0.28,0.8,,,,,,,,
2026-08-26T03:15:53Z,1.43,7.86,71.8,17.095,2.61,8.52,0.26,0.74,,,,,,,,
2026-08-26T03:17:25Z,0.94,7.88,71.79,17.362,2.49,8.53,0.34,1.08,,,,,,,,
2026-08-26T07:02:07Z,6.11,5.75,71.08,14.176,2.57,7.34,0.17,0.87,,,,,,,,
2026-08-26T07:03:44Z,5.42,5.75,71.1,14.083,2.62,7.31,0.22,0.84,,,,,,,,
2026-08-26T07:05:17Z,4.96,5.8,71.17,14.09,2.67,7.31,0.2,0.71,,,,,,,,
2026-08-26T07:06:50Z,4.46,5.87,71.2,14.13,2.54,7.31,0.19,0.71,,,,,,,,
2026-08-26T07:08:23Z,3.96,6.15,71.2,14.314,2.5,7.38,0.18,0.62,,,,,,,,
2026-08-26T07:09:56Z,3.47,6.32,71.18,14.472,2.24,7.43,0.19,0.63,,,,,,,,
2026-08-26T07:11:29Z,2.96,7.28,71.62,15.806,2.11,7.92,0.19,0.68,,,,,,,,
2026-08-26T07:13:02Z,2.45,7.66,71.67,16.333,2.29,8.3,0.24,0.66,,,,,,,,
2026-08-26T07:14:35Z,1.99,7.81,71.72,16.624,2.33,8.46,0.27,0.62,,,,,,,,
2026-08-26T07:16:08Z,1.48,7.82,71.69,16.695,2.34,8.46,0.29,0.69,,,,,,,,
2026-08-26T07:17:41Z,0.97,7.78,71.68,16.809,2.65,8.45,0.26,0.74,,,,,,,,
2026-08-26T11:02:07Z,6.08,5.75,71.02,14.185,2.64,7.33,0.2,0.84,,,,,,,,
2026-08-26T11:03:41Z,5.49,5.75,71.14,14.154,2.43,7.3,0.2,0.67,,,,,,,,
2026-08-26T11:05:14Z,4.96,5.78,71.16,14.222,2.45,7.3,0.2,0.74,,,,,,,,
2026-08-26T11:06:47Z,4.49,5.79,71.15,14.236,2.44,7.3,0.18,0.7,,,,,,,,
2026-08-26T11:08:20Z,3.97,5.8,71.17,14.266,2.51,7.3,0.21,0.71,,,,,,,,
2026-08-26T11:09:53Z,3.48,6.16,71.21,14.63,2.23,7.37,0.2,0.7,,,,,,,,
2026-08-26T11:11:26Z,2.99,6.7,71.35,15.426,2.15,7.56,0.21,0.74,,,,,,,,
2026-08-26T11:12:59Z,2.47,7.72,71.87,16.363,2.39,8.43,0.32,0.61,,,,,,,,
2026-08-26T11:14:32Z,1.98,7.75,71.76,16.44,2.41,8.43,0.34,0.68,,,,,,,,
2026-08-26T11:16:05Z,1.49,7.76,71.75,16.458,2.26,8.43,0.3,0.6,,,,,,,,
2026-08-26T11:17:38Z,0.97,7.76,71.75,16.447,2.35,8.43,0.29,0.6,,,,,,,,
2026-08-26T15:02:06Z,6.06,5.63,71.02,14.188,2.62,7.31,0.13,0.54,,,,,,,,
2026-08-26T15:03:40Z,5.5,5.6,71.13,14.101,2.61,7.28,0.15,0.58,,,,,,,,
2026-08-26T15:05:13Z,4.98,5.6,71.13,14.074,2.63,7.27,0.15,0.54,,,,,,,,
2026-08-26T15:06:46Z,4.47,5.6,71.13,14.09,2.8,7.27,0.17,0.59,,,,,,,,
2026-08-26T15:08:19Z,3.97,5.76,71.12,14.196,2.49,7.3,0.16,0.71,,,,,,,,
2026-08-26T15:09:52Z,3.47,5.87,71.1,14.271,2.24,7.32,0.15,0.6,,,,,,,,
2026-08-26T15:11:25Z,2.96,7.3,71.25,15.603,2.32,7.87,0.19,0.8,,,,,,,,
2026-08-26T15:12:58Z,2.45,7.71,71.86,16.089,2.54,8.43,0.3,0.71,,,,,,,,
2026-08-26T15:14:31Z,1.98,7.73,71.71,16.217,2.51,8.45,0.28,0.67,,,,,,,,
2026-08-26T15:16:04Z,1.47,7.77,71.7,16.239,2.49,8.47,0.25,0.65,,,,,,,,
2026-08-26T15:17:37Z,0.95,7.78,71.71,16.253,2.35,8.49,0.34,0.65,,,,,,,,
2026-08-26T19:01:58Z,6.07,5.56,71.1,14.065,2.83,7.31,0.13,0.43,,,,,,,,
2026-08-26T19:03:31Z,5.4,5.58,71.13,14.076,2.66,7.28,0.16,0.46,,,,,,,,
2026-08-26T19:05:03Z,4.9,5.65,71.15,14.117,2.52,7.29,0.18,0.59,,,,,,,,
2026-08-26T19:06:35Z,4.41,5.81,71.13,14.208,2.41,7.31,0.22,0.74,,,,,,,,
2026-08-26T19:08:07Z,3.92,5.93,71.09,14.286,2.37,7.33,0.19,0.65,,,,,,,,
2026-08-26T19:09:39Z,3.41,5.95,71.11,14.379,2.26,7.35,0.22,0.68,,,,,,,,
2026-08-26T19:11:11Z,2.92,6.6,71.25,15.099,2.22,7.52,0.18,0.75,,,,,,,,
2026-08-26T19:12:43Z,2.39,8.12,72.06,16.547,2.43,8.75,0.25,0.61,,,,,,,,
2026-08-26T19:14:15Z,1.9,8.2,72.09,16.767,2.35,8.81,0.24,0.64,,,,,,,,
2026-08-26T19:15:47Z,1.4,8.12,72.05,16.952,2.29,8.78,0.25,0.72,,,,,,,,
2026-08-26T19:17:19Z,0.9,8.06,72.11,17.172,2.38,8.71,0.2,0.47,,,,,,,,
2026-08-26T23:02:01Z,6.17,5.62,71.05,14.111,3.27,7.33,0.15,0.44,,,,,,,,
2026-08-26T23:03:35Z,5.42,5.63,71.11,14.084,2.94,7.28,0.14,0.49,,,,,,,,
2026-08-26T23:05:07Z,4.91,5.6,71.1,14.086,3.05,7.27,0.15,0.52,,,,,,,,
2026-08-26T23:06:39Z,4.42,5.6,71.1,14.103,2.99,7.27,0.17,0.5,,,,,,,,
2026-08-26T23:08:11Z,3.89,5.69,71.14,14.16,2.63,7.29,0.16,0.55,,,,,,,,
2026-08-26T23:09:43Z,3.41,5.81,71.15,14.222,2.49,7.31,0.17,0.69,,,,,,,,
2026-08-26T23:11:15Z,2.91,6,71.13,14.327,2.4,7.35,0.23,0.72,,,,,,,,
2026-08-26T23:12:47Z,2.39,6.12,71.16,14.401,2.35,7.38,0.22,0.8,,,,,,,,
2026-08-26T23:14:19Z,1.86,8.98,72.03,16.499,2.35,9.07,0.21,0.62,,,,,,,,
2026-08-26T23:15:51Z,1.42,8.3,72.12,17.337,2.38,8.84,0.26,0.59,,,,,,,,
2026-08-26T23:17:23Z,0.93,8.06,72.22,18.294,2.47,8.76,0.24,0.54,,,,,,,,
2026-08-27T03:02:01Z,6.06,6.01,71.02,14.253,2.61,7.4,0.21,0.81,,,,,,,,
2026-08-27T03:03:34Z,5.46,5.99,71.08,14.163,2.72,7.37,0.18,0.85,,,,,,,,
2026-08-27T03:05:07Z,4.93,5.97,71.12,14.141,2.68,7.36,0.22,0.77,,,,,,,,
2026-08-27T03:06:39Z,4.45,6.01,71.13,14.15,2.67,7.36,0.2,0.72,,,,,,,,
2026-08-27T03:08:12Z,3.95,6.23,71.18,14.275,2.29,7.39,0.19,0.67,,,,,,,,
2026-08-27T03:09:45Z,3.44,6.37,71.11,14.426,2.2,7.44,0.17,0.7,,,,,,,,
2026-08-27T03:11:17Z,2.97,6.58,71.13,14.694,2.16,7.51,0.16,0.63,,,,,,,,
2026-08-27T03:12:50Z,2.44,7.62,71.83,16.64,2.21,8.33,0.22,0.62,,,,,,,,
2026-08-27T03:14:23Z,1.95,7.69,71.7,16.84,2.18,8.4,0.21,0.63,,,,,,,,
2026-08-27T03:15:56Z,1.46,7.87,71.95,17.409,2.4,8.61,0.25,0.59,,,,,,,,
2026-08-27T03:17:29Z,0.93,7.99,72,17.642,2.24,8.7,0.21,0.66,,,,,,,,
2026-08-27T07:02:02Z,6.03,5.87,71.08,14.034,2.63,7.37,0.19,0.73,,,,,,,,
2026-08-27T07:03:35Z,5.47,5.88,71.24,13.998,2.58,7.34,0.18,0.69,,,,,,,,
2026-08-27T07:05:08Z,4.97,5.98,71.2,14.045,2.51,7.35,0.18,0.69,,,,,,,,
2026-08-27T07:06:41Z,4.46,6.04,71.16,14.083,2.51,7.35,0.19,0.66,,,,,,,,
2026-08-27T07:08:14Z,3.97,6.03,71.21,14.171,2.47,7.35,0.19,0.66,,,,,,,,
2026-08-27T07:09:47Z,3.47,6.12,71.19,14.21,2.42,7.38,0.16,0.65,,,,,,,,
2026-08-27T07:11:20Z,2.96,7.02,71.49,15.636,2.27,7.77,0.22,0.55,,,,,,,,
2026-08-27T07:12:53Z,2.46,7.3,71.53,16.056,2.21,8.01,0.19,0.6,,,,,,,,
2026-08-27T07:14:26Z,1.96,7.77,71.77,16.929,2.35,8.55,0.23,0.58,,,,,,,,
2026-08-27T07:15:59Z,1.47,7.84,71.94,17.08,2.47,8.61,0.25,0.56,,,,,,,,
2026-08-27T07:17:32Z,0.98,7.85,71.92,17.13,2.26,8.63,0.24,0.57,,,,,,,,
2026-08-27T11:02:06Z,6.07,5.85,71.02,14.179,2.47,7.36,0.17,0.67,,,,,,,,
2026-08-27T11:03:40Z,5.49,5.8,71.16,14.094,2.48,7.33,0.21,0.75,,,,,,,,
2026-08-27T11:05:13Z,4.96,5.87,71.18,14.135,2.5,7.33,0.2,0.67,,,,,,,,
2026-08-27T11:06:46Z,4.48,5.91,71.19,14.182,2.58,7.34,0.21,0.66,,,,,,,,
2026-08-27T11:08:19Z,3.96,5.98,71.22,14.236,2.45,7.35,0.22,0.71,,,,,,,,
2026-08-27T11:09:52Z,3.48,6.32,71.26,14.621,2.34,7.43,0.19,0.63,,,,,,,,
2026-08-27T11:11:25Z,2.99,6.58,71.35,15.14,2.13,7.53,0.19,0.66,,,,,,,,
2026-08-27T11:12:58Z,2.48,7.5,71.72,16.397,2.28,8.26,0.24,0.64,,,,,,,,
2026-08-27T11:14:31Z,1.98,7.73,71.82,16.623,2.31,8.52,0.23,0.63,,,,,,,,
2026-08-27T11:16:04Z,1.48,7.75,71.81,16.643,2.28,8.54,0.24,0.66,,,,,,,,
2026-08-27T11:17:37Z,0.97,7.77,71.82,16.644,2.28,8.55,0.26,0.58,,,,,,,,
2026-08-27T15:02:06Z,6.07,5.67,71.02,14.162,2.86,7.33,0.17,0.59,,,,,,,,
2026-08-27T15:03:40Z,5.49,5.58,71.22,14.049,2.71,7.29,0.16,0.54,,,,,,,,
2026-08-27T15:05:13Z,4.97,5.66,71.28,14.093,2.61,7.29,0.16,0.65,,,,,,,,
2026-08-27T15:06:46Z,4.49,5.68,71.27,14.114,2.68,7.29,0.22,0.58,,,,,,,,
2026-08-27T15:08:19Z,3.98,5.74,71.3,14.165,2.69,7.3,0.18,0.62,,,,,,,,
2026-08-27T15:09:52Z,3.47,6.01,71.27,14.471,2.21,7.36,0.19,0.62,,,,,,,,
2026-08-27T15:11:25Z,2.97,6.75,71.53,15.321,2.21,7.62,0.18,0.7,,,,,,,,
2026-08-27T15:12:58Z,2.45,7.79,71.98,16.212,2.25,8.64,0.25,0.62,,,,,,,,
2026-08-27T15:14:31Z,1.98,7.86,72.07,16.258,2.18,8.68,0.24,0.61,,,,,,,,
2026-08-27T15:16:04Z,1.46,7.86,72.07,16.273,2.28,8.67,0.27,0.65,,,,,,,,
2026-08-27T15:17:37Z,0.96,7.84,72.04,16.272,2.27,8.65,0.23,0.58,,,,,,,,
2026-08-27T17:14:31Z,6.08,5.44,70.96,13.895,3.17,7.12,0.12,0.46,,,,,,,,
2026-08-27T17:16:04Z,5.42,5.45,70.94,13.93,3.02,7,0.13,0.48,,,,,,,,
2026-08-27T17:17:36Z,4.9,5.53,71,13.957,2.72,6.95,0.15,0.54,,,,,,,,
2026-08-27T17:19:08Z,4.42,5.57,70.97,13.993,2.74,6.94,0.17,0.55,,,,,,,,
2026-08-27T17:20:40Z,3.91,5.69,71,14.094,2.6,6.94,0.22,0.7,,,,,,,,
2026-08-27T17:22:12Z,3.4,6.2,71.18,14.571,2.44,7,0.23,0.73,,,,,,,,
2026-08-27T17:23:44Z,2.89,6.58,71.02,15.039,2.86,7.2,0.19,0.7,,,,,,,,
2026-08-27T17:25:16Z,2.39,7.8,71.89,16.012,2.55,8.1,0.23,0.57,,,,,,,,
2026-08-27T17:26:48Z,1.88,7.97,71.91,16.265,2.36,8.32,0.2,0.64,,,,,,,,
2026-08-27T17:28:20Z,1.41,7.74,71.66,16.331,2.38,8.14,0.19,0.64,,,,,,,,
2026-08-27T17:29:52Z,0.89,7.74,71.61,16.484,2.37,8.14,0.22,0.61,,,,,,,,
2026-08-27T19:01:59Z,6.08,5.47,70.96,13.899,3.18,7.29,0.12,0.43,,,,,,,,
2026-08-27T19:03:32Z,5.41,5.54,70.97,13.951,3.04,7.28,0.15,0.5,,,,,,,,
2026-08-27T19:05:04Z,4.91,5.57,70.97,13.957,3.12,7.25,0.16,0.53,,,,,,,,
2026-08-27T19:06:36Z,4.38,5.7,71.01,14.064,2.63,7.25,0.17,0.67,,,,,,,,
2026-08-27T19:08:08Z,3.93,6.09,71.01,14.301,2.44,7.29,0.18,0.83,,,,,,,,
2026-08-27T19:09:40Z,3.39,6.17,71,14.422,2.51,7.32,0.26,0.86,,,,,,,,
2026-08-27T19:11:12Z,2.92,6.45,71.12,14.726,2.46,7.39,0.17,0.69,,,,,,,,
2026-08-27T19:12:44Z,2.4,7.86,71.7,16.252,2.53,8.49,0.22,0.62,,,,,,,,
2026-08-27T19:14:16Z,1.92,7.86,71.73,16.589,2.5,8.54,0.21,0.54,,,,,,,,
2026-08-27T19:15:48Z,1.4,7.91,71.61,16.785,2.47,8.57,0.2,0.49,,,,,,,,
2026-08-27T19:17:20Z,0.91,7.88,71.7,17.142,2.44,8.54,0.19,0.55,,,,,,,,
2026-08-27T23:01:58Z,6.09,5.57,70.88,14.004,3.44,7.43,0.1,0.53,,,,,,,,
2026-08-27T23:03:31Z,5.4,5.59,70.94,14,3.3,7.31,0.15,0.51,,,,,,,,
2026-08-27T23:05:03Z,4.92,5.58,70.94,14.015,3.31,7.28,0.16,0.52,,,,,,,,
2026-08-27T23:06:35Z,4.42,5.66,70.94,14.043,3.09,7.26,0.14,0.57,,,,,,,,
2026-08-27T23:08:07Z,3.92,5.72,70.93,14.082,2.86,7.25,0.17,0.6,,,,,,,,
2026-08-27T23:09:39Z,3.41,5.95,71,14.241,2.62,7.28,0.18,0.71,,,,,,,,
2026-08-27T23:11:11Z,2.91,6.4,71.07,14.51,2.45,7.37,0.2,0.81,,,,,,,,
2026-08-27T23:12:43Z,2.4,7.9,71.56,16.235,2.44,8.53,0.19,0.67,,,,,,,,
2026-08-27T23:14:15Z,1.89,7.98,71.73,16.934,2.42,8.6,0.21,0.64,,,,,,,,
2026-08-27T23:15:47Z,1.4,7.95,71.72,17.213,2.54,8.6,0.22,0.6,,,,,,,,
2026-08-27T23:17:19Z,0.92,7.95,71.78,17.69,2.46,8.58,0.23,0.62,,,,,,,,
2026-08-28T03:01:59Z,6.03,5.64,70.78,14.139,3.4,7.45,0.19,0.88,,,,,,,,
2026-08-28T03:03:32Z,5.44,5.63,70.92,14.02,3.2,7.33,0.2,0.77,,,,,,,,
2026-08-28T03:05:05Z,4.95,5.62,70.94,14.014,3.22,7.29,0.19,0.82,,,,,,,,
2026-08-28T03:06:38Z,4.44,5.83,70.92,14.116,2.63,7.29,0.22,0.85,,,,,,,,
2026-08-28T03:08:11Z,3.94,5.9,70.95,14.168,2.42,7.29,0.19,0.81,,,,,,,,
2026-08-28T03:09:43Z,3.44,5.94,70.93,14.187,2.57,7.3,0.2,0.96,,,,,,,,
2026-08-28T03:11:16Z,2.94,6.19,70.94,14.359,2.5,7.33,0.16,0.82,,,,,,,,
2026-08-28T03:12:48Z,2.44,6.45,71.02,14.621,2.56,7.4,0.17,1.04,,,,,,,,
2026-08-28T03:14:21Z,1.95,7.57,71.88,15.24,2.6,8.14,0.16,0.69,,,,,,,,
2026-08-28T03:15:54Z,1.46,7.98,71.94,16.714,2.61,8.6,0.19,0.67,,,,,,,,
2026-08-28T03:17:27Z,0.95,7.99,71.86,17.137,2.37,8.63,0.23,0.8,,,,,,,,
2026-08-28T07:02:02Z,6.02,5.99,70.93,14.084,2.6,7.47,0.2,0.75,,,,,,,,
2026-08-28T07:03:35Z,5.48,5.94,70.96,14.056,2.72,7.37,0.22,0.88,,,,,,,,
2026-08-28T07:05:08Z,4.97,5.94,70.98,14.054,2.65,7.34,0.18,0.72,,,,,,,,
2026-08-28T07:06:41Z,4.46,6.01,70.97,14.086,2.67,7.33,0.19,0.82,,,,,,,,
2026-08-28T07:08:14Z,3.95,6.02,70.97,14.09,2.59,7.33,0.17,0.73,,,,,,,,
2026-08-28T07:09:47Z,3.47,6.21,70.95,14.205,2.4,7.35,0.17,0.75,,,,,,,,
2026-08-28T07:11:20Z,2.95,6.18,70.94,14.223,2.49,7.35,0.15,0.71,,,,,,,,
2026-08-28T07:12:53Z,2.45,7.11,71.27,15.347,2.31,7.68,0.17,0.78,,,,,,,,
2026-08-28T07:14:26Z,1.98,7.59,71.47,15.829,2.19,8.08,0.16,0.72,,,,,,,,
2026-08-28T07:15:59Z,1.47,8.05,71.74,16.833,2.52,8.69,0.24,0.64,,,,,,,,
2026-08-28T07:17:32Z,0.98,8.15,71.74,16.869,2.46,8.74,0.29,0.71,,,,,,,,
2026-08-28T11:02:06Z,6.11,5.77,70.94,14.015,2.81,7.43,0.26,0.88,,,,,,,,
2026-08-28T11:03:40Z,5.51,5.77,71.01,13.986,2.67,7.34,0.16,0.82,,,,,,,,
2026-08-28T11:05:13Z,4.98,5.77,71.01,13.991,2.87,7.3,0.23,0.86,,,,,,,,
2026-08-28T11:06:46Z,4.48,5.82,71.03,14.022,2.8,7.29,0.16,0.8,,,,,,,,
2026-08-28T11:08:19Z,4,5.84,71.04,14.047,2.61,7.28,0.18,0.85,,,,,,,,
2026-08-28T11:09:52Z,3.47,6.07,70.99,14.12,2.4,7.31,0.19,0.87,,,,,,,,
2026-08-28T11:11:25Z,2.97,6.37,70.97,14.274,2.42,7.37,0.17,0.66,,,,,,,,
2026-08-28T11:12:58Z,2.47,7.16,71.39,15.544,2.19,7.7,0.14,0.68,,,,,,,,
2026-08-28T11:14:31Z,1.97,7.82,71.73,16.474,2.37,8.48,0.27,0.85,,,,,,,,
2026-08-28T11:16:04Z,1.48,7.81,71.61,16.612,2.58,8.52,0.29,0.61,,,,,,,,
2026-08-28T11:17:37Z,0.97,7.82,71.62,16.63,2.53,8.54,0.28,0.56,,,,,,,,
2026-08-28T15:02:06Z,6.08,5.67,70.94,14.008,2.69,7.41,0.14,0.69,,,,,,,,
2026-08-28T15:03:43Z,5.42,5.66,71.03,13.99,2.44,7.32,0.15,0.58,,,,,,,,
2026-08-28T15:05:16Z,4.96,5.67,71.05,13.979,2.73,7.28,0.15,0.64,,,,,,,,
2026-08-28T15:06:49Z,4.48,5.66,71.07,13.995,2.73,7.26,0.15,0.63,,,,,,,,
2026-08-28T15:08:22Z,3.97,5.66,71.07,14.021,2.64,7.25,0.18,0.77,,,,,,,,
2026-08-28T15:09:55Z,3.47,5.79,71.08,14.094,2.61,7.26,0.13,0.54,,,,,,,,
2026-08-28T15:11:28Z,2.97,5.97,71.07,14.247,2.47,7.29,0.16,0.63,,,,,,,,
2026-08-28T15:13:01Z,2.48,7.41,71.84,15.817,2.74,8.15,0.27,0.72,,,,,,,,
2026-08-28T15:14:34Z,1.97,7.65,71.55,16.221,2.42,8.39,0.19,0.5,,,,,,,,
2026-08-28T15:16:07Z,1.47,7.66,71.51,16.235,2.54,8.39,0.26,0.65,,,,,,,,
2026-08-28T15:17:40Z,0.95,7.67,71.5,16.245,2.51,8.4,0.25,0.61,,,,,,,,
2026-08-28T19:01:58Z,6.09,5.57,71.03,13.978,3.11,7.38,0.14,0.4,,,,,,,,
2026-08-28T19:03:31Z,5.41,5.53,71.1,13.954,3.05,7.27,0.11,0.43,,,,,,,,
2026-08-28T19:05:03Z,4.92,5.57,71.1,13.966,3.04,7.24,0.15,0.45,,,,,,,,
2026-08-28T19:06:35Z,4.39,5.59,71.1,13.978,2.74,7.23,0.14,0.53,,,,,,,,
2026-08-28T19:08:07Z,3.87,5.62,71.1,13.996,2.64,7.19,0.17,0.59,,,,,,,,
2026-08-28T19:09:39Z,3.41,5.8,71.04,14.082,2.56,7.24,0.24,0.79,,,,,,,,
2026-08-28T19:11:11Z,2.9,5.94,71.15,14.272,2.42,7.28,0.2,0.73,,,,,,,,
2026-08-28T19:12:43Z,2.4,7.2,71.32,15.602,2.27,7.84,0.2,0.73,,,,,,,,
2026-08-28T19:14:15Z,1.9,7.86,71.62,16.353,2.38,8.53,0.21,0.7,,,,,,,,
2026-08-28T19:15:47Z,1.41,7.86,71.61,16.714,2.44,8.52,0.21,0.57,,,,,,,,
2026-08-28T19:17:19Z,0.92,7.85,71.58,16.794,2.39,8.52,0.21,0.62,,,,,,,,
2026-08-28T23:01:58Z,6.08,5.75,71.04,14.071,2.77,7.39,0.13,0.57,,,,,,,,
2026-08-28T23:03:31Z,5.41,5.81,71.08,14.13,2.66,7.34,0.16,0.65,,,,,,,,
2026-08-28T23:05:03Z,4.93,5.8,71.09,14.119,2.73,7.31,0.21,0.61,,,,,,,,
2026-08-28T23:06:35Z,4.42,5.85,71.08,14.158,2.56,7.3,0.18,0.61,,,,,,,,
2026-08-28T23:08:07Z,3.95,5.89,71.1,14.194,2.57,7.3,0.16,0.6,,,,,,,,
2026-08-28T23:09:39Z,3.41,5.99,71.14,14.257,2.62,7.31,0.17,0.67,,,,,,,,
2026-08-28T23:11:11Z,2.93,6.41,71.52,14.864,2.53,7.41,0.18,0.7,,,,,,,,
2026-08-28T23:12:43Z,2.42,7.43,71.44,16.169,2.4,8.05,0.22,0.68,,,,,,,,
2026-08-28T23:14:15Z,1.92,7.72,71.53,16.666,2.3,8.4,0.19,0.62,,,,,,,,
2026-08-28T23:15:47Z,1.41,7.85,71.63,16.839,2.43,8.52,0.24,0.56,,,,,,,,
2026-08-28T23:17:19Z,0.93,7.88,71.64,16.884,2.31,8.54,0.23,0.61,,,,,,,,
2026-08-29T03:02:03Z,6.1,5.82,71,14.111,2.82,7.4,0.19,0.77,,,,,,,,
2026-08-29T03:03:36Z,5.48,5.81,71.07,14.088,2.94,7.32,0.18,0.76,,,,,,,,
2026-08-29T03:05:09Z,4.95,5.83,71.08,14.093,2.85,7.29,0.23,0.81,,,,,,,,
2026-08-29T03:06:42Z,4.45,5.92,71.08,14.129,2.69,7.28,0.19,0.85,,,,,,,,
2026-08-29T03:08:15Z,3.95,6.17,71.08,14.339,2.4,7.32,0.18,0.72,,,,,,,,
2026-08-29T03:09:48Z,3.44,6.2,71.14,14.44,2.42,7.33,0.18,0.68,,,,,,,,
2026-08-29T03:11:21Z,2.97,6.99,71.32,15.435,2.4,7.63,0.17,0.66,,,,,,,,
2026-08-29T03:12:54Z,2.46,7.24,71.29,15.69,2.3,7.88,0.18,0.62,,,,,,,,
2026-08-29T03:14:27Z,1.95,7.67,71.42,16.326,2.32,8.25,0.21,0.64,,,,,,,,
2026-08-29T03:16:00Z,1.48,7.62,71.41,16.383,2.33,8.25,0.17,0.7,,,,,,,,
2026-08-29T03:17:33Z,0.96,7.87,71.61,16.622,2.56,8.55,0.28,0.77,,,,,,,,
2026-08-29T07:02:06Z,6.1,5.59,71.07,14.161,2.67,7.39,0.15,0.89,,,,,,,,
2026-08-29T07:03:43Z,5.42,5.63,71.08,14.033,2.91,7.3,0.21,0.89,,,,,,,,
2026-08-29T07:05:16Z,4.96,5.66,71.11,14.03,2.77,7.27,0.24,0.93,,,,,,,,
2026-08-29T07:06:49Z,4.46,5.75,71.19,14.124,2.53,7.28,0.18,0.84,,,,,,,,
2026-08-29T07:08:22Z,3.98,5.81,71.2,14.192,2.5,7.28,0.15,0.73,,,,,,,,
2026-08-29T07:09:55Z,3.48,6.07,71.15,14.287,2.59,7.32,0.27,0.73,,,,,,,,
2026-08-29T07:11:28Z,2.98,6.51,71.05,14.541,2.45,7.42,0.15,0.63,,,,,,,,
2026-08-29T07:13:01Z,2.46,6.6,71.54,15.131,2.57,7.48,0.18,0.62,,,,,,,,
2026-08-29T07:14:34Z,1.97,7.63,71.67,16.18,2.2,8.28,0.29,0.65,,,,,,,,
2026-08-29T07:16:07Z,1.48,7.66,71.53,16.286,2.36,8.36,0.25,0.67,,,,,,,,
2026-08-29T07:17:40Z,0.98,7.66,71.49,16.319,2.06,8.37,0.25,0.61,,,,,,,,
2026-08-29T11:02:06Z,6.09,5.44,71.15,13.993,3.09,7.34,0.18,0.82,,,,,,,,
2026-08-29T11:03:40Z,5.51,5.44,71.18,13.969,3.07,7.26,0.2,0.86,,,,,,,,
2026-08-29T11:05:13Z,4.98,5.49,71.21,14.009,2.75,7.23,0.21,0.86,,,,,,,,
2026-08-29T11:06:46Z,4.49,5.52,71.21,14.028,2.63,7.22,0.2,0.77,,,,,,,,
2026-08-29T11:08:19Z,3.98,5.75,71.19,14.21,2.52,7.26,0.19,0.65,,,,,,,,
2026-08-29T11:09:52Z,3.46,5.9,71.23,14.355,2.42,7.29,0.19,0.77,,,,,,,,
2026-08-29T11:11:25Z,2.98,6.15,71.17,14.491,2.46,7.33,0.18,0.72,,,,,,,,
2026-08-29T11:12:58Z,2.48,6.6,71.33,15.146,2.33,7.47,0.16,0.68,,,,,,,,
2026-08-29T11:14:31Z,1.99,7.44,71.6,15.939,2.24,8.07,0.22,0.64,,,,,,,,
2026-08-29T11:16:04Z,1.5,7.54,71.47,16.042,2.48,8.23,0.23,0.77,,,,,,,,
2026-08-29T11:17:37Z,0.96,7.55,71.46,16.064,2.29,8.25,0.21,0.91,,,,,,,,
2026-08-29T15:02:07Z,6.09,5.4,71.14,14.068,3.34,7.33,0.13,0.55,,,,,,,,
2026-08-29T15:03:44Z,5.43,5.4,71.2,14.012,2.72,7.26,0.11,0.53,,,,,,,,
2026-08-29T15:05:17Z,4.96,5.43,71.24,13.992,2.86,7.23,0.14,0.53,,,,,,,,
2026-08-29T15:06:50Z,4.5,5.48,71.21,14.024,2.52,7.23,0.16,0.58,,,,,,,,
2026-08-29T15:08:23Z,3.97,5.67,71.2,14.173,2.53,7.25,0.17,0.61,,,,,,,,
2026-08-29T15:09:56Z,3.48,5.84,71.21,14.309,2.45,7.28,0.16,0.64,,,,,,,,
2026-08-29T15:11:29Z,2.97,6.14,71.31,14.627,2.44,7.34,0.2,0.74,,,,,,,,
2026-08-29T15:13:02Z,2.48,6.45,71.42,15.05,2.41,7.43,0.18,0.81,,,,,,,,
2026-08-29T15:14:35Z,1.98,7.31,71.57,15.659,2.44,7.97,0.27,0.68,,,,,,,,
2026-08-29T15:16:08Z,1.48,7.46,71.45,15.815,2.34,8.14,0.21,0.8,,,,,,,,
2026-08-29T15:17:41Z,0.98,7.5,71.41,15.84,2.42,8.17,0.23,0.68,,,,,,,,
2026-08-29T19:01:59Z,6.06,5.37,71.22,14.011,3.21,7.32,0.08,0.36,,,,,,,,
2026-08-29T19:03:32Z,5.4,5.49,71.21,14.05,2.66,7.25,0.13,0.45,,,,,,,,
2026-08-29T19:05:04Z,4.92,5.59,71.2,14.094,2.71,7.22,0.12,0.46,,,,,,,,
2026-08-29T19:06:36Z,4.4,5.68,71.18,14.138,2.5,7.23,0.17,0.55,,,,,,,,
2026-08-29T19:08:08Z,3.91,5.93,71.07,14.246,2.38,7.27,0.18,0.71,,,,,,,,
2026-08-29T19:09:40Z,3.39,5.97,71.09,14.3,2.4,7.27,0.18,0.69,,,,,,,,
2026-08-29T19:11:12Z,2.91,7.01,71.2,15.425,2.45,7.68,0.22,0.8,,,,,,,,
2026-08-29T19:12:44Z,2.4,7.54,71.42,15.929,2.34,8.16,0.23,0.71,,,,,,,,
2026-08-29T19:14:16Z,1.91,7.6,71.45,15.976,2.43,8.22,0.26,0.74,,,,,,,,
2026-08-29T19:15:48Z,1.42,7.67,71.47,16.044,2.27,8.28,0.22,0.7,,,,,,,,
2026-08-29T19:17:20Z,0.89,7.68,71.47,16.048,2.3,8.29,0.23,0.67,,,,,,,,
2026-08-29T23:01:59Z,6.09,5.7,71.14,14.227,3.54,7.36,0.18,0.58,,,,,,,,
2026-08-29T23:03:32Z,5.42,5.69,71.18,14.222,3.21,7.28,0.17,0.57,,,,,,,,
2026-08-29T23:05:04Z,4.91,5.7,71.18,14.234,3.18,7.26,0.18,0.6,,,,,,,,
2026-08-29T23:06:36Z,4.43,5.75,71.2,14.277,3.27,7.26,0.15,0.59,,,,,,,,
2026-08-29T23:08:08Z,3.92,6.04,71.37,14.683,2.65,7.3,0.14,0.62,,,,,,,,
2026-08-29T23:09:40Z,3.42,7.61,71.42,15.893,2.34,8.24,0.18,0.61,,,,,,,,
2026-08-29T23:11:12Z,2.92,7.65,71.4,15.91,2.39,8.28,0.2,0.54,,,,,,,,
2026-08-29T23:12:44Z,2.44,7.68,71.4,15.943,2.39,8.29,0.19,0.58,,,,,,,,
2026-08-29T23:14:16Z,1.92,7.7,71.4,15.953,2.41,8.29,0.18,0.62,,,,,,,,
2026-08-29T23:15:48Z,1.42,7.7,71.4,15.97,2.39,8.29,0.18,0.67,,,,,,,,
2026-08-29T23:17:20Z,0.92,7.72,71.4,15.998,2.33,8.3,0.2,0.58,,,,,,,,
2026-08-30T03:02:01Z,6.06,6.17,71.24,14.648,3.11,7.47,0.19,0.79,,,,,,,,
2026-08-30T03:03:34Z,5.46,6.18,71.24,14.644,2.94,7.43,0.2,0.83,,,,,,,,
2026-08-30T03:05:07Z,4.94,6.46,71.25,14.869,2.82,7.47,0.19,0.74,,,,,,,,
2026-08-30T03:06:40Z,4.46,6.54,71.26,14.953,2.73,7.5,0.22,0.68,,,,,,,,
2026-08-30T03:08:13Z,3.98,6.58,71.23,14.966,2.78,7.51,0.22,0.85,,,,,,,,
2026-08-30T03:09:46Z,3.45,6.98,71.29,15.2,2.67,7.68,0.2,0.75,,,,,,,,
2026-08-30T03:11:19Z,2.96,7.06,71.17,15.208,2.54,7.72,0.19,0.7,,,,,,,,
2026-08-30T03:12:52Z,2.44,7.27,71.08,15.367,2.51,7.87,0.21,0.78,,,,,,,,
2026-08-30T03:14:25Z,1.96,7.47,71.33,15.608,2.48,8.03,0.2,0.67,,,,,,,,
2026-08-30T03:15:58Z,1.47,7.55,71.37,15.702,2.49,8.13,0.18,0.68,,,,,,,,
2026-08-30T03:17:31Z,0.95,7.6,71.37,15.786,2.26,8.18,0.23,0.7,,,,,,,,
2026-08-30T07:02:06Z,6.1,5.84,71.19,14.475,3.19,7.4,0.18,0.92,,,,,,,,
2026-08-30T07:03:40Z,5.48,5.85,71.21,14.448,3.03,7.33,0.22,0.94,,,,,,,,
2026-08-30T07:05:13Z,4.98,5.88,71.24,14.468,2.84,7.32,0.2,0.84,,,,,,,,
2026-08-30T07:06:46Z,4.48,5.98,71.25,14.526,2.76,7.33,0.21,0.86,,,,,,,,
2026-08-30T07:08:19Z,3.98,6.39,71.33,14.868,2.5,7.42,0.18,0.86,,,,,,,,
2026-08-30T07:09:52Z,3.46,7.06,71.33,15.253,2.26,7.66,0.19,0.7,,,,,,,,
2026-08-30T07:11:25Z,2.97,7.33,71.31,15.438,2.29,7.88,0.21,0.67,,,,,,,,
2026-08-30T07:12:58Z,2.48,7.42,71.32,15.52,2.35,8,0.26,0.68,,,,,,,,
2026-08-30T07:14:31Z,1.98,7.44,71.32,15.531,2.39,8.03,0.24,0.66,,,,,,,,
2026-08-30T07:16:04Z,1.5,7.45,71.31,15.532,2.46,8.03,0.18,0.67,,,,,,,,
2026-08-30T07:17:37Z,0.96,7.45,71.31,15.535,2.43,8.04,0.22,0.71,,,,,,,,
2026-08-30T11:02:06Z,6.08,5.67,71.23,14.333,3.26,7.36,0.24,1.06,,,,,,,,
2026-08-30T11:03:40Z,5.5,5.66,71.27,14.341,2.95,7.29,0.23,0.89,,,,,,,,
2026-08-30T11:05:13Z,4.98,5.74,71.28,14.365,2.83,7.28,0.21,0.98,,,,,,,,
2026-08-30T11:06:46Z,4.49,5.83,71.28,14.425,2.76,7.29,0.21,0.87,,,,,,,,
2026-08-30T11:08:19Z,4,5.89,71.28,14.498,2.66,7.29,0.19,0.76,,,,,,,,
2026-08-30T11:09:52Z,3.47,5.95,71.33,14.623,2.74,7.31,0.2,0.86,,,,,,,,
2026-08-30T11:11:25Z,2.97,7.22,71.34,15.282,2.76,7.75,0.21,0.63,,,,,,,,
2026-08-30T11:12:58Z,2.48,7.33,71.31,15.321,2.39,7.9,0.21,0.75,,,,,,,,
2026-08-30T11:14:31Z,1.97,7.34,71.29,15.336,2.26,7.93,0.23,0.68,,,,,,,,
2026-08-30T11:16:04Z,1.48,7.35,71.29,15.335,2.37,7.94,0.2,0.69,,,,,,,,
2026-08-30T11:17:37Z,0.98,7.35,71.28,15.335,2.39,7.94,0.21,0.76,,,,,,,,
2026-08-30T15:02:06Z,6.1,5.6,71.25,14.247,3.23,7.34,0.15,0.59,,,,,,,,
2026-08-30T15:03:40Z,5.49,5.68,71.26,14.28,2.98,7.28,0.16,0.6,,,,,,,,
2026-08-30T15:05:13Z,4.98,5.72,71.25,14.286,2.75,7.27,0.16,0.64,,,,,,,,
2026-08-30T15:06:46Z,4.47,5.82,71.22,14.324,2.7,7.28,0.22,0.75,,,,,,,,
2026-08-30T15:08:19Z,4,6.09,71.23,14.45,2.51,7.32,0.18,0.77,,,,,,,,
2026-08-30T15:09:52Z,3.47,6.18,71.21,14.547,2.48,7.35,0.19,0.87,,,,,,,,
2026-08-30T15:11:25Z,2.97,6.5,71.32,14.82,2.31,7.45,0.2,0.89,,,,,,,,
2026-08-30T15:12:58Z,2.47,7.23,71.31,15.169,2.42,7.82,0.25,1.02,,,,,,,,
2026-08-30T15:14:31Z,1.98,7.31,71.27,15.192,2.23,7.9,0.26,0.82,,,,,,,,
2026-08-30T15:16:04Z,1.49,7.3,71.27,15.21,2.35,7.91,0.22,0.83,,,,,,,,
2026-08-30T15:17:37Z,0.97,7.29,71.27,15.223,2.37,7.9,0.22,0.8,,,,,,,,
2026-08-30T19:01:59Z,6.05,5.53,71.32,14.216,3.58,7.32,0.11,0.45,,,,,,,,
2026-08-30T19:03:32Z,5.41,5.72,71.24,14.257,2.98,7.28,0.14,0.5,,,,,,,,
2026-08-30T19:05:04Z,4.92,5.76,71.22,14.268,3.09,7.27,0.15,0.51,,,,,,,,
2026-08-30T19:06:36Z,4.41,5.79,71.23,14.284,2.84,7.27,0.14,0.48,,,,,,,,
2026-08-30T19:08:08Z,3.94,5.94,71.23,14.35,2.65,7.28,0.14,0.62,,,,,,,,
2026-08-30T19:09:41Z,3.4,6.34,71.25,14.635,2.54,7.37,0.21,0.79,,,,,,,,
2026-08-30T19:11:13Z,2.92,6.84,71.28,14.984,2.37,7.57,0.24,0.79,,,,,,,,
2026-08-30T19:12:45Z,2.39,7.29,71.31,15.199,2.32,7.85,0.22,0.81,,,,,,,,
2026-08-30T19:14:17Z,1.94,7.39,71.3,15.29,2.36,7.94,0.24,0.75,,,,,,,,
2026-08-30T19:15:50Z,1.42,7.41,71.29,15.448,2.31,7.96,0.2,0.64,,,,,,,,
2026-08-30T19:17:22Z,0.9,7.43,71.27,15.46,2.34,7.97,0.19,0.62,,,,,,,,
2026-08-30T23:01:59Z,6.04,5.65,71.25,14.215,3.14,7.31,0.1,0.47,,,,,,,,
2026-08-30T23:03:32Z,5.42,5.75,71.24,14.231,2.94,7.28,0.14,0.5,,,,,,,,
2026-08-30T23:05:04Z,4.92,5.79,71.22,14.244,3.05,7.27,0.16,0.66,,,,,,,,
2026-08-30T23:06:36Z,4.43,5.86,71.23,14.288,2.76,7.28,0.14,0.63,,,,,,,,
2026-08-30T23:08:08Z,3.94,6.05,71.19,14.383,2.76,7.31,0.19,0.7,,,,,,,,
2026-08-30T23:09:40Z,3.42,6.31,71.26,14.678,2.4,7.38,0.19,0.75,,,,,,,,
2026-08-30T23:11:12Z,2.94,6.67,71.23,14.821,2.46,7.5,0.2,0.77,,,,,,,,
2026-08-30T23:12:44Z,2.44,7.41,71.24,15.24,2.37,7.95,0.21,0.65,,,,,,,,
2026-08-30T23:14:17Z,1.92,7.47,71.22,15.279,2.24,8,0.24,0.74,,,,,,,,
2026-08-30T23:15:49Z,1.44,7.47,71.24,15.309,2.28,8.01,0.23,0.74,,,,,,,,
2026-08-30T23:17:21Z,0.9,7.47,71.23,15.341,2.27,8.01,0.23,0.78,,,,,,,,
2026-08-31T03:02:04Z,6.12,5.55,71.24,14.138,3.98,7.32,0.2,0.71,,,,,,,,
2026-08-31T03:03:38Z,5.47,5.65,71.21,14.212,3.2,7.27,0.23,1.14,,,,,,,,
2026-08-31T03:05:11Z,4.93,5.73,71.21,14.24,3.2,7.27,0.3,0.95,,,,,,,,
2026-08-31T03:06:44Z,4.44,5.65,71.22,14.256,3.04,7.25,0.2,0.91,,,,,,,,
2026-08-31T03:08:17Z,3.95,5.75,71.23,14.283,2.79,7.26,0.18,0.85,,,,,,,,
2026-08-31T03:09:50Z,3.44,5.92,71.53,14.535,3.17,7.3,0.15,0.84,,,,,,,,
2026-08-31T03:11:23Z,2.97,6.8,71.3,15.004,2.25,7.55,0.2,0.7,,,,,,,,
2026-08-31T03:12:56Z,2.44,7.39,71.29,15.319,2.51,7.95,0.21,0.66,,,,,,,,
2026-08-31T03:14:29Z,1.94,7.46,71.29,15.334,2.07,8.01,0.2,0.78,,,,,,,,
2026-08-31T03:16:02Z,1.47,7.47,71.28,15.339,2.11,8.03,0.21,0.67,,,,,,,,
2026-08-31T03:17:35Z,0.94,7.48,71.28,15.338,2.38,8.03,0.22,0.83,,,,,,,,
2026-08-31T07:02:06Z,6.1,5.59,71.2,14.112,4.12,7.33,0.24,0.97,,,,,,,,
2026-08-31T07:03:40Z,5.51,5.55,71.17,14.105,3.15,7.26,0.31,0.84,,,,,,,,
2026-08-31T07:05:13Z,4.97,5.59,71.21,14.121,3.1,7.24,0.22,0.87,,,,,,,,
2026-08-31T07:06:46Z,4.45,5.61,71.24,14.194,2.96,7.23,0.24,0.97,,,,,,,,
2026-08-31T07:08:19Z,3.98,5.71,71.24,14.279,2.68,7.24,0.2,0.92,,,,,,,,
2026-08-31T07:09:52Z,3.48,6.81,71.35,14.773,2.46,7.45,0.21,0.75,,,,,,,,
2026-08-31T07:11:25Z,3,7.19,71.26,15.1,2.36,7.75,0.2,0.61,,,,,,,,
2026-08-31T07:12:58Z,2.47,7.3,71.26,15.118,2.33,7.88,0.19,0.62,,,,,,,,
2026-08-31T07:14:31Z,1.98,7.32,71.25,15.119,2.14,7.9,0.18,0.63,,,,,,,,
2026-08-31T07:16:04Z,1.5,7.36,71.25,15.11,2.52,7.93,0.16,0.74,,,,,,,,
2026-08-31T07:17:37Z,0.97,7.36,71.26,15.126,2.28,7.94,0.2,0.76,,,,,,,,
2026-08-31T11:02:07Z,6.06,5.51,71.05,13.943,3.1,7.32,0.23,0.96,,,,,,,,
2026-08-31T11:03:40Z,5.51,5.54,71.13,13.89,3.31,7.25,0.24,0.98,,,,,,,,
2026-08-31T11:05:13Z,4.98,5.61,71.19,13.958,2.81,7.24,0.15,0.86,,,,,,,,
2026-08-31T11:06:46Z,4.49,5.61,71.18,13.998,2.89,7.24,0.22,0.86,,,,,,,,
2026-08-31T11:08:19Z,3.99,5.67,71.2,14.102,2.87,7.24,0.23,0.98,,,,,,,,
2026-08-31T11:09:52Z,3.48,5.89,71.36,14.408,2.85,7.3,0.19,0.91,,,,,,,,
2026-08-31T11:11:25Z,2.98,6.99,71.3,14.812,2.34,7.64,0.22,0.84,,,,,,,,
2026-08-31T11:12:58Z,2.48,7.21,71.27,14.947,2.33,7.83,0.22,0.68,,,,,,,,
2026-08-31T11:14:31Z,1.98,7.23,71.26,14.975,2.54,7.87,0.18,0.75,,,,,,,,
2026-08-31T11:16:04Z,1.5,7.24,71.26,14.981,2.44,7.88,0.18,0.65,,,,,,,,
2026-08-31T11:17:37Z,0.97,7.25,71.25,14.984,2.21,7.89,0.19,0.76,,,,,,,,
2026-08-31T15:02:06Z,6.06,5.43,71.04,13.754,3.52,7.29,0.15,0.75,,,,,,,,
2026-08-31T15:03:39Z,5.5,5.45,71.09,13.713,3.35,7.23,0.18,0.65,,,,,,,,
2026-08-31T15:05:12Z,4.99,5.52,71.11,13.771,2.86,7.22,0.16,0.71,,,,,,,,
2026-08-31T15:06:45Z,4.46,5.64,71.12,13.874,2.74,7.24,0.21,0.86,,,,,,,,
2026-08-31T15:08:18Z,3.98,5.75,71.24,14.11,2.68,7.25,0.23,1.01,,,,,,,,
2026-08-31T15:09:51Z,3.48,6.29,71.2,14.403,2.62,7.37,0.19,0.93,,,,,,,,
2026-08-31T15:11:24Z,2.97,6.77,71.19,14.611,2.38,7.54,0.24,0.88,,,,,,,,
2026-08-31T15:12:57Z,2.45,7.16,71.23,14.77,2.15,7.75,0.2,0.81,,,,,,,,
2026-08-31T15:14:30Z,1.98,7.23,71.25,14.846,2.37,7.84,0.22,0.74,,,,,,,,
2026-08-31T15:16:03Z,1.48,7.24,71.25,14.878,2.25,7.87,0.19,0.81,,,,,,,,
2026-08-31T15:17:36Z,0.97,7.26,71.24,14.878,2.44,7.89,0.23,0.73,,,,,,,,
2026-08-31T19:01:59Z,6.06,5.5,70.99,13.664,3.32,7.3,0.14,0.49,,,,,,,,
2026-08-31T19:03:32Z,5.39,5.61,71.05,13.706,2.76,7.24,0.17,0.65,,,,,,,,
2026-08-31T19:05:04Z,4.89,5.67,71.02,13.73,2.78,7.24,0.2,0.6,,,,,,,,
2026-08-31T19:06:36Z,4.41,5.73,71.03,13.758,2.82,7.24,0.18,0.76,,,,,,,,
2026-08-31T19:08:08Z,3.92,5.97,71.02,13.866,2.64,7.28,0.22,0.74,,,,,,,,
2026-08-31T19:09:40Z,3.4,6.22,71.07,14.193,2.53,7.31,0.22,0.92,,,,,,,,
2026-08-31T19:11:12Z,2.93,6.87,71.1,14.55,2.28,7.54,0.22,0.78,,,,,,,,
2026-08-31T19:12:44Z,2.41,7.07,71.08,14.634,2.25,7.66,0.21,0.68,,,,,,,,
2026-08-31T19:14:16Z,1.93,7.21,71.11,14.713,2.32,7.75,0.22,0.67,,,,,,,,
2026-08-31T19:15:48Z,1.4,7.29,71.11,14.758,2.46,7.81,0.23,0.71,,,,,,,,
2026-08-31T19:17:20Z,0.9,7.39,71.14,14.835,2.33,7.88,0.19,0.7,,,,,,,,
2026-08-31T23:01:58Z,6.07,5.56,70.95,13.63,3.23,7.31,0.14,0.66,,,,,,,,
2026-08-31T23:03:31Z,5.41,5.65,71,13.644,3.01,7.26,0.22,0.88,,,,,,,,
2026-08-31T23:05:03Z,4.92,5.75,71,13.674,2.87,7.25,0.24,0.88,,,,,,,,
2026-08-31T23:06:35Z,4.43,5.86,71.01,13.721,2.91,7.26,0.21,0.88,,,,,,,,
2026-08-31T23:08:07Z,3.93,6.21,70.99,13.851,2.75,7.32,0.24,0.87,,,,,,,,
2026-08-31T23:09:39Z,3.41,6.51,71.01,14.286,2.4,7.4,0.21,0.88,,,,,,,,
2026-08-31T23:11:11Z,2.93,6.85,71.09,14.544,2.28,7.54,0.2,0.84,,,,,,,,
2026-08-31T23:12:43Z,2.41,7.22,71.08,14.681,2.12,7.73,0.21,0.79,,,,,,,,
2026-08-31T23:14:15Z,1.93,7.38,71.09,14.816,2.13,7.85,0.21,0.72,,,,,,,,
2026-08-31T23:15:47Z,1.42,7.52,71.13,14.967,2.27,7.98,0.2,0.52,,,,,,,,
2026-08-31T23:17:19Z,0.92,8.08,71.21,15.259,2.18,8.44,0.18,0.58,,,,,,,,
2026-09-01T03:02:04Z,6.11,5.57,71,13.644,3.12,7.33,0.25,1.18,,,,,,,,
2026-09-01T03:03:38Z,5.48,5.53,71.02,13.636,3.19,7.25,0.28,1.03,,,,,,,,
2026-09-01T03:05:11Z,4.96,5.57,71.02,13.676,2.89,7.24,0.23,0.99,,,,,,,,
2026-09-01T03:06:44Z,4.46,5.63,71.03,13.701,3.1,7.24,0.21,0.93,,,,,,,,
2026-09-01T03:08:17Z,3.98,5.7,71.02,13.753,2.73,7.24,0.19,0.98,,,,,,,,
2026-09-01T03:09:50Z,3.44,6.07,71.01,13.886,2.73,7.31,0.17,0.73,,,,,,,,
2026-09-01T03:11:23Z,2.97,7,71.32,14.514,2.34,7.55,0.16,0.76,,,,,,,,
2026-09-01T03:12:56Z,2.45,7.28,71.19,14.899,2.17,7.8,0.17,0.63,,,,,,,,
2026-09-01T03:14:29Z,1.95,7.49,71.15,15.154,2.16,7.98,0.18,0.66,,,,,,,,
2026-09-01T03:16:02Z,1.48,7.51,71.19,15.185,2.2,8,0.14,0.71,,,,,,,,
2026-09-01T03:17:35Z,0.94,7.54,71.18,15.239,2.37,8.03,0.18,0.75,,,,,,,,
2026-09-01T07:02:06Z,6.08,5.78,70.92,13.61,3.15,7.33,0.22,1.15,,,,,,,,
2026-09-01T07:03:40Z,5.48,5.76,70.96,13.619,2.96,7.28,0.25,0.99,,,,,,,,
2026-09-01T07:05:13Z,4.99,5.79,70.99,13.635,2.84,7.27,0.23,1.01,,,,,,,,
2026-09-01T07:06:46Z,4.5,5.85,70.98,13.677,2.77,7.27,0.22,0.98,,,,,,,,
2026-09-01T07:08:19Z,3.98,5.91,70.98,13.715,2.75,7.28,0.23,1.12,,,,,,,,
2026-09-01T07:09:52Z,3.46,6.38,71.05,14.031,2.45,7.36,0.19,0.79,,,,,,,,
2026-09-01T07:11:25Z,2.97,6.76,71.09,14.462,2.31,7.5,0.16,0.69,,,,,,,,
2026-09-01T07:12:58Z,2.48,7.01,71.12,14.744,2.11,7.63,0.17,0.78,,,,,,,,
2026-09-01T07:14:31Z,1.97,7.17,71.1,14.815,2.25,7.71,0.2,0.68,,,,,,,,
2026-09-01T07:16:04Z,1.5,7.35,71.11,14.914,2.14,7.84,0.18,0.78,,,,,,,,
2026-09-01T07:17:37Z,0.96,7.38,71.09,14.922,2.06,7.88,0.16,0.74,,,,,,,,
2026-09-01T11:02:07Z,6.1,5.47,70.9,13.581,3.28,7.29,0.24,1.19,,,,,,,,
2026-09-01T11:03:41Z,5.51,5.5,70.97,13.474,2.96,7.23,0.26,1.05,,,,,,,,
2026-09-01T11:05:14Z,4.96,5.55,70.98,13.489,2.94,7.22,0.25,1.03,,,,,,,,
2026-09-01T11:06:47Z,4.49,5.59,70.98,13.502,3,7.21,0.25,0.99,,,,,,,,
2026-09-01T11:08:20Z,3.98,5.67,71,13.584,2.66,7.22,0.25,1.08,,,,,,,,
2026-09-01T11:09:53Z,3.47,7.03,71.33,14.467,2.36,7.51,0.22,0.71,,,,,,,,
2026-09-01T11:11:26Z,2.97,7.21,71.11,14.704,2.34,7.71,0.19,0.66,,,,,,,,
2026-09-01T11:12:59Z,2.48,7.24,71.06,14.754,2.06,7.77,0.15,0.62,,,,,,,,
2026-09-01T11:14:32Z,2,7.26,71.05,14.761,1.96,7.78,0.19,0.69,,,,,,,,
2026-09-01T11:16:05Z,1.5,7.27,71.06,14.766,2.12,7.79,0.17,0.76,,,,,,,,
2026-09-01T11:17:38Z,0.97,7.27,71.06,14.767,2.22,7.79,0.16,0.8,,,,,,,,
2026-09-01T15:02:03Z,5.99,5.35,70.9,13.44,3.52,7.27,0.18,0.61,,,,,,,,
2026-09-01T15:03:36Z,5.47,5.31,70.94,13.404,3.09,7.2,0.17,0.68,,,,,,,,
2026-09-01T15:05:09Z,4.97,5.3,70.97,13.389,2.77,7.18,0.17,0.66,,,,,,,,
2026-09-01T15:06:42Z,4.46,5.35,70.99,13.418,2.89,7.17,0.17,0.73,,,,,,,,
2026-09-01T15:08:15Z,3.96,5.39,70.99,13.437,2.88,7.18,0.15,0.67,,,,,,,,
2026-09-01T15:09:48Z,3.48,6.42,71.09,14.165,2.33,7.36,0.2,0.74,,,,,,,,
2026-09-01T15:11:21Z,2.97,7.06,71.19,14.575,2.11,7.62,0.17,0.69,,,,,,,,
2026-09-01T15:12:54Z,2.48,7.2,71.1,14.674,2.22,7.74,0.15,0.62,,,,,,,,
2026-09-01T15:14:27Z,1.98,7.23,71.07,14.717,2.11,7.77,0.17,0.76,,,,,,,,
2026-09-01T15:16:00Z,1.48,7.25,71.05,14.735,2,7.78,0.21,0.71,,,,,,,,
2026-09-01T15:17:33Z,0.97,7.58,71.23,14.886,1.98,8.1,0.24,0.68,,,,,,,,
2026-09-01T19:01:59Z,6.06,5.31,70.93,13.415,3.6,7.3,0.14,0.44,,,,,,,,
2026-09-01T19:03:32Z,5.44,5.32,70.97,13.411,3.18,7.21,0.16,0.55,,,,,,,,
2026-09-01T19:05:04Z,4.92,5.38,71,13.442,2.68,7.19,0.19,0.57,,,,,,,,
2026-09-01T19:06:36Z,4.42,5.4,70.99,13.479,2.69,7.18,0.16,0.65,,,,,,,,
2026-09-01T19:08:08Z,3.92,5.58,70.96,13.566,2.7,7.2,0.2,0.79,,,,,,,,
2026-09-01T19:09:40Z,3.4,6.04,70.95,13.933,2.47,7.28,0.19,0.83,,,,,,,,
2026-09-01T19:11:12Z,2.93,7.39,71.04,14.884,2.02,7.85,0.24,0.76,,,,,,,,
2026-09-01T19:12:44Z,2.42,7.6,71.2,15.248,2.06,8.08,0.2,0.81,,,,,,,,
2026-09-01T19:14:16Z,1.92,7.63,71.19,15.256,2.01,8.1,0.2,0.77,,,,,,,,
2026-09-01T19:15:48Z,1.42,7.64,71.19,15.268,1.99,8.12,0.19,0.72,,,,,,,,
2026-09-01T19:17:20Z,0.9,7.64,71.19,15.283,2.08,8.12,0.19,0.73,,,,,,,,
2026-09-01T23:01:59Z,6.07,5.55,70.93,13.501,2.97,7.31,0.15,0.63,,,,,,,,
2026-09-01T23:03:32Z,5.43,5.51,70.93,13.51,2.96,7.23,0.18,0.66,,,,,,,,
2026-09-01T23:05:04Z,4.9,5.56,70.97,13.547,2.98,7.21,0.22,0.72,,,,,,,,
2026-09-01T23:06:36Z,4.42,5.75,71.13,13.76,2.66,7.23,0.19,0.82,,,,,,,,
2026-09-01T23:08:08Z,3.92,6.21,71.07,13.992,2.57,7.32,0.2,0.82,,,,,,,,
2026-09-01T23:09:40Z,3.42,6.67,71.04,14.347,2.45,7.46,0.19,0.76,,,,,,,,
2026-09-01T23:11:12Z,2.92,7.11,71.12,14.742,2.19,7.64,0.15,0.71,,,,,,,,
2026-09-01T23:12:44Z,2.43,7.43,71.1,15.052,2.11,7.86,0.2,0.69,,,,,,,,
2026-09-01T23:14:16Z,1.91,7.56,71.15,15.235,2.16,7.98,0.22,0.78,,,,,,,,
2026-09-01T23:15:48Z,1.43,7.6,71.15,15.268,2.1,8.01,0.18,0.68,,,,,,,,
2026-09-01T23:17:20Z,0.92,7.8,71.26,15.645,2.06,8.22,0.17,0.69,,,,,,,,
2026-09-02T03:02:03Z,6.09,5.39,70.88,13.543,3.8,7.32,0.4,1.8,,,,,,,,
2026-09-02T03:03:37Z,5.45,5.45,70.95,13.515,3.07,7.24,0.25,1.14,,,,,,,,
2026-09-02T03:05:10Z,4.94,5.44,70.98,13.52,3.04,7.21,0.25,1.07,,,,,,,,
2026-09-02T03:06:43Z,4.42,5.53,70.99,13.569,2.96,7.22,0.22,1.05,,,,,,,,
2026-09-02T03:08:15Z,3.96,5.96,71.12,13.918,2.52,7.28,0.19,0.9,,,,,,,,
2026-09-02T03:09:48Z,3.44,7.16,72,14.897,2.59,7.68,0.14,0.67,,,,,,,,
2026-09-02T03:11:21Z,2.96,7.61,71.27,15.375,2.02,8.06,0.17,0.67,,,,,,,,
2026-09-02T03:12:54Z,2.44,7.66,71.25,15.427,2.11,8.12,0.16,0.77,,,,,,,,
2026-09-02T03:14:27Z,1.94,7.68,71.24,15.441,2.01,8.13,0.17,0.75,,,,,,,,
2026-09-02T03:16:00Z,1.44,7.68,71.24,15.448,2.08,8.13,0.16,0.69,,,,,,,,
2026-09-02T03:17:33Z,0.95,7.68,71.23,15.432,2.02,8.13,0.17,0.7,,,,,,,,
2026-09-02T07:02:02Z,6.02,5.39,70.86,13.585,3.08,7.32,0.31,1.54,,,,,,,,
2026-09-02T07:03:35Z,5.49,5.51,70.95,13.531,2.95,7.25,0.28,1.36,,,,,,,,
2026-09-02T07:05:08Z,4.96,5.47,70.94,13.543,2.96,7.22,0.3,1.35,,,,,,,,
2026-09-02T07:06:41Z,4.45,5.5,70.94,13.542,2.94,7.21,0.31,1.38,,,,,,,,
2026-09-02T07:08:14Z,3.96,5.81,71,13.731,2.76,7.25,0.23,0.98,,,,,,,,
2026-09-02T07:09:47Z,3.46,6.49,71.36,14.202,2.44,7.35,0.16,0.7,,,,,,,,
2026-09-02T07:11:20Z,2.96,7.41,71.37,15.13,2.03,7.91,0.17,0.6,,,,,,,,
2026-09-02T07:12:53Z,2.46,7.63,71.2,15.261,2.05,8.06,0.14,0.61,,,,,,,,
2026-09-02T07:14:26Z,1.98,7.63,71.19,15.269,2.27,8.07,0.14,0.67,,,,,,,,
2026-09-02T07:15:59Z,1.48,7.65,71.17,15.276,1.93,8.08,0.13,0.63,,,,,,,,
2026-09-02T07:17:32Z,0.97,7.65,71.17,15.279,1.95,8.08,0.16,0.7,,,,,,,,
2026-09-02T11:02:06Z,6.09,5.43,70.89,13.405,3.05,7.29,0.24,1.15,,,,,,,,
2026-09-02T11:03:40Z,5.5,5.39,70.91,13.398,3.08,7.22,0.23,1.03,,,,,,,,
2026-09-02T11:05:13Z,4.98,5.4,70.91,13.422,2.87,7.19,0.26,1.18,,,,,,,,
2026-09-02T11:06:46Z,4.48,5.5,70.93,13.464,2.79,7.2,0.25,1.03,,,,,,,,
2026-09-02T11:08:19Z,3.99,5.86,70.98,13.629,2.55,7.24,0.2,0.96,,,,,,,,
2026-09-02T11:09:52Z,3.48,6.55,71.13,14.066,2.37,7.38,0.22,0.95,,,,,,,,
2026-09-02T11:11:25Z,2.99,6.92,71.16,14.427,2.23,7.52,0.19,0.75,,,,,,,,
2026-09-02T11:12:58Z,2.48,7.4,71.26,14.902,2.02,7.84,0.32,0.64,,,,,,,,
2026-09-02T11:14:31Z,1.99,7.49,71.18,15.002,1.91,7.95,0.19,0.63,,,,,,,,
2026-09-02T11:16:04Z,1.51,7.52,71.16,15.015,2.13,7.98,0.18,0.6,,,,,,,,
2026-09-02T11:17:37Z,0.96,7.53,71.15,15.019,2.12,7.98,0.18,0.66,,,,,,,,
2026-09-02T15:02:06Z,6.08,5.25,70.88,13.431,3.55,7.27,0.21,0.91,,,,,,,,
2026-09-02T15:03:40Z,5.5,5.19,70.95,13.352,3.55,7.19,0.16,0.69,,,,,,,,
2026-09-02T15:05:13Z,4.98,5.33,70.97,13.407,2.87,7.18,0.21,0.75,,,,,,,,
2026-09-02T15:06:46Z,4.48,5.55,70.98,13.533,2.76,7.2,0.2,0.83,,,,,,,,
2026-09-02T15:08:19Z,3.99,5.78,70.95,13.684,2.48,7.24,0.2,0.76,,,,,,,,
2026-09-02T15:09:52Z,3.49,6,70.98,13.93,2.49,7.27,0.21,0.94,,,,,,,,
2026-09-02T15:11:25Z,3,7.21,71.2,14.481,2.06,7.64,0.23,0.85,,,,,,,,
2026-09-02T15:12:58Z,2.47,7.43,71.18,14.71,2.02,7.86,0.15,0.66,,,,,,,,
2026-09-02T15:14:31Z,1.98,7.47,71.13,14.746,2.08,7.91,0.17,0.86,,,,,,,,
2026-09-02T15:16:04Z,1.49,7.47,71.11,14.757,2.06,7.92,0.18,0.63,,,,,,,,
2026-09-02T15:17:37Z,0.96,7.49,71.11,14.763,2.15,7.92,0.19,0.77,,,,,,,,
2026-09-02T19:01:58Z,6.08,5.24,70.91,13.387,3.45,7.27,0.15,0.6,,,,,,,,
2026-09-02T19:03:31Z,5.4,5.23,70.94,13.379,3.36,7.19,0.19,0.62,,,,,,,,
2026-09-02T19:05:03Z,4.92,5.34,70.94,13.421,3.26,7.17,0.17,0.6,,,,,,,,
2026-09-02T19:06:35Z,4.42,5.53,70.93,13.517,2.86,7.19,0.2,0.78,,,,,,,,
2026-09-02T19:08:07Z,3.92,5.95,70.94,13.848,2.54,7.24,0.25,1.02,,,,,,,,
2026-09-02T19:09:39Z,3.42,6.33,71.05,14.127,2.39,7.31,0.22,0.89,,,,,,,,
2026-09-02T19:11:11Z,2.91,7.29,71.1,14.573,2.18,7.68,0.19,0.76,,,,,,,,
2026-09-02T19:12:43Z,2.38,7.52,71.13,14.754,2.03,7.89,0.18,0.72,,,,,,,,
2026-09-02T19:14:15Z,1.92,7.61,71.15,14.87,2.04,8.01,0.22,0.69,,,,,,,,
2026-09-02T19:15:47Z,1.43,7.62,71.17,15.047,2.04,8.02,0.15,0.68,,,,,,,,
2026-09-02T19:17:19Z,0.91,7.61,71.23,15.305,2,8,0.18,0.57,,,,,,,,
2026-09-02T23:01:58Z,6.07,5.36,70.89,13.456,3.89,7.22,0.25,1.09,,,,,,,,
2026-09-02T23:03:31Z,5.43,5.47,70.91,13.478,3.25,7.18,0.25,1.04,,,,,,,,
2026-09-02T23:05:03Z,4.9,5.58,70.91,13.527,3.04,7.17,0.22,0.95,,,,,,,,
2026-09-02T23:06:35Z,4.42,5.79,70.94,13.649,2.72,7.19,0.21,0.9,,,,,,,,
2026-09-02T23:08:07Z,3.93,6.11,71.58,14.42,2.69,7.26,0.18,0.69,,,,,,,,
2026-09-02T23:09:39Z,3.41,7.64,71.25,15.434,2.01,8,0.15,0.58,,,,,,,,
2026-09-02T23:11:11Z,2.93,7.6,71.26,15.567,1.88,7.99,0.14,0.61,,,,,,,,
2026-09-02T23:12:43Z,2.42,7.61,71.25,15.584,1.94,7.99,0.13,0.57,,,,,,,,
2026-09-02T23:14:15Z,1.89,7.61,71.25,15.633,1.97,8.01,0.14,0.58,,,,,,,,
2026-09-02T23:15:47Z,1.45,7.62,71.24,15.618,1.97,8.01,0.13,0.6,,,,,,,,
2026-09-02T23:17:19Z,0.9,7.64,71.26,15.662,1.96,8.01,0.13,0.63,,,,,,,,
2026-09-03T03:02:00Z,6.03,5.48,70.8,13.565,3.5,7.34,0.26,1.38,,,,,,,,
2026-09-03T03:03:33Z,5.45,5.66,70.88,13.598,2.96,7.27,0.3,1.36,,,,,,,,
2026-09-03T03:05:06Z,4.93,5.7,70.9,13.605,2.82,7.25,0.27,1.36,,,,,,,,
2026-09-03T03:06:38Z,4.44,5.83,70.92,13.664,2.61,7.26,0.24,1.16,,,,,,,,
2026-09-03T03:08:11Z,3.94,6.67,71.1,14.071,2.32,7.4,0.16,0.72,,,,,,,,
2026-09-03T03:09:44Z,3.43,7.62,71.37,14.943,1.94,7.88,0.13,0.62,,,,,,,,
2026-09-03T03:11:16Z,2.94,7.63,71.32,15.3,1.88,8.02,0.18,0.67,,,,,,,,
2026-09-03T03:12:48Z,2.45,7.67,71.29,15.416,1.99,8.08,0.13,0.7,,,,,,,,
2026-09-03T03:14:21Z,1.95,7.66,71.28,15.438,1.87,8.08,0.18,0.86,,,,,,,,
2026-09-03T03:15:54Z,1.46,7.68,71.24,15.462,2.03,8.09,0.17,0.71,,,,,,,,
2026-09-03T03:17:27Z,0.94,7.7,71.22,15.492,2.16,8.09,0.19,0.77,,,,,,,,
2026-09-03T07:02:05Z,6.08,5.51,70.91,13.54,3.23,7.31,0.29,1.4,,,,,,,,
2026-09-03T07:03:39Z,5.48,5.5,70.97,13.546,3.13,7.24,0.28,1.26,,,,,,,,
2026-09-03T07:05:12Z,4.95,5.54,70.96,13.542,3.18,7.22,0.26,1.16,,,,,,,,
2026-09-03T07:06:45Z,4.46,5.68,70.94,13.594,2.9,7.23,0.25,1.06,,,,,,,,
2026-09-03T07:08:18Z,3.98,5.79,71,13.654,2.75,7.25,0.21,1.04,,,,,,,,
2026-09-03T07:09:51Z,3.46,6.65,71.06,14.262,2.29,7.4,0.15,0.8,,,,,,,,
2026-09-03T07:11:24Z,2.96,7.5,71.38,15.08,1.91,7.89,0.14,0.74,,,,,,,,
2026-09-03T07:12:57Z,2.45,7.62,71.23,15.26,1.91,8.01,0.16,0.67,,,,,,,,
2026-09-03T07:14:30Z,1.96,7.65,71.2,15.295,1.98,8.05,0.16,0.67,,,,,,,,
2026-09-03T07:16:03Z,1.47,7.65,71.19,15.307,1.94,8.05,0.13,0.63,,,,,,,,
2026-09-03T07:17:36Z,0.96,7.66,71.19,15.31,1.89,8.05,0.19,0.73,,,,,,,,
2026-09-03T11:02:06Z,6.1,5.47,70.9,13.588,3.2,7.31,0.22,1.07,,,,,,,,
2026-09-03T11:03:40Z,5.52,5.42,71.01,13.568,3.11,7.23,0.25,1.23,,,,,,,,
2026-09-03T11:05:13Z,4.98,5.48,71.01,13.577,3.01,7.21,0.22,1.28,,,,,,,,
2026-09-03T11:06:46Z,4.5,5.61,71.01,13.623,2.76,7.22,0.23,1.18,,,,,,,,
2026-09-03T11:08:19Z,3.99,5.83,71.1,13.744,2.66,7.25,0.21,1.05,,,,,,,,
2026-09-03T11:09:52Z,3.48,6.88,71.04,14.347,2.28,7.46,0.19,0.89,,,,,,,,
2026-09-03T11:11:25Z,2.99,7.42,71.36,14.9,2.02,7.82,0.2,0.87,,,,,,,,
2026-09-03T11:12:58Z,2.47,7.57,71.17,15.065,2.04,7.96,0.15,0.82,,,,,,,,
2026-09-03T11:14:31Z,1.98,7.61,71.16,15.093,2.08,8.01,0.15,0.73,,,,,,,,
2026-09-03T11:16:04Z,1.5,7.62,71.14,15.103,2.13,8.02,0.18,0.75,,,,,,,,
2026-09-03T11:17:37Z,0.97,7.63,71.14,15.106,1.95,8.02,0.15,0.86,,,,,,,,
2026-09-03T15:02:06Z,6.07,5.37,70.99,13.521,3.24,7.28,0.19,0.93,,,,,,,,
2026-09-03T15:03:43Z,5.43,5.43,71.01,13.563,3.07,7.22,0.2,0.89,,,,,,,,
2026-09-03T15:05:16Z,4.97,5.48,71.02,13.58,3.11,7.21,0.19,0.94,,,,,,,,
2026-09-03T15:06:49Z,4.48,5.57,71.04,13.652,2.72,7.21,0.2,0.85,,,,,,,,
2026-09-03T15:08:22Z,3.98,5.76,71.07,13.944,2.64,7.24,0.16,0.82,,,,,,,,
2026-09-03T15:09:55Z,3.49,6.63,71.19,14.494,2.17,7.4,0.18,0.89,,,,,,,,
2026-09-03T15:11:28Z,2.99,7.35,71.22,14.797,2.07,7.77,0.21,0.86,,,,,,,,
2026-09-03T15:13:01Z,2.49,7.5,71.14,14.858,2.16,7.9,0.24,0.85,,,,,,,,
2026-09-03T15:14:34Z,2,7.51,71.11,14.873,2.06,7.92,0.2,0.8,,,,,,,,
2026-09-03T15:16:07Z,1.49,7.53,71.11,14.881,2.03,7.93,0.21,0.82,,,,,,,,
2026-09-03T15:17:40Z,0.96,7.55,71.1,14.866,2.1,7.94,0.17,0.74,,,,,,,,
2026-09-03T19:01:58Z,6.06,5.35,70.93,13.568,3.87,7.28,0.19,0.72,,,,,,,,
2026-09-03T19:03:31Z,5.43,5.41,71.02,13.57,3.06,7.2,0.16,0.67,,,,,,,,
2026-09-03T19:05:03Z,4.89,5.53,71.03,13.622,2.86,7.2,0.17,0.71,,,,,,,,
2026-09-03T19:06:35Z,4.4,5.63,71.03,13.688,2.81,7.2,0.21,0.85,,,,,,,,
2026-09-03T19:08:07Z,3.9,5.83,71.1,13.981,2.56,7.23,0.22,0.94,,,,,,,,
2026-09-03T19:09:39Z,3.39,7.61,71.14,14.989,1.87,7.99,0.18,0.61,,,,,,,,
2026-09-03T19:11:11Z,2.9,7.61,71.15,15.181,1.9,8,0.17,0.71,,,,,,,,
2026-09-03T19:12:43Z,2.39,7.65,71.15,15.216,1.98,8,0.17,0.73,,,,,,,,
2026-09-03T19:14:15Z,1.9,7.67,71.15,15.241,2.01,8,0.14,0.67,,,,,,,,
2026-09-03T19:15:47Z,1.4,7.67,71.15,15.242,1.85,8.01,0.17,0.69,,,,,,,,
2026-09-03T19:17:19Z,0.91,7.67,71.16,15.295,1.94,8.01,0.17,0.62,,,,,,,,
2026-09-03T23:01:58Z,6.1,5.56,70.76,13.745,3.6,7.37,0.25,1.16,,,,,,,,
2026-09-03T23:03:31Z,5.43,5.59,70.93,13.679,3.43,7.26,0.2,0.93,,,,,,,,
2026-09-03T23:05:03Z,4.9,5.68,70.99,13.708,2.97,7.24,0.18,0.85,,,,,,,,
2026-09-03T23:06:35Z,4.4,5.85,71.05,13.805,2.7,7.25,0.21,0.84,,,,,,,,
2026-09-03T23:08:07Z,3.91,6.96,71.32,14.642,2.43,7.54,0.18,0.65,,,,,,,,
2026-09-03T23:09:39Z,3.41,7.82,71.18,15.52,1.81,8.16,0.13,0.55,,,,,,,,
2026-09-03T23:11:11Z,2.91,7.85,71.24,15.64,1.85,8.2,0.18,0.59,,,,,,,,
2026-09-03T23:12:43Z,2.4,7.85,71.31,15.869,1.89,8.19,0.14,0.6,,,,,,,,
2026-09-03T23:14:15Z,1.89,7.89,71.29,15.926,1.83,8.24,0.12,0.67,,,,,,,,
2026-09-03T23:15:47Z,1.39,7.88,71.29,15.954,1.8,8.23,0.09,0.59,,,,,,,,
2026-09-03T23:17:19Z,0.92,7.89,71.29,15.99,1.88,8.25,0.13,0.56,,,,,,,,
2026-09-04T03:02:03Z,6.12,5.6,70.8,13.745,3.45,7.35,0.27,1.35,,,,,,,,
2026-09-04T03:03:37Z,5.44,5.61,70.9,13.696,3.41,7.26,0.26,1.42,,,,,,,,
2026-09-04T03:05:09Z,4.94,5.68,70.97,13.728,3.1,7.25,0.21,1.15,,,,,,,,
2026-09-04T03:06:41Z,4.44,5.7,71.02,13.768,2.83,7.24,0.2,1.09,,,,,,,,
2026-09-04T03:08:13Z,3.94,6.18,71.39,14.294,2.35,7.33,0.19,0.84,,,,,,,,
2026-09-04T03:09:45Z,3.44,7.57,71.41,15.185,1.82,7.92,0.17,0.68,,,,,,,,
2026-09-04T03:11:18Z,2.92,7.9,71.36,15.606,1.95,8.36,0.13,0.6,,,,,,,,
2026-09-04T03:12:50Z,2.44,7.95,71.32,15.82,2.11,8.29,0.13,0.64,,,,,,,,
2026-09-04T03:14:23Z,1.92,7.78,71.43,16.017,1.86,8.19,0.12,0.57,,,,,,,,
2026-09-04T03:15:55Z,1.42,7.79,71.45,16.074,1.84,8.2,0.13,0.61,,,,,,,,
2026-09-04T03:17:27Z,0.9,7.75,71.49,16.108,1.83,8.17,0.15,0.67,,,,,,,,
2026-09-04T07:02:04Z,6.11,5.99,70.99,13.921,2.83,7.38,0.21,1.09,,,,,,,,
2026-09-04T07:03:38Z,5.48,6.03,71.05,13.879,2.84,7.33,0.2,0.99,,,,,,,,
2026-09-04T07:05:11Z,4.94,6.16,71.05,13.939,2.69,7.33,0.17,0.94,,,,,,,,
2026-09-04T07:06:44Z,4.44,6.32,71.05,13.989,2.66,7.36,0.19,0.9,,,,,,,,
2026-09-04T07:08:17Z,3.95,6.39,71.04,14.018,2.58,7.37,0.17,0.85,,,,,,,,
2026-09-04T07:09:50Z,3.47,6.63,71.03,14.218,2.38,7.43,0.22,0.84,,,,,,,,
2026-09-04T07:11:23Z,2.96,7.73,71.26,15.631,1.83,8.1,0.13,0.61,,,,,,,,
2026-09-04T07:12:56Z,2.46,7.84,71.31,15.803,1.87,8.22,0.13,0.7,,,,,,,,
2026-09-04T07:14:29Z,1.98,7.88,71.28,15.831,1.83,8.23,0.16,0.8,,,,,,,,
2026-09-04T07:16:02Z,1.46,7.87,71.27,15.841,1.92,8.23,0.21,0.79,,,,,,,,
2026-09-04T07:17:35Z,0.94,7.88,71.26,15.828,1.88,8.22,0.13,0.64,,,,,,,,
2026-09-04T11:02:06Z,6.08,5.53,71.06,13.779,3.05,7.32,0.32,1.63,,,,,,,,
2026-09-04T11:03:40Z,5.5,5.62,71.13,13.826,2.88,7.26,0.24,1.27,,,,,,,,
2026-09-04T11:05:13Z,4.98,5.84,71.13,13.9,2.87,7.27,0.21,1.06,,,,,,,,
2026-09-04T11:06:46Z,4.48,5.9,71.14,13.928,2.75,7.27,0.19,1.03,,,,,,,,
2026-09-04T11:08:19Z,3.99,6.08,71.14,14.065,2.51,7.3,0.16,1.04,,,,,,,,
2026-09-04T11:09:52Z,3.49,6.77,71.22,14.563,2.23,7.45,0.16,0.87,,,,,,,,
2026-09-04T11:11:25Z,3,7.74,71.35,15.364,1.93,8.03,0.16,0.69,,,,,,,,
2026-09-04T11:12:58Z,2.49,7.76,71.23,15.465,1.77,8.11,0.19,0.58,,,,,,,,
2026-09-04T11:14:31Z,2,7.77,71.21,15.479,1.96,8.12,0.14,0.72,,,,,,,,
2026-09-04T11:16:04Z,1.47,7.77,71.21,15.484,1.75,8.13,0.1,0.64,,,,,,,,
2026-09-04T11:17:37Z,0.98,7.78,71.21,15.493,1.79,8.13,0.11,0.64,,,,,,,,
2026-09-04T15:02:06Z,6.08,5.45,71.16,13.764,3.36,7.31,0.19,1,,,,,,,,
2026-09-04T15:03:40Z,5.5,5.55,71.2,13.822,3.04,7.25,0.22,1.09,,,,,,,,
2026-09-04T15:05:13Z,4.98,5.76,71.16,13.922,2.86,7.25,0.18,0.99,,,,,,,,
2026-09-04T15:06:46Z,4.49,5.86,71.16,13.982,2.8,7.26,0.19,0.93,,,,,,,,
2026-09-04T15:08:19Z,3.99,5.99,71.16,14.172,2.58,7.29,0.19,0.9,,,,,,,,
2026-09-04T15:09:52Z,3.47,6.66,71.21,14.476,2.21,7.41,0.2,0.92,,,,,,,,
2026-09-04T15:11:25Z,2.97,7.71,71.31,15.031,1.88,7.94,0.16,0.74,,,,,,,,
2026-09-04T15:12:58Z,2.49,7.7,71.21,15.2,1.85,8.07,0.17,0.73,,,,,,,,
2026-09-04T15:14:31Z,1.98,7.75,71.18,15.22,1.86,8.11,0.14,0.73,,,,,,,,
2026-09-04T15:16:04Z,1.46,7.76,71.17,15.228,1.87,8.11,0.18,0.78,,,,,,,,
2026-09-04T15:17:37Z,0.95,7.76,71.17,15.235,1.9,8.11,0.15,0.69,,,,,,,,
2026-09-04T19:01:58Z,6.09,5.35,71.2,13.776,4.03,7.3,0.17,0.78,,,,,,,,
2026-09-04T19:03:31Z,5.4,5.55,71.23,13.865,3.18,7.24,0.19,0.82,,,,,,,,
2026-09-04T19:05:03Z,4.92,5.83,71.19,14.008,2.87,7.26,0.22,0.92,,,,,,,,
2026-09-04T19:06:35Z,4.41,5.97,71.2,14.109,2.72,7.28,0.2,0.95,,,,,,,,
2026-09-04T19:08:07Z,3.88,6.1,71.18,14.248,2.59,7.3,0.26,1.07,,,,,,,,
2026-09-04T19:09:39Z,3.43,6.87,71.15,14.695,2.18,7.47,0.19,0.92,,,,,,,,
2026-09-04T19:11:11Z,2.92,7.58,71.2,14.971,1.99,7.88,0.17,0.72,,,,,,,,
2026-09-04T19:12:43Z,2.39,7.95,71.3,15.137,1.8,8.29,0.17,0.67,,,,,,,,
2026-09-04T19:14:15Z,1.89,7.86,71.21,15.277,1.87,8.18,0.13,0.65,,,,,,,,
2026-09-04T19:15:47Z,1.38,7.94,71.19,15.441,1.84,8.23,0.13,0.56,,,,,,,,
2026-09-04T19:17:19Z,0.91,7.89,71.25,15.748,1.83,8.22,0.16,0.58,,,,,,,,
2026-09-04T23:01:59Z,6.1,5.64,71.11,13.838,3.94,7.35,0.19,0.83,,,,,,,,
2026-09-04T23:03:32Z,5.4,5.73,71.13,13.878,3.34,7.28,0.23,0.99,,,,,,,,
2026-09-04T23:05:04Z,4.91,5.88,71.16,13.979,3,7.28,0.32,1.44,,,,,,,,
2026-09-04T23:06:36Z,4.41,5.94,71.14,14.015,2.83,7.28,0.22,1.07,,,,,,,,
2026-09-04T23:08:08Z,3.9,6.1,71.16,14.125,2.67,7.3,0.16,0.99,,,,,,,,
2026-09-04T23:09:40Z,3.41,6.32,71.18,14.256,2.53,7.34,0.2,0.97,,,,,,,,
2026-09-04T23:11:12Z,2.91,8.17,71.53,15.134,1.85,8.5,0.18,0.57,,,,,,,,
2026-09-04T23:12:44Z,2.38,7.84,71.42,16.365,1.8,8.15,0.14,0.63,,,,,,,,
2026-09-04T23:14:16Z,1.9,7.84,71.39,16.48,1.8,8.17,0.14,0.68,,,,,,,,
2026-09-04T23:15:48Z,1.41,7.94,71.52,16.755,1.73,8.3,0.12,0.63,,,,,,,,
2026-09-04T23:17:20Z,0.9,7.96,71.59,16.932,1.74,8.35,0.1,0.56,,,,,,,,
2026-09-05T03:02:01Z,6.07,5.66,71.1,13.886,3.53,7.36,0.22,1.24,,,,,,,,
2026-09-05T03:03:34Z,5.46,5.62,71.16,13.883,3.73,7.27,0.28,1.48,,,,,,,,
2026-09-05T03:05:07Z,4.94,5.72,71.15,13.916,3.21,7.25,0.29,1.57,,,,,,,,
2026-09-05T03:06:39Z,4.44,5.82,71.18,13.982,2.79,7.25,0.24,1.71,,,,,,,,
2026-09-05T03:08:11Z,3.94,6.05,71.17,14.103,2.66,7.28,0.22,1.22,,,,,,,,
2026-09-05T03:09:44Z,3.42,6.3,71.19,14.266,2.39,7.33,0.2,1.2,,,,,,,,
2026-09-05T03:11:16Z,2.94,7.15,71.4,14.616,2.08,7.52,0.15,0.89,,,,,,,,
2026-09-05T03:12:49Z,2.46,7.74,71.26,15.146,1.84,7.95,0.15,0.67,,,,,,,,
2026-09-05T03:14:22Z,1.96,8.55,71.31,15.775,1.82,8.7,0.12,0.74,,,,,,,,
2026-09-05T03:15:55Z,1.44,7.84,71.4,16.446,1.77,8.13,0.11,0.65,,,,,,,,
2026-09-05T03:17:27Z,0.94,7.87,71.45,16.821,1.76,8.17,0.14,0.77,,,,,,,,
2026-09-05T07:02:04Z,6.08,6.03,71.18,14.041,2.69,7.38,0.21,1.22,,,,,,,,
2026-09-05T07:03:38Z,5.48,6.09,71.18,14.058,2.85,7.34,0.24,1.18,,,,,,,,
2026-09-05T07:05:11Z,4.94,6.04,71.21,14.037,2.77,7.31,0.24,1.28,,,,,,,,
2026-09-05T07:06:44Z,4.44,6.11,71.18,14.055,2.72,7.32,0.24,1.22,,,,,,,,
2026-09-05T07:08:17Z,3.96,6.28,71.11,14.121,2.65,7.35,0.21,1.15,,,,,,,,
2026-09-05T07:09:50Z,3.46,6.81,71.24,14.452,2.38,7.5,0.22,1.02,,,,,,,,
2026-09-05T07:11:23Z,2.96,7.37,71.18,14.832,2.07,7.72,0.18,0.93,,,,,,,,
2026-09-05T07:12:56Z,2.46,7.29,71.05,14.798,2.09,7.73,0.18,1,,,,,,,,
2026-09-05T07:14:29Z,1.97,7.63,71.2,15.044,1.87,7.91,0.14,0.76,,,,,,,,
2026-09-05T07:16:02Z,1.44,7.81,71.21,15.208,1.91,8.08,0.15,0.76,,,,,,,,
2026-09-05T07:17:35Z,0.95,8.18,71.58,15.546,2.5,8.41,0.13,0.72,,,,,,,,
2026-09-05T11:02:05Z,6.1,5.85,71.11,14.007,3.12,7.37,0.27,1.36,,,,,,,,
2026-09-05T11:03:39Z,5.49,5.86,71.23,14.017,2.81,7.31,0.27,1.28,,,,,,,,
2026-09-05T11:05:12Z,4.99,5.99,71.23,14.048,2.67,7.31,0.28,1.33,,,,,,,,
2026-09-05T11:06:45Z,4.46,6.1,71.21,14.065,2.78,7.32,0.25,1.22,,,,,,,,
2026-09-05T11:08:18Z,3.98,6.56,71.17,14.302,2.47,7.4,0.21,0.94,,,,,,,,
2026-09-05T11:09:51Z,3.48,7.4,71.15,14.865,2.08,7.74,0.17,0.85,,,,,,,,
2026-09-05T11:11:24Z,2.98,7.83,71.23,15.298,1.91,8.1,0.14,0.74,,,,,,,,
2026-09-05T11:12:57Z,2.5,7.99,71.27,15.655,1.9,8.28,0.14,0.75,,,,,,,,
2026-09-05T11:14:30Z,1.96,7.97,71.34,15.741,1.82,8.28,0.15,0.71,,,,,,,,
2026-09-05T11:16:03Z,1.48,8.02,71.39,15.812,1.71,8.34,0.17,0.79,,,,,,,,
2026-09-05T11:17:36Z,0.97,8.02,71.41,15.854,1.88,8.37,0.16,0.78,,,,,,,,
